Idcar_200m,I_est_200,Idcar_1km,I_est_1km,Idcar_nat,Groupe,Ind,Men_1ind,Men_5ind,Men_prop,Men_fmp,Ind_snv,Men_surf,Men_coll,Men_mais,Log_av45,Log_45_70,Log_70_90,Log_ap90,Log_inc,Log_soc,Ind_0_3,Ind_4_5,Ind_6_10,Ind_11_17,Ind_18_24,Ind_25_39,Ind_40_54,Ind_55_64,Ind_65_79,Ind_80p,Ind_inc,Men_pauv,Men,lcog_geo
CRS3035RES200mN2525800E3917600,1,CRS3035RES1000mN2525000E3917000,0,CRS3035RES1000mN2525000E3917000,592351,7,0.3,0.8,0.9,0.3,134852.9,174.1,1.1,0.9,1.2,0.5,0.1,0.2,0,0.2,0.6,0.4,0.5,1.1,0.5,1.4,1.1,0.6,0.8,0,0,0.3,2,"69387,69149"
CRS3035RES200mN2526000E3918000,1,CRS3035RES1000mN2526000E3918000,0,CRS3035RES1000mN2526000E3918000,593649,1,0.3,0,0.1,0,17939.8,32.2,0.4,0.1,0.1,0.4,0,0,0,0.1,0.1,0.1,0.1,0,0.1,0.5,0.1,0,0,0,0,0,0.5,69387
CRS3035RES200mN2526200E3918200,1,CRS3035RES1000mN2526000E3918000,0,CRS3035RES1000mN2526000E3918000,593649,5,1.4,0.1,0.6,0.1,89698.9,161.1,2.1,0.3,0.3,1.9,0.1,0.1,0,0.4,0.7,0.4,0.3,0.1,0.3,2.3,0.6,0,0.1,0.2,0,0.1,2.4,69387
CRS3035RES200mN2526400E3918000,1,CRS3035RES1000mN2526000E3918000,0,CRS3035RES1000mN2526000E3918000,593649,25,7.1,0.7,2.9,0.7,448494.7,805.7,10.7,1.4,1.4,9.3,0.7,0.7,0,2.1,3.6,2.2,1.4,0.7,1.4,11.4,2.9,0,0.7,0.7,0,0.7,12.1,69387
CRS3035RES200mN2526400E3918200,1,CRS3035RES1000mN2526000E3918000,0,CRS3035RES1000mN2526000E3918000,593649,1,0.3,0,0.1,0,17939.8,32.2,0.4,0.1,0.1,0.4,0,0,0,0.1,0.1,0.1,0.1,0,0.1,0.5,0.1,0,0,0,0,0,0.5,69387
CRS3035RES200mN2526400E3919200,1,CRS3035RES1000mN2526000E3919000,0,CRS3035RES1000mN2526000E3919000,593646,6,0.8,0.1,1.5,0.3,139038,197.4,2.6,0,0,0.1,1.7,0.8,0,0.7,0.3,0.1,0.2,0.4,0.6,1.3,1.3,1.1,0.6,0.1,0,0.2,2.6,69387
CRS3035RES200mN2526600E3918000,1,CRS3035RES1000mN2526000E3918000,0,CRS3035RES1000mN2526000E3918000,593649,3,0.9,0.1,0.3,0.1,53819.4,96.7,1.3,0.2,0.2,1.1,0.1,0.1,0,0.3,0.4,0.2,0.2,0.1,0.2,1.4,0.3,0,0.1,0.1,0,0.1,1.5,69387
CRS3035RES200mN2526600E3918800,0,CRS3035RES1000mN2526000E3918000,0,CRS3035RES1000mN2526000E3918000,593650,62,27,1,0,6,1098078.2,1887,40,0,40,0,0,0,0,0,1,2,1,5,5,17,16,9,4,2,0,4,40,69387
CRS3035RES200mN2526600E3919400,1,CRS3035RES1000mN2526000E3919000,0,CRS3035RES1000mN2526000E3919000,593646,2,0.3,0,0.5,0.1,46346,65.8,0.9,0,0,0,0.6,0.3,0,0.2,0.1,0,0.1,0.1,0.2,0.5,0.4,0.4,0.2,0,0,0.1,0.9,69387
CRS3035RES200mN2526800E3917600,1,CRS3035RES1000mN2526000E3917000,0,CRS3035RES1000mN2526000E3917000,593591,25,3.4,0.7,2.7,0,714102,854.7,8.1,2,2,0.7,0,7.4,0,0,2,0.7,2.7,2,0,6.1,6.1,3.4,0,2,0,0.7,10.1,69387
CRS3035RES200mN2526800E3918200,0,CRS3035RES1000mN2526000E3918000,0,CRS3035RES1000mN2526000E3918000,593651,357,57,15,31,32,6614840.6,10622,151,0,0,0,151,0,0,100,16,9.5,35.5,43,30,83,70,40,25,5,0,34,151,69387
CRS3035RES200mN2526800E3918400,0,CRS3035RES1000mN2526000E3918000,0,CRS3035RES1000mN2526000E3918000,593653,403,116,8,20,22,8764641.2,12364,219,0,61,50,0,108,0,43,16.5,15,23.5,23,37,134,59,24,32,38,1,40,219,69387
CRS3035RES200mN2526800E3918600,0,CRS3035RES1000mN2526000E3918000,0,CRS3035RES1000mN2526000E3918000,593654,679,95,41,7,46,10081568.2,15652,262,0,255,5,0,2,0,252,37,18,55,79,61,102,123,93,69,41,1,93,262,69387
CRS3035RES200mN2526800E3918800,0,CRS3035RES1000mN2526000E3918000,0,CRS3035RES1000mN2526000E3918000,593652,485,75,20,0,46,7209685,12591,205,0,205,0,0,0,0,205,32,16,30.5,47.5,36,65,86,61,70,38,3,75,205,69387
CRS3035RES200mN2526800E3919000,1,CRS3035RES1000mN2526000E3919000,0,CRS3035RES1000mN2526000E3919000,593646,245,31.2,3.7,59.6,11.9,5677385.5,8060.2,104.6,0,0,3.7,70.6,30.3,0,29.4,11,4.6,8.7,15.1,26.6,55.1,53.2,43.1,24.8,2.8,0,8.3,104.6,69387
CRS3035RES200mN2526800E3919200,1,CRS3035RES1000mN2526000E3919000,0,CRS3035RES1000mN2526000E3919000,593646,14,1.8,0.2,3.4,0.7,324422,460.6,6,0,0,0.2,4.1,1.7,0,1.7,0.6,0.3,0.5,0.9,1.5,3.1,3,2.5,1.4,0.2,0,0.5,6,69387
CRS3035RES200mN2527000E3917200,0,CRS3035RES1000mN2527000E3917000,0,CRS3035RES1000mN2527000E3917000,593599,169,36,2,38,6,4677908,5492.6,87,0,0,0,0,85,2,4,14,2,4,8,24,76,30,5,5,1,0,6,87,"69142,69382"
CRS3035RES200mN2527000E3918200,0,CRS3035RES1000mN2527000E3918000,0,CRS3035RES1000mN2527000E3918000,593685,793.5,237,13,160,30,18652741.7,26418,441,0,0,0,403,38,0,98,44,21.5,30.5,41,68.5,283,149,81,61,14,0,56,441,69387
CRS3035RES200mN2527000E3918400,0,CRS3035RES1000mN2527000E3918000,0,CRS3035RES1000mN2527000E3918000,593669,212,60,9,35,10,4371951.1,5680,111,0,31,0,0,80,0,18,9,10,10,11,25,94,31,14,4,4,0,30,111,69387
CRS3035RES200mN2527000E3918600,0,CRS3035RES1000mN2527000E3918000,0,CRS3035RES1000mN2527000E3918000,593682,696.5,183,5,158,37,16468530.1,24638,379,0,101,28,85,165,0,115,34,16.5,28,25,64,193,128,65,99,44,0,48,379,69387
CRS3035RES200mN2527000E3918800,0,CRS3035RES1000mN2527000E3918000,0,CRS3035RES1000mN2527000E3918000,593679,773.5,114,32,47,46,13560338.3,22968,323,0,1,3,265,54,0,234,54,21.5,49.5,69.5,51,165,154,70,100,32,7,70,323,69387
CRS3035RES200mN2527000E3919000,0,CRS3035RES1000mN2527000E3919000,0,CRS3035RES1000mN2527000E3919000,593660,263.5,67,3,69,7,6448833.1,8447,146,0,0,57,0,89,0,0,16,4,4.5,12,34,111,35,8,29,10,0,29,146,69387
CRS3035RES200mN2527200E3917000,1,CRS3035RES1000mN2527000E3917000,0,CRS3035RES1000mN2527000E3917000,593597,6,0.8,0.2,0.9,0.1,190318.2,266.8,2.3,0.3,0.3,0,0,2.3,0,0,0.4,0.2,0,0.4,0.6,2.1,1.3,0.6,0.3,0.1,0,0.1,2.6,"69142,69382"
CRS3035RES200mN2527200E3918000,0,CRS3035RES1000mN2527000E3918000,0,CRS3035RES1000mN2527000E3918000,593674,602,58,33,26,30,12408963.6,16263,214,0,0,0,0,214,0,171,44,20.5,53.5,73,47.5,130,115.5,47,46,24,1,35,214,69387
CRS3035RES200mN2527200E3918200,0,CRS3035RES1000mN2527000E3918000,0,CRS3035RES1000mN2527000E3918000,593675,567.5,95,18,72,50,10716911.4,16996,254,0,0,154,74,26,0,107,36,12,26,58,59.5,132,105,67,45,22,5,52,254,69387
CRS3035RES200mN2527200E3918400,0,CRS3035RES1000mN2527000E3918000,0,CRS3035RES1000mN2527000E3918000,593673,274.5,104,4,20,9,5415696,7625,167,0,12,8,0,147,0,43,23,9,8,6.5,49,109,41,21,8,0,0,49,167,69387
CRS3035RES200mN2527200E3918600,0,CRS3035RES1000mN2527000E3918000,0,CRS3035RES1000mN2527000E3918000,593671,310.5,52,9,80,9,7824538.2,10365,134,0,0,131,0,3,0,26,16.5,7,25,25,23,77,58,37,28,14,0,12,134,69387
CRS3035RES200mN2527200E3918800,0,CRS3035RES1000mN2527000E3918000,0,CRS3035RES1000mN2527000E3918000,593683,788,215,20,71,40,15566451.9,24241,391,15,23,101,177,105,0,259,40,20,35,56,61,190,162,90,88,45,1,78,406,69387
CRS3035RES200mN2527200E3919000,0,CRS3035RES1000mN2527000E3919000,0,CRS3035RES1000mN2527000E3919000,593665,789,160,23,120,38,16913239.6,23448.9,358,11,58,0,206,105,0,25,72.5,27.5,50.5,43.5,87.5,291,126,38,46,5,1.5,63,369,69387
CRS3035RES200mN2527200E3919200,0,CRS3035RES1000mN2527000E3919000,0,CRS3035RES1000mN2527000E3919000,593658,94,36,2,25,2,2425523.5,3256,58,0,52,0,6,0,0,0,3,3,2,4,6,48,14,4,6,4,0,7,58,69387
CRS3035RES200mN2527400E3917000,1,CRS3035RES1000mN2527000E3917000,0,CRS3035RES1000mN2527000E3917000,593597,4,0.6,0.1,0.6,0.1,126878.8,177.9,1.5,0.2,0.2,0,0,1.5,0,0,0.3,0.1,0,0.3,0.4,1.4,0.8,0.4,0.2,0.1,0,0.1,1.7,"69142,69382"
CRS3035RES200mN2527400E3917800,0,CRS3035RES1000mN2527000E3917000,0,CRS3035RES1000mN2527000E3917000,593601,521.5,60,25,27,27,11077562.9,15328,202,0,0,58,144,0,0,58,36,13,54.5,51,40,131,105,37,39,14,1,30,202,69387
CRS3035RES200mN2527400E3918000,0,CRS3035RES1000mN2527000E3918000,0,CRS3035RES1000mN2527000E3918000,593684,1098,130,67,47,73,19156141.1,31955,412,2,14,244,121,35,0,318,55,39.5,94.5,118,101,208,176,141,100,56,9,107,414,69387
CRS3035RES200mN2527400E3918200,0,CRS3035RES1000mN2527000E3918000,0,CRS3035RES1000mN2527000E3918000,593688,1282,209,31,272,64,30960992,41425,580,5,14,146,264,161,0,112,76.5,32,76,92.5,85,359,227,138,144,50,2,61,585,69387
CRS3035RES200mN2527400E3918400,0,CRS3035RES1000mN2527000E3918000,0,CRS3035RES1000mN2527000E3918000,593670,244,67,3,45,5,6160997.3,8335,128,3,3,32,25,71,0,0,17,2,7,13,23,91,49,26,10,6,0,14,131,69387
CRS3035RES200mN2527400E3918600,0,CRS3035RES1000mN2527000E3918000,0,CRS3035RES1000mN2527000E3918000,593672,310.5,63,2,56,6,9150127.2,10146,155,2,14,0,0,143,0,1,24.5,9,13.5,5.5,25,158,46,12,12,5,0,10,157,69387
CRS3035RES200mN2527400E3918800,0,CRS3035RES1000mN2527000E3918000,0,CRS3035RES1000mN2527000E3918000,593676,410.5,171,1,89,16,9140884.4,14994,255,8,83,62,96,22,0,5,12,4.5,16,10,48,147,64,40,49,20,0,46,263,69387
CRS3035RES200mN2527400E3919000,0,CRS3035RES1000mN2527000E3919000,0,CRS3035RES1000mN2527000E3919000,593664,558,165,13,91,30,12000009.2,18376,303,5,77,22,52,157,0,71,28,17.5,33.5,26.5,56.5,189,77,53,59,17,1,51,308,69387
CRS3035RES200mN2527400E3919200,0,CRS3035RES1000mN2527000E3919000,0,CRS3035RES1000mN2527000E3919000,593661,342.5,94,9,43,21,7157231.8,9642,182,0,48,0,0,134,0,38,23.5,9.5,21.5,23,32,151,47,19,10,6,0,32,182,69387
CRS3035RES200mN2527600E3917000,1,CRS3035RES1000mN2527000E3917000,0,CRS3035RES1000mN2527000E3917000,593597,44.5,6.2,1.5,7,0.8,1411526.7,1978.9,17,2.3,2.3,0,0,17,0,0,3.1,1.6,0,2.7,4.6,15.5,9.3,4.6,2.3,0.8,0,0.8,19.3,"69142,69382"
CRS3035RES200mN2527600E3917800,0,CRS3035RES1000mN2527000E3917000,0,CRS3035RES1000mN2527000E3917000,593598,103,22,1,8,7,2784100.7,3323,54,0,0,0,3,51,0,0,6,0.5,5.5,3,13,40,26,6,3,0,0,6,54,"69387,69382"
CRS3035RES200mN2527600E3918000,0,CRS3035RES1000mN2527000E3918000,0,CRS3035RES1000mN2527000E3918000,593677,667.5,89,15,174,20,18512570.1,23778,289,0,0,0,136,153,0,58,40.5,17,32,38,48,169,129,85,95,13,1,10,289,69387
CRS3035RES200mN2527600E3918200,0,CRS3035RES1000mN2527000E3918000,0,CRS3035RES1000mN2527000E3918000,593678,579,135,5,170,37,14471534.4,20939,302,0,0,28,195,79,0,69,29,12.5,25,38.5,31.5,140.5,101,76,86,39,0,35,302,69387
CRS3035RES200mN2527600E3918400,0,CRS3035RES1000mN2527000E3918000,0,CRS3035RES1000mN2527000E3918000,593686,968.5,232,13,127,58,21352813,29441,500,0,21,143,72,264,0,180,68.5,29,53,59,61,364,147,83,65,37,2,70,500,69387
CRS3035RES200mN2527600E3918600,0,CRS3035RES1000mN2527000E3918000,0,CRS3035RES1000mN2527000E3918000,593687,1179,192,47,93,54,27215085.5,31049,505,0,0,0,0,505,0,199,92.5,58,115,79,93.5,440,210,44,33,6,8,66,505,69387
CRS3035RES200mN2527600E3918800,0,CRS3035RES1000mN2527000E3918000,0,CRS3035RES1000mN2527000E3918000,593668,134,48,2,16,4,3010000.5,4434,81,0,16,17,0,48,0,0,7,3,4,2,20,52,14,14,11,7,0,27,81,69387
CRS3035RES200mN2527600E3919000,0,CRS3035RES1000mN2527000E3919000,0,CRS3035RES1000mN2527000E3919000,593666,1427.5,255,19,223,61,37831142,43644.8,660,0,11,1,0,647,1,108,122,47.5,86,93,78,591,265,74,55,13,3,52,660,69387
CRS3035RES200mN2527600E3919200,0,CRS3035RES1000mN2527000E3919000,0,CRS3035RES1000mN2527000E3919000,593656,29,12,1,7,0,725078.4,1276,16,2,16,0,0,2,0,1,0,0,3,1,1,8,10,2,1,3,0,3,18,69387
CRS3035RES200mN2527600E3919800,0,CRS3035RES1000mN2527000E3919000,0,CRS3035RES1000mN2527000E3919000,593659,119.5,25,3,0,16,1940362.4,3645,60,0,60,0,0,0,0,60,7.5,4,6.5,9.5,14,27,28,11,8,2,2,19,60,"69388,69387"
CRS3035RES200mN2527600E3923000,1,CRS3035RES1000mN2527000E3923000,0,CRS3035RES1000mN2527000E3923000,593785,11,3.6,0.6,1.3,0.1,326984.4,444.8,4.3,1.2,4.9,0.3,0,0.3,0,0.3,0.6,0.7,1.2,0.9,0.6,2.8,2.5,0.8,0.9,0,0,0.6,5.5,"69388,69383"
CRS3035RES200mN2527800E3917000,1,CRS3035RES1000mN2527000E3917000,0,CRS3035RES1000mN2527000E3917000,593597,3,0.4,0.1,0.5,0.1,95159.1,133.4,1.1,0.2,0.2,0,0,1.1,0,0,0.2,0.1,0,0.2,0.3,1,0.6,0.3,0.2,0.1,0,0.1,1.3,"69142,69382"
CRS3035RES200mN2527800E3918000,0,CRS3035RES1000mN2527000E3918000,0,CRS3035RES1000mN2527000E3918000,593689,1208,261,29,285,76,28385134.1,41593,589,0,0,457,132,0,0,131,79,32,84,83.5,78.5,292,226,116,158,59,0,56,589,69387
CRS3035RES200mN2527800E3918200,0,CRS3035RES1000mN2527000E3918000,0,CRS3035RES1000mN2527000E3918000,593681,739.5,139,16,89,55,16015087.4,22145,345,1,9,1,0,336,0,160,50.5,17.5,57,47.5,54,233,143,72,61,4,0,60,346,69387
CRS3035RES200mN2527800E3918400,0,CRS3035RES1000mN2527000E3918000,0,CRS3035RES1000mN2527000E3918000,593680,647,148,14,182,29,15733281.3,21980,319,7,38,193,28,67,0,42,39,11.5,31.5,40.5,51.5,196,124,65,46,41,1,37,326,69387
CRS3035RES200mN2527800E3918600,1,CRS3035RES1000mN2527000E3918000,0,CRS3035RES1000mN2527000E3918000,593667,34,14.6,0,6.8,2.9,660722.2,1054,23.3,1,24.3,0,0,0,0,14.6,1,0,0.5,0.5,2.9,12.6,8.7,3.9,2.9,1,0,3.9,24.3,69387
CRS3035RES200mN2527800E3918800,1,CRS3035RES1000mN2527000E3918000,0,CRS3035RES1000mN2527000E3918000,593667,1,0.4,0,0.2,0.1,19433,31,0.7,0,0.7,0,0,0,0,0.4,0,0,0,0,0.1,0.4,0.3,0.1,0.1,0,0,0.1,0.7,69387
CRS3035RES200mN2527800E3919000,0,CRS3035RES1000mN2527000E3919000,0,CRS3035RES1000mN2527000E3919000,593662,471.5,74,14,61,28,10914524,14327,208,0,28,0,47,133,0,78,31,16,26,48.5,36,140,88,55,23,8,0,28,208,69387
CRS3035RES200mN2527800E3919200,0,CRS3035RES1000mN2527000E3919000,0,CRS3035RES1000mN2527000E3919000,593663,571,106,19,69,30,13463756.4,17185,263,0,44,0,0,219,0,95,51,12,49.5,29.5,24,205,112,38,41,8,1,30,263,69387
CRS3035RES200mN2527800E3919400,1,CRS3035RES1000mN2527000E3919000,0,CRS3035RES1000mN2527000E3919000,593655,4.5,0.3,0,0.1,0.1,78173,111.9,1.7,0,1.7,0,0,0,0,1.5,0.5,0,0.5,0.2,0.3,1.1,0.7,1.2,0,0,0,0.5,1.7,69387
CRS3035RES200mN2527800E3919800,1,CRS3035RES1000mN2527000E3919000,0,CRS3035RES1000mN2527000E3919000,593655,29,1.7,0,0.9,0.9,503781.4,721.1,11.3,0,11.3,0,0,0,0,9.5,3.5,0,3,1.7,1.8,6.9,4.3,7.8,0,0,0,3.5,11.3,"69387,69388"
CRS3035RES200mN2527800E3920000,0,CRS3035RES1000mN2527000E3920000,0,CRS3035RES1000mN2527000E3920000,593730,583.5,155,9,89,35,10349855.3,15299.7,315,0,40,142,80,51,2,135,28,16,34,28,49.5,150,99,68,79,32,0,94,315,"69388,69387"
CRS3035RES200mN2527800E3920200,1,CRS3035RES1000mN2527000E3920000,0,CRS3035RES1000mN2527000E3920000,593713,37,14.2,0.9,3.8,0.9,764444.5,1171.7,20.9,1.9,22.8,0,0,0,0,0,0.9,0,1.9,1,8.5,13.3,7.6,2.8,1,0,0,6.6,22.8,"69388,69387"
CRS3035RES200mN2527800E3920400,1,CRS3035RES1000mN2527000E3920000,0,CRS3035RES1000mN2527000E3920000,593713,2,0.8,0.1,0.2,0.1,41321.3,63.3,1.1,0.1,1.2,0,0,0,0,0,0,0,0.1,0,0.5,0.7,0.4,0.2,0.1,0,0,0.4,1.2,"69388,69387"
CRS3035RES200mN2527800E3922600,0,CRS3035RES1000mN2527000E3922000,0,CRS3035RES200mN2527800E3922600,593856,463,143,13,43,33,8833477.6,14560,248,7,12,203,17,23,0,177,20,12,24,35,35,102,92,53,62,27,1,62,255,"69388,69383"
CRS3035RES200mN2527800E3922800,0,CRS3035RES1000mN2527000E3922000,0,CRS3035RES200mN2527800E3922800,593852,382.5,68,10,122,17,11745056.6,16080,169,11,16,131,19,13,1,0,15,7,17,33,33.5,76,78,33,57,33,0,11,180,"69383,69388"
CRS3035RES200mN2527800E3923000,1,CRS3035RES1000mN2527000E3923000,0,CRS3035RES1000mN2527000E3923000,593785,55,17.8,3,6.7,0.7,1634922.2,2223.8,21.6,5.9,24.5,1.5,0,1.5,0,1.5,3,3.7,5.9,4.5,3,14.1,12.6,3.7,4.5,0,0,3,27.5,"69383,69388"
CRS3035RES200mN2527800E3923200,1,CRS3035RES1000mN2527000E3923000,0,CRS3035RES1000mN2527000E3923000,593785,1,0.3,0.1,0.1,0,29725.9,40.4,0.4,0.1,0.5,0,0,0,0,0,0,0.1,0.1,0.1,0,0.3,0.2,0.1,0.1,0,0,0.1,0.5,"69383,69029"
CRS3035RES200mN2528000E3918000,0,CRS3035RES1000mN2528000E3918000,0,CRS3035RES200mN2528000E3918000,595413,143.5,19,2,35,6,4380292.6,4853,61,0,0,0,0,61,0,0,4,3,9.5,14,14,32,38,16,12,1,0,4,61,"69387,69382"
CRS3035RES200mN2528000E3918200,0,CRS3035RES1000mN2528000E3918000,0,CRS3035RES200mN2528000E3918200,595415,143,44,2,28,5,3730949.7,4689,84,0,5,1,38,40,0,0,7,3,1,5,22,50,19,14,19,2,1,17,84,69387
CRS3035RES200mN2528000E3918400,0,CRS3035RES1000mN2528000E3918000,0,CRS3035RES200mN2528000E3918400,595409,50,8,2,5,4,1226130.9,1607,23,0,0,0,0,23,0,5,4,2.5,4.5,5,3,15,9,1,4,2,0,2,23,69387
CRS3035RES200mN2528000E3918600,0,CRS3035RES1000mN2528000E3918000,0,CRS3035RES200mN2528000E3918600,595416,231,40,8,6,17,4517208.9,5843.9,104,0,0,1,0,102,1,46,28.5,7,18,15.5,25,94,33,7,2,1,0,20,104,69387
CRS3035RES200mN2528000E3918800,0,CRS3035RES1000mN2528000E3918000,0,CRS3035RES200mN2528000E3918800,595421,511.5,105,1,161,11,13873005.9,15573.8,260,0,0,0,0,259,1,33,49,20,19,9,39.5,308,53,8,5,0,1,24,260,69387
CRS3035RES200mN2528000E3919000,0,CRS3035RES1000mN2528000E3919000,0,CRS3035RES1000mN2528000E3919000,595451,62,18,1,0,9,1024771.7,2025,34,0,0,1,0,33,0,33,10,2,3,6,4,25,10,2,0,0,0,7,34,69387
CRS3035RES200mN2528000E3919200,0,CRS3035RES1000mN2528000E3919000,0,CRS3035RES1000mN2528000E3919000,595452,164.5,31,4,0,13,3400432.2,5279,79,0,3,28,48,0,0,0,5,3,5,11.5,22,60,33,11,13,1,0,13,79,69387
CRS3035RES200mN2528000E3919400,1,CRS3035RES1000mN2528000E3919000,0,CRS3035RES1000mN2528000E3919000,595449,22,4.9,0.9,4,0,554726,561.7,6.3,3.6,9.4,0,0,0.5,0,0,2.2,0.9,0.4,0.5,3.1,7.2,2.7,1.3,2.7,0.5,0.5,2.2,9.9,69387
CRS3035RES200mN2528000E3919600,1,CRS3035RES1000mN2528000E3919000,0,CRS3035RES1000mN2528000E3919000,595449,7,1.6,0.3,1.3,0,176503.7,178.7,2,1.1,3,0,0,0.1,0,0,0.7,0.3,0.1,0.1,1,2.3,0.9,0.4,0.9,0.1,0.2,0.7,3.1,69387
CRS3035RES200mN2528000E3919800,0,CRS3035RES1000mN2528000E3919000,0,CRS3035RES1000mN2528000E3919000,595450,45.5,7,2,4,4,713998,1276.9,18,2,18,0,0,1,1,0,4,2,5.5,1,5,13,5,5,4,1,0,8,20,69387
CRS3035RES200mN2528000E3920000,0,CRS3035RES1000mN2528000E3920000,0,CRS3035RES1000mN2528000E3920000,595497,439.5,132,9,62,20,9369056.4,13848,240,5,189,12,0,44,0,27,33,10.5,13,14,67,151,78,33,30,9,1,53,245,69387
CRS3035RES200mN2528000E3920200,0,CRS3035RES1000mN2528000E3920000,0,CRS3035RES1000mN2528000E3920000,595507,857,298,21,51,50,17167790.1,25213,478,11,57,74,10,348,0,97,56,24,43.5,49.5,124,314,121,38,46,41,0,96,489,69387
CRS3035RES200mN2528000E3920400,0,CRS3035RES1000mN2528000E3920000,0,CRS3035RES1000mN2528000E3920000,595498,510,111,10,59,19,12709250.2,15076,250,0,6,1,5,238,0,23,46,18,26.5,26.5,60,242,67,11,10,2,1,28,250,"69387,69388"
CRS3035RES200mN2528000E3920600,0,CRS3035RES1000mN2528000E3920000,0,CRS3035RES1000mN2528000E3920000,595510,1230,253,42,101,62,27557088.5,34407.2,564,0,0,0,0,563,1,219,92,49,107,90.5,129.5,444,206,54,49,7,2,109,564,"69388,69387"
CRS3035RES200mN2528000E3922200,1,CRS3035RES1000mN2528000E3922000,0,CRS3035RES1000mN2528000E3922000,595603,5,2.8,0.1,0.9,0,105279.7,169,3.6,0,3.2,0,0,0.4,0,0,0.1,0.1,0.1,0,0.8,2.6,0.6,0.4,0.2,0.1,0,0.6,3.6,"69388,69383"
CRS3035RES200mN2528000E3922400,0,CRS3035RES1000mN2528000E3922000,0,CRS3035RES1000mN2528000E3922000,595604,103,29,1,30,1,2677250.1,3859,56,0,0,56,0,0,0,0,7,3,5,1,11,40,11,7,16,2,0,6,56,"69383,69388"
CRS3035RES200mN2528000E3922800,0,CRS3035RES1000mN2528000E3922000,0,CRS3035RES1000mN2528000E3922000,595606,164,52,2,34,10,4766860.1,6731,70,22,42,39,4,7,0,16,3,4,7,12,21,40,27,25,21,4,0,15,92,69383
CRS3035RES200mN2528000E3923000,0,CRS3035RES1000mN2528000E3923000,0,CRS3035RES1000mN2528000E3923000,595588,109.5,6,5,34,1,4649915,5870,4,34,35,2,1,0,0,0,3,2,6,8.5,15,8,15,29,15,8,0,3,38,69383
CRS3035RES200mN2528000E3923200,0,CRS3035RES1000mN2528000E3923000,0,CRS3035RES1000mN2528000E3923000,595592,159,5,11,47,2,6138375.4,6277,15,38,34,17,0,1,1,0,0,5,13,26,13,6,40,16,29,11,0,2,53,69383
CRS3035RES200mN2528000E3923400,0,CRS3035RES1000mN2528000E3923000,0,CRS3035RES1000mN2528000E3923000,595586,71,12,2,22,6,2086873,2674,21,12,31,1,0,1,0,1,3,2,1,11,4,15,14,17,2,2,0,3,33,"69029,69383"
CRS3035RES200mN2528200E3917800,0,CRS3035RES1000mN2528000E3917000,0,CRS3035RES1000mN2528000E3917000,595373,122.5,46,0,3,12,2078677.3,3768,77,0,77,0,0,0,0,65,0,1,4,9.5,4,12,25,15,33,19,0,17,77,69382
CRS3035RES200mN2528200E3918000,0,CRS3035RES1000mN2528000E3918000,0,CRS3035RES200mN2528200E3918000,595412,102,30,2,0,7,1587079.7,2812,56,0,56,0,0,0,0,56,4,1,5,4,3,11,28,10,23,13,0,16,56,"69382,69387"
CRS3035RES200mN2528200E3919000,0,CRS3035RES1000mN2528000E3919000,0,CRS3035RES1000mN2528000E3919000,595453,169.5,43,2,36,3,4573459.4,5917,89,0,0,0,0,89,0,20,16,3,5.5,7,10,96,21,6,5,0,0,3,89,69387
CRS3035RES200mN2528200E3919200,0,CRS3035RES1000mN2528000E3919000,0,CRS3035RES1000mN2528000E3919000,595461,863,256,24,64,38,19309580.7,25778,470,0,139,0,25,306,0,103,67,20,43,40.5,90.5,366,133,48,49,6,0,76,470,69387
CRS3035RES200mN2528200E3919400,1,CRS3035RES1000mN2528000E3919000,0,CRS3035RES1000mN2528000E3919000,595449,14,3.1,0.6,2.6,0,353007.5,357.4,4,2.3,6,0,0,0.3,0,0,1.4,0.6,0.3,0.3,2,4.6,1.7,0.8,1.7,0.3,0.3,1.4,6.3,69387
CRS3035RES200mN2528200E3919800,0,CRS3035RES1000mN2528000E3919000,0,CRS3035RES1000mN2528000E3919000,595456,328.5,123,3,82,7,7041895.8,11546.9,200,1,87,113,0,1,0,1,18.5,5.5,13.5,6,24,139,40,27,35,20,0,34,201,69387
CRS3035RES200mN2528200E3920000,0,CRS3035RES1000mN2528000E3920000,0,CRS3035RES1000mN2528000E3920000,595509,971.5,267,16,247,38,22846789.9,33528,515,6,151,43,271,56,0,7,44,14,37.5,62,129,240,170,92,135,48,0,94,521,69387
CRS3035RES200mN2528200E3920200,1,CRS3035RES1000mN2528000E3920000,0,CRS3035RES1000mN2528000E3920000,595493,76.5,12.8,6.4,10.9,1.3,1859076.2,2345.6,29.5,0.6,7,0,5.8,17.3,0,5.8,8.3,1.3,9.3,7.7,4.5,29.4,9.6,4.5,0.6,1.3,0,3.2,30.1,69387
CRS3035RES200mN2528200E3920400,1,CRS3035RES1000mN2528000E3920000,0,CRS3035RES1000mN2528000E3920000,595493,1,0.2,0.1,0.1,0,24301.6,30.7,0.4,0,0.1,0,0.1,0.2,0,0.1,0.1,0,0.1,0.1,0.1,0.4,0.1,0.1,0,0,0,0,0.4,69387
CRS3035RES200mN2528200E3921800,0,CRS3035RES1000mN2528000E3921000,0,CRS3035RES200mN2528200E3921800,595530,911,195,18,158,36,27093676.1,31495,442,4,107,0,14,325,0,12,48,27,48,47,97,282,179,87,74,19,3,43,446,"69388,69383"
CRS3035RES200mN2528200E3922000,0,CRS3035RES1000mN2528000E3922000,0,CRS3035RES1000mN2528000E3922000,595613,291.5,103,3,65,17,7449457,10605.7,169,6,84,81,9,1,0,0,14,5,13,17.5,31,100,43,22,36,10,0,27,175,"69383,69388"
CRS3035RES200mN2528200E3922200,0,CRS3035RES1000mN2528000E3922000,0,CRS3035RES1000mN2528000E3922000,595611,340,70,4,54,14,8120538.7,10252,156,4,35,11,75,39,0,5,27,11.5,25.5,24.5,27.5,106,73,24,12,8,1,30,160,"69383,69388"
CRS3035RES200mN2528200E3922800,0,CRS3035RES1000mN2528000E3922000,0,CRS3035RES1000mN2528000E3922000,595614,341.5,90,7,87,14,9225126.2,11499,149,26,18,153,0,4,0,0,26,6,16,20,28.5,105,70,26,31,13,0,19,175,69383
CRS3035RES200mN2528200E3923000,0,CRS3035RES1000mN2528000E3923000,0,CRS3035RES1000mN2528000E3923000,595593,153.5,14,7,27,12,4705879,6072,33,26,47,1,7,4,0,27,3,4,5,22,12.5,18,26,31,21,11,0,7,59,69383
CRS3035RES200mN2528200E3923200,0,CRS3035RES1000mN2528000E3923000,0,CRS3035RES1000mN2528000E3923000,595601,391.5,73,20,34,29,8058893.7,11371.7,147,25,155,11,0,5,1,120,28.5,7.5,30.5,43,28,61,89,40,47,17,0,53,172,69383
CRS3035RES200mN2528200E3923400,0,CRS3035RES1000mN2528000E3923000,0,CRS3035RES1000mN2528000E3923000,595587,117.5,4,10,34,2,4437188.6,5058,3,34,24,7,2,4,0,0,5,2,12.5,11,15,10,25,9,25,3,0,1,37,"69383,69029"
CRS3035RES200mN2528400E3917000,1,CRS3035RES1000mN2528000E3917000,0,CRS3035RES1000mN2528000E3917000,595370,24,2.2,1.5,8,0,1111922.6,1459.6,6.5,2.2,2.2,0,0,6.5,0,0,0.7,0,1.5,0.7,2.2,5.1,2.9,2.9,7.3,0.7,0,0.7,8.7,"69142,69382"
CRS3035RES200mN2528400E3917400,0,CRS3035RES1000mN2528000E3917000,0,CRS3035RES1000mN2528000E3917000,595379,1069,135,32,92,48,29878944.2,32503,443,0,0,0,0,443,0,147,92,37.5,72.5,77.5,71.5,355,216,78,61,8,0,47,443,69382
CRS3035RES200mN2528400E3917600,0,CRS3035RES1000mN2528000E3917000,0,CRS3035RES1000mN2528000E3917000,595374,277,76,2,66,17,7698469.5,10197,151,0,34,62,0,55,0,0,20,4.5,7,14,23.5,76,47,30,38,16,1,11,151,69382
CRS3035RES200mN2528400E3917800,0,CRS3035RES1000mN2528000E3917000,0,CRS3035RES1000mN2528000E3917000,595381,904,335,11,94,57,19225712.1,31075.6,549,1,361,54,34,101,0,249,32,17.5,34,39.5,77,245,184,89,128,57,1,101,550,69382
CRS3035RES200mN2528400E3918000,0,CRS3035RES1000mN2528000E3918000,0,CRS3035RES200mN2528400E3918000,595423,662,166,18,84,41,14080661.9,22483,341,2,112,50,93,88,0,87,24.5,10,23,53.5,61,162,112,72,104,40,0,59,343,69382
CRS3035RES200mN2528400E3918600,0,CRS3035RES1000mN2528000E3918000,0,CRS3035RES200mN2528400E3918600,595418,265,89,0,68,7,7669037.6,9625,155,0,0,0,0,155,0,0,17,6,3.5,7.5,22,94,50,27,32,5,1,10,155,69387
CRS3035RES200mN2528400E3918800,0,CRS3035RES1000mN2528000E3918000,0,CRS3035RES200mN2528400E3918800,595426,1111,259,20,112,59,27200031.7,32778,568,0,16,0,0,552,0,119,98,36,54,55,83,508,161,59,51,6,0,83,568,69387
CRS3035RES200mN2528400E3919000,0,CRS3035RES1000mN2528000E3919000,0,CRS3035RES1000mN2528000E3919000,595457,789,170,23,53,35,17064248.9,21966,378,0,40,0,0,338,0,186,56.5,38.5,44.5,55.5,68,306,124,55,33,7,1,58,378,69387
CRS3035RES200mN2528400E3919200,1,CRS3035RES1000mN2528000E3919000,0,CRS3035RES1000mN2528000E3919000,595449,6,1.3,0.2,1.1,0,151288.9,153.2,1.7,1,2.6,0,0,0.1,0,0,0.6,0.3,0.1,0.1,0.9,2,0.7,0.4,0.7,0.1,0.1,0.6,2.7,69387
CRS3035RES200mN2528400E3919600,0,CRS3035RES1000mN2528000E3919000,0,CRS3035RES1000mN2528000E3919000,595458,745,194,19,117,27,17811536.9,23643,378,4,140,0,39,203,0,57,45,18.5,41.5,52,66,260,143,58,44,17,0,59,382,69387
CRS3035RES200mN2528400E3919800,0,CRS3035RES1000mN2528000E3919000,0,CRS3035RES1000mN2528000E3919000,595467,1287,243,31,129,46,30017225.8,39363,602,1,24,82,0,497,0,154,96,44,71.5,67,113.5,523,196,73,66,26,11,82,603,69387
CRS3035RES200mN2528400E3920000,0,CRS3035RES1000mN2528000E3920000,0,CRS3035RES1000mN2528000E3920000,595512,1411.5,316,52,129,86,30225269.2,40472,674,0,111,0,158,405,0,216,113,58,100,101.5,92,413,222,102,95,113,2,107,674,69387
CRS3035RES200mN2528400E3920400,1,CRS3035RES1000mN2528000E3920000,0,CRS3035RES1000mN2528000E3920000,595493,42,7,3.5,6,0.7,1020669.3,1287.8,16.2,0.3,3.9,0,3.1,9.5,0,3.2,4.6,0.7,5.1,4.2,2.4,16.2,5.3,2.5,0.3,0.7,0,1.8,16.5,69387
CRS3035RES200mN2528400E3920600,0,CRS3035RES1000mN2528000E3920000,0,CRS3035RES1000mN2528000E3920000,595495,489,71,21,3,53,8227924.7,13889,205,0,0,101,22,82,0,172,26,16,37.5,63.5,41,78,99,52,57,18,1,46,205,"69387,69388"
CRS3035RES200mN2528400E3921400,0,CRS3035RES1000mN2528000E3921000,0,CRS3035RES200mN2528400E3921400,595515,259.5,71,3,56,17,7806123,10145,141,4,82,0,40,23,0,0,4,4,7.5,17,26,58,57,30,38,18,0,15,145,"69388,69383"
CRS3035RES200mN2528400E3921600,0,CRS3035RES1000mN2528000E3921000,0,CRS3035RES200mN2528400E3921600,595514,262.5,72,2,64,9,7933179,10406,140,4,49,13,82,0,0,0,13,3,10,10,22.5,68,41,29,44,22,0,18,144,"69388,69383"
CRS3035RES200mN2528400E3921800,0,CRS3035RES1000mN2528000E3921000,0,CRS3035RES200mN2528400E3921800,595532,897.5,218,17,252,36,27585185.3,35628,457,11,55,203,49,161,0,0,29,12.5,35,58,71,235,182,90,109,75,1,32,468,"69383,69388"
CRS3035RES200mN2528400E3922000,0,CRS3035RES1000mN2528000E3922000,0,CRS3035RES1000mN2528000E3922000,595605,148.5,44,2,43,6,3571663.5,5614,84,0,3,71,10,0,0,11,5,4,5.5,7,6,42,20,25,21,13,0,15,84,69383
CRS3035RES200mN2528400E3922200,0,CRS3035RES1000mN2528000E3922000,0,CRS3035RES1000mN2528000E3922000,595623,714,239,13,167,21,19304785.3,26352,380,32,84,41,145,142,0,10,22,9.5,28.5,43.5,89.5,209,131,80,79,22,0,62,412,69383
CRS3035RES200mN2528400E3922400,0,CRS3035RES1000mN2528000E3922000,0,CRS3035RES1000mN2528000E3922000,595615,363,102,9,43,24,9034383.1,12527.3,159,31,120,7,23,40,0,29,9,7,15.5,40.5,61,85,75,36,22,12,0,35,190,69383
CRS3035RES200mN2528400E3922600,0,CRS3035RES1000mN2528000E3922000,0,CRS3035RES1000mN2528000E3922000,595616,399,98,14,79,24,10288974.7,13499,168,33,106,35,12,48,0,42,14,4.5,23,30.5,61,89,88,34,41,13,1,38,201,69383
CRS3035RES200mN2528400E3922800,0,CRS3035RES1000mN2528000E3922000,0,CRS3035RES1000mN2528000E3922000,595609,326,55,4,84,19,9581004.8,12647,123,32,76,39,0,40,0,5,15,3,17,24,40,67,71,30,45,14,0,14,155,69383
CRS3035RES200mN2528400E3923000,0,CRS3035RES1000mN2528000E3923000,0,CRS3035RES1000mN2528000E3923000,595597,207,39,5,59,10,6738790.8,9108,57,43,54,32,2,12,0,1,8,2,7,14,29,43,34,31,31,8,0,10,100,69383
CRS3035RES200mN2528400E3923200,0,CRS3035RES1000mN2528000E3923000,0,CRS3035RES1000mN2528000E3923000,595595,196,25,8,54,7,7302517.4,8208,33,51,62,14,3,5,0,0,7,1,13,13,16,36,32,25,42,11,0,6,84,69383
CRS3035RES200mN2528400E3923400,0,CRS3035RES1000mN2528000E3923000,0,CRS3035RES1000mN2528000E3923000,595591,94,17,1,31,0,3263910.3,3707,27,17,19,21,0,4,0,0,2,3,3,6,7,20,17,11,18,7,0,3,44,69383
CRS3035RES200mN2528400E3923600,0,CRS3035RES1000mN2528000E3923000,0,CRS3035RES1000mN2528000E3923000,595596,139,67,2,5,7,3188436.9,4536,88,3,2,0,66,23,0,4,7,1,6,4,12,38,31,26,14,0,0,8,91,"69029,69383"
CRS3035RES200mN2528600E3917400,0,CRS3035RES1000mN2528000E3917000,0,CRS3035RES1000mN2528000E3917000,595376,454.5,74,16,63,14,13123412.6,13396,199,0,0,0,0,199,0,27,33.5,19,36.5,29,28.5,174,100,26,7,0,1,12,199,69382
CRS3035RES200mN2528600E3917600,0,CRS3035RES1000mN2528000E3917000,0,CRS3035RES1000mN2528000E3917000,595377,479,75,17,79,38,10407672,12887,203,0,0,0,0,203,0,82,35,17,44.5,52.5,31,152,89,35,17,2,4,27,203,69382
CRS3035RES200mN2528600E3917800,0,CRS3035RES1000mN2528000E3917000,0,CRS3035RES1000mN2528000E3917000,595378,513.5,150,13,53,31,12765841.2,17753.7,276,3,144,40,20,74,1,18,28.5,16,34.5,33,41.5,144,103,43,52,17,1,37,279,69382
CRS3035RES200mN2528600E3918000,0,CRS3035RES1000mN2528000E3918000,0,CRS3035RES200mN2528600E3918000,595425,1029,218,20,241,53,27112064.1,36349.6,506,1,79,69,111,248,0,57,56,17.5,46.5,72,77,237,186,121,147,69,0,59,507,69382
CRS3035RES200mN2528600E3918200,0,CRS3035RES1000mN2528000E3918000,0,CRS3035RES200mN2528600E3918200,595417,209.5,118,2,32,10,4421679.6,7033,150,0,70,18,41,21,0,61,7,2,7,11.5,16,58,30,27,32,19,0,31,150,"69382,69387"
CRS3035RES200mN2528600E3918600,0,CRS3035RES1000mN2528000E3918000,0,CRS3035RES200mN2528600E3918600,595422,480.5,154,10,58,20,11175639.8,16275,270,0,69,61,4,136,0,87,12,16,22.5,33.5,56.5,172,91,42,25,10,0,51,270,69387
CRS3035RES200mN2528600E3918800,0,CRS3035RES1000mN2528000E3918000,0,CRS3035RES200mN2528600E3918800,595410,50,16,2,12,2,1153768.8,1869,28,0,27,1,0,0,0,0,2,0,1,2,7,15,13,4,2,4,0,4,28,69387
CRS3035RES200mN2528600E3919000,0,CRS3035RES1000mN2528000E3919000,0,CRS3035RES1000mN2528000E3919000,595454,203.5,61,3,32,2,4828841.7,6706,115,0,58,49,0,8,0,0,6,4,8.5,9,24,85,30,14,17,6,0,22,115,69387
CRS3035RES200mN2528600E3919200,0,CRS3035RES1000mN2528000E3919000,0,CRS3035RES1000mN2528000E3919000,595455,465,73,13,97,19,11608914.1,16267,195,0,23,172,0,0,0,26,23.5,9.5,37,40,48,94,91,43,44,34,1,22,195,69387
CRS3035RES200mN2528600E3919400,0,CRS3035RES1000mN2528000E3919000,0,CRS3035RES1000mN2528000E3919000,595459,800,178,19,201,26,22285687.7,30369.7,394,6,118,230,19,33,0,57,52,19,35,45,54,238,132,70,86,69,0,37,400,69387
CRS3035RES200mN2528600E3919600,0,CRS3035RES1000mN2528000E3919000,0,CRS3035RES1000mN2528000E3919000,595463,1069.5,195,22,164,49,28374288.2,34171.9,497,1,25,92,83,298,0,77,84.5,41,64.5,59,70.5,380,187,69,81,29,4,46,498,69387
CRS3035RES200mN2528600E3919800,0,CRS3035RES1000mN2528000E3919000,0,CRS3035RES1000mN2528000E3919000,595460,861,234,20,177,41,20356655.2,27750.9,459,1,58,89,0,312,1,77,47.5,20.5,44,46,84,300,146,64,54,55,0,63,460,69387
CRS3035RES200mN2528600E3920000,0,CRS3035RES1000mN2528000E3920000,0,CRS3035RES1000mN2528000E3920000,595501,579.5,108,11,170,23,14996071.8,20118,282,0,0,79,132,71,0,0,30,14,30.5,27.5,51.5,193,78,64,60,31,0,22,282,69387
CRS3035RES200mN2528600E3920400,0,CRS3035RES1000mN2528000E3920000,0,CRS3035RES1000mN2528000E3920000,595499,634,88,24,74,39,15301221.9,18370,258,0,66,0,119,73,0,56,48.5,26,53.5,68,43,168,131,48,39,9,0,14,258,69387
CRS3035RES200mN2528600E3920600,0,CRS3035RES1000mN2528000E3920000,0,CRS3035RES1000mN2528000E3920000,595496,413.5,126,5,54,21,10040930,12464,228,1,7,13,62,147,0,89,23,11.5,17.5,27.5,70,155,63,17,20,9,0,54,229,"69387,69388"
CRS3035RES200mN2528600E3921200,0,CRS3035RES1000mN2528000E3921000,0,CRS3035RES200mN2528600E3921200,595517,370,73,8,101,6,12217601,14371,176,0,0,0,102,74,0,0,17,6.5,18.5,28,27,93,65,41,52,22,0,13,176,"69388,69383"
CRS3035RES200mN2528600E3921400,0,CRS3035RES1000mN2528000E3921000,0,CRS3035RES200mN2528600E3921400,595521,450,119,7,133,22,12719303.9,17004,244,2,22,112,70,42,0,0,16,10.5,16.5,23,35,138,69,43,62,37,0,15,246,"69383,69388"
CRS3035RES200mN2528600E3921600,0,CRS3035RES1000mN2528000E3921000,0,CRS3035RES200mN2528600E3921600,595518,342.5,88,3,114,10,10601877.3,14808.4,183,5,17,31,107,33,0,0,6,3,15.5,20,18,92,56,37,62,32,1,12,188,69383
CRS3035RES200mN2528600E3921800,0,CRS3035RES1000mN2528000E3921000,0,CRS3035RES200mN2528600E3921800,595524,735.5,129,22,132,38,18455784.8,25910,329,1,1,146,109,74,0,138,23,18,58,71,47.5,140,142,74,102,59,1,53,330,69383
CRS3035RES200mN2528600E3922000,1,CRS3035RES1000mN2528000E3922000,0,CRS3035RES1000mN2528000E3922000,595603,69,39.2,0.9,13.1,0,1452859.5,2332,49.4,0,43.8,0,0,5.6,0,0,1.9,1.9,1.9,0,11.2,35.4,7.4,4.6,2.8,1.9,0,8.4,49.4,69383
CRS3035RES200mN2528600E3922200,0,CRS3035RES1000mN2528000E3922000,0,CRS3035RES1000mN2528000E3922000,595607,251,57,3,63,10,7128773.9,8398,101,23,84,2,1,37,0,19,13.5,5,19,10.5,20,73,62,19,18,11,0,11,124,69383
CRS3035RES200mN2528600E3922400,0,CRS3035RES1000mN2528000E3922000,0,CRS3035RES1000mN2528000E3922000,595622,585.5,216,8,130,20,14741187.2,20325,339,13,177,43,27,105,0,13,22,8.5,27.5,30.5,69,201,100,50,57,20,0,50,352,69383
CRS3035RES200mN2528600E3922600,0,CRS3035RES1000mN2528000E3922000,0,CRS3035RES1000mN2528000E3922000,595619,523,91,16,142,27,16161778.6,19744,203,37,59,6,98,77,0,4,19,11.5,30.5,31,67,96,111,53,67,37,0,20,240,69383
CRS3035RES200mN2528600E3922800,0,CRS3035RES1000mN2528000E3922000,0,CRS3035RES1000mN2528000E3922000,595608,280.5,61,12,60,6,8956123.2,10022.7,94,36,55,42,0,32,1,0,16,3.5,16.5,22,38.5,48,58,29,32,17,0,12,130,69383
CRS3035RES200mN2528600E3923000,0,CRS3035RES1000mN2528000E3923000,0,CRS3035RES1000mN2528000E3923000,595599,362,32,8,106,9,13257929,14237,81,61,39,29,38,36,0,0,13.5,5.5,22,34,31,53,71,44,57,31,0,5,142,69383
CRS3035RES200mN2528600E3923200,0,CRS3035RES1000mN2528000E3923000,0,CRS3035RES1000mN2528000E3923000,595594,141.5,18,5,39,2,5108575.6,5406,30,29,24,29,6,0,0,0,5,4,10,6.5,10,22,22,30,26,6,0,3,59,69383
CRS3035RES200mN2528600E3923400,1,CRS3035RES1000mN2528000E3923000,0,CRS3035RES1000mN2528000E3923000,595585,11,0.9,0.7,2.6,0.1,427720.6,478.8,0.8,3.1,1.4,1.3,0.1,1.1,0,0,0,0,1.2,1.1,1.4,1.4,1.7,2.8,1.4,0,0,0,3.9,69383
CRS3035RES200mN2528600E3923600,1,CRS3035RES1000mN2528000E3923000,0,CRS3035RES1000mN2528000E3923000,595585,63,5.2,3.8,15,0.8,2449672.8,2742,4.5,18,8.2,7.5,0.8,6,0,0,0,0,6.7,6,8.2,8.2,9.8,15.8,8.3,0,0,0,22.5,"69383,69029"
CRS3035RES200mN2528800E3914600,0,CRS3035RES1000mN2528000E3914000,0,CRS3035RES1000mN2528000E3914000,595274,261,45,7,95,11,7415342.7,10672,105,16,4,63,51,3,0,0,11,8,8,23,14,41,49,21,50,36,0,6,121,"69202,69385"
CRS3035RES200mN2528800E3914800,0,CRS3035RES1000mN2528000E3914000,0,CRS3035RES1000mN2528000E3914000,595270,135.5,19,4,36,4,3932406.9,5361.8,21,36,24,15,4,12,2,1,6,4.5,8,10,11,25,16,27,21,5,2,3,57,"69385,69202"
CRS3035RES200mN2528800E3915000,0,CRS3035RES1000mN2528000E3915000,0,CRS3035RES1000mN2528000E3915000,595242,78,3,7,20,0,2621971.8,2925,0,25,7,4,7,7,0,2,2,1,5,8,13,4,14,10,19,2,0,2,25,"69202,69385"
CRS3035RES200mN2528800E3917200,0,CRS3035RES1000mN2528000E3917000,0,CRS3035RES1000mN2528000E3917000,595371,56,9,0,18,0,1885371.7,2820,27,0,5,0,0,22,0,0,5,0,1,2,3,8,10,6,20,1,0,1,27,"69142,69382"
CRS3035RES200mN2528800E3917600,0,CRS3035RES1000mN2528000E3917000,0,CRS3035RES1000mN2528000E3917000,595375,342,70,7,95,10,10202769.5,11677,164,0,0,0,0,164,0,20,31,15,23,10,12,149,49,24,22,7,0,15,164,69382
CRS3035RES200mN2528800E3917800,0,CRS3035RES1000mN2528000E3917000,0,CRS3035RES1000mN2528000E3917000,595380,944.5,208,28,140,51,22579622.9,30300,450,3,152,40,6,255,0,106,46.5,32.5,60,76.5,99,274,168,88,73,26,1,74,453,69382
CRS3035RES200mN2528800E3918000,0,CRS3035RES1000mN2528000E3918000,0,CRS3035RES200mN2528800E3918000,595420,449.5,138,12,89,10,11357023.1,15653,248,0,146,6,47,49,0,0,23,7,22,14.5,53,144,73,40,41,25,7,39,248,69382
CRS3035RES200mN2528800E3918200,0,CRS3035RES1000mN2528000E3918000,0,CRS3035RES200mN2528800E3918200,595419,323.5,98,9,17,18,7005003.8,9597,179,0,24,0,0,155,0,84,18,3,22,20.5,44,135,39,12,25,4,1,52,179,69382
CRS3035RES200mN2528800E3918400,0,CRS3035RES1000mN2528000E3918000,0,CRS3035RES200mN2528800E3918400,595411,53.5,26,0,7,5,1069442,2108,37,0,37,0,0,0,0,0,1.5,1,0,4,16,13,10,3,4,1,0,8,37,"69382,69387"
CRS3035RES200mN2528800E3918600,0,CRS3035RES1000mN2528000E3918000,0,CRS3035RES200mN2528800E3918600,595414,164.5,30,6,44,6,5089312,6638,73,0,27,33,0,13,0,0,5,1,8.5,17,27,19,36,12,28,11,0,9,73,"69387,69382"
CRS3035RES200mN2528800E3918800,0,CRS3035RES1000mN2528000E3918000,0,CRS3035RES200mN2528800E3918800,595424,708.5,227,12,147,28,18992044.3,27691.8,407,2,235,112,20,41,1,21,33,9,24.5,29.5,86.5,222,128,59,74,42,1,65,409,69387
CRS3035RES200mN2528800E3919000,0,CRS3035RES1000mN2528000E3919000,0,CRS3035RES1000mN2528000E3919000,595462,814,297,17,119,34,18830112.1,27483,479,3,310,86,18,68,0,68,32,18,32.5,45,90.5,301,139,55,75,25,1,110,482,69387
CRS3035RES200mN2528800E3919200,0,CRS3035RES1000mN2528000E3919000,0,CRS3035RES1000mN2528000E3919000,595466,1021,309,10,206,36,27261320.3,35598,573,1,285,166,4,119,0,29,61,20,30.5,39.5,89,405,158,85,88,44,1,87,574,69387
CRS3035RES200mN2528800E3919400,0,CRS3035RES1000mN2528000E3919000,0,CRS3035RES1000mN2528000E3919000,595468,1016.5,402,8,218,31,25869474.5,39466.9,643,1,479,38,21,106,0,6,37.5,10.5,30.5,29.5,78.5,407,176,80,89,76,2,77,644,69387
CRS3035RES200mN2528800E3919600,0,CRS3035RES1000mN2528000E3919000,0,CRS3035RES1000mN2528000E3919000,595465,967,359,22,161,38,21557529.6,31334.7,569,1,140,223,83,123,1,157,54,16,61,48,90.5,269,149,73,121,84,1.5,114,570,69387
CRS3035RES200mN2528800E3919800,0,CRS3035RES1000mN2528000E3919000,0,CRS3035RES1000mN2528000E3919000,595464,1065,263,17,304,40,29640029,39324.1,553,2,51,78,167,254,5,30,65,21,40,57.5,77.5,294,185,117,158,50,0,55,555,69387
CRS3035RES200mN2528800E3920000,0,CRS3035RES1000mN2528000E3920000,0,CRS3035RES1000mN2528000E3920000,595508,956.5,250,13,193,25,26029809,32362,498,0,4,0,215,279,0,18,65,21,44,51.5,84,344,149,58,90,50,0,64,498,69387
CRS3035RES200mN2528800E3920200,0,CRS3035RES1000mN2528000E3920000,0,CRS3035RES1000mN2528000E3920000,595500,469,140,9,63,23,11087425.3,15800,258,3,52,1,122,86,0,51,23.5,8,16,30.5,42,148,96,44,49,11,1,47,261,69387
CRS3035RES200mN2528800E3920400,0,CRS3035RES1000mN2528000E3920000,0,CRS3035RES1000mN2528000E3920000,595511,1175.5,320,16,275,30,31916096.7,40753,637,1,78,13,286,261,0,25,54,26,44.5,52,120,366,203,107,166,37,0,93,638,69387
CRS3035RES200mN2528800E3920600,0,CRS3035RES1000mN2528000E3920000,0,CRS3035RES1000mN2528000E3920000,595505,959.5,202,31,181,53,22926667.2,35100,465,1,39,70,293,64,0,125,55,28,59.5,73,72,240,159,93,127,50,3,68,466,"69387,69388"
CRS3035RES200mN2528800E3920800,0,CRS3035RES1000mN2528000E3920000,0,CRS3035RES1000mN2528000E3920000,595494,121.5,41,3,23,3,3233862.6,4603,65,2,20,6,38,3,0,0,5,3,6.5,6,14,37,22,15,9,4,0,6,67,"69388,69387,69383"
CRS3035RES200mN2528800E3921000,0,CRS3035RES1000mN2528000E3921000,0,CRS3035RES200mN2528800E3921000,595516,276,105,5,48,7,7234407.1,9705,159,5,37,64,0,63,0,0,11,6,7,19,49,96,39,19,13,17,0,27,164,"69383,69388"
CRS3035RES200mN2528800E3921200,0,CRS3035RES1000mN2528000E3921000,0,CRS3035RES200mN2528800E3921200,595533,1005.5,201,22,236,24,31964763,35267,468,11,48,0,9,422,0,0,38.5,14,53.5,76.5,101,263,223,108,93,35,0,43,479,"69383,69388"
CRS3035RES200mN2528800E3921400,0,CRS3035RES1000mN2528000E3921000,0,CRS3035RES200mN2528800E3921400,595536,1101,224,15,306,31,36418501,41854,543,3,13,31,77,425,0,0,53,14,47.5,74.5,81,301,222,117,143,47,1,35,546,69383
CRS3035RES200mN2528800E3921600,0,CRS3035RES1000mN2528000E3921000,0,CRS3035RES200mN2528800E3921600,595528,839,186,8,281,25,27411822.8,33714,430,6,4,101,250,81,0,0,41.5,16.5,32.5,30,47.5,193,125,94,193,66,0,20,436,69383
CRS3035RES200mN2528800E3921800,0,CRS3035RES1000mN2528000E3921000,0,CRS3035RES200mN2528800E3921800,595529,919.5,175,18,216,45,26610886.3,31913,439,6,54,75,169,147,0,55,43,17.5,55.5,59.5,77,274,158,103,102,30,0,39,445,69383
CRS3035RES200mN2528800E3922000,0,CRS3035RES1000mN2528000E3922000,0,CRS3035RES1000mN2528000E3922000,595617,417,85,9,54,39,8248911.7,13010,198,4,4,111,0,87,0,81,25.5,10,30,30,33.5,102,92,34,42,18,0,50,202,69383
CRS3035RES200mN2528800E3922200,0,CRS3035RES1000mN2528000E3922000,0,CRS3035RES1000mN2528000E3922000,595610,298,68,3,87,15,8615406.2,11558,141,15,31,33,0,92,0,0,20,6,13,16,23,82,61,32,31,14,0,20,156,69383
CRS3035RES200mN2528800E3922400,0,CRS3035RES1000mN2528000E3922000,0,CRS3035RES1000mN2528000E3922000,595612,328.5,65,5,60,12,10455966.7,13400.7,127,34,72,71,10,8,0,7,16,11,8,25.5,23,78,57,35,44,31,0,8,161,69383
CRS3035RES200mN2528800E3922600,0,CRS3035RES1000mN2528000E3922000,0,CRS3035RES1000mN2528000E3922000,595620,580,126,10,106,34,17066331,20861.3,264,30,105,39,16,133,1,20,30,9.5,26.5,49,46,175,110,53,52,28,1,28,294,69383
CRS3035RES200mN2528800E3922800,0,CRS3035RES1000mN2528000E3922000,0,CRS3035RES1000mN2528000E3922000,595621,565.5,152,14,131,26,16598182.5,20217,285,12,65,80,27,124,1,3,27.5,13,30,46,41,147,120,49,54,37,1,23,297,69383
CRS3035RES200mN2528800E3923000,0,CRS3035RES1000mN2528000E3923000,0,CRS3035RES1000mN2528000E3923000,595602,386,93,10,102,12,12391790.8,15086,171,23,55,1,87,51,0,8,14,4,20,23.5,37.5,92,69,44,53,29,0,12,194,69383
CRS3035RES200mN2528800E3923200,0,CRS3035RES1000mN2528000E3923000,0,CRS3035RES1000mN2528000E3923000,595600,344,71,11,51,22,8844043.1,12869,114,47,141,16,1,3,0,96,13,12,25,25,21,54,59,48,59,28,0,33,161,69383
CRS3035RES200mN2528800E3923400,0,CRS3035RES1000mN2528000E3923000,0,CRS3035RES1000mN2528000E3923000,595598,301,50,11,41,10,8076349.3,10849,87,41,118,2,2,6,0,87,14,5,22.5,30.5,22,34,62,47,42,20,2,20,128,69383
CRS3035RES200mN2528800E3923600,0,CRS3035RES1000mN2528000E3923000,0,CRS3035RES1000mN2528000E3923000,595590,125,4,4,39,3,4929249.9,5535,6,37,26,3,4,10,0,0,5,3,10.5,9,12.5,16,23,21,24,1,0,2,43,"69383,69029"
CRS3035RES200mN2529000E3914400,0,CRS3035RES1000mN2529000E3914000,0,CRS3035RES1000mN2529000E3914000,595281,44.5,2,1,14,0,1578974.2,1833,0,16,0,14,2,0,0,0,1,1,2.5,3,6,3,7,11,7,3,0,1,16,"69202,69385,69089"
CRS3035RES200mN2529000E3914600,0,CRS3035RES1000mN2529000E3914000,0,CRS3035RES1000mN2529000E3914000,595289,113,12,3,41,3,4333807.1,4978,2,42,16,14,4,10,0,0,3,3,6,13,9,11,24,17,16,11,0,4,44,"69385,69202"
CRS3035RES200mN2529000E3914800,0,CRS3035RES1000mN2529000E3914000,0,CRS3035RES1000mN2529000E3914000,595292,143,11,10,44,4,4699821.7,5654,0,52,5,25,6,16,0,0,6,5,13.5,12.5,12,11,25,18,23,15,2,1,52,69385
CRS3035RES200mN2529000E3915000,0,CRS3035RES1000mN2529000E3915000,0,CRS3035RES1000mN2529000E3915000,595313,287,27,10,87,9,9239236.5,10935,46,63,12,13,41,43,0,0,12,5,26.5,30.5,25,39,70,28,40,11,0,3,109,"69385,69202"
CRS3035RES200mN2529000E3915200,0,CRS3035RES1000mN2529000E3915000,0,CRS3035RES1000mN2529000E3915000,595316,280.5,39,6,50,15,6248604.4,9007,115,6,7,81,1,32,0,45,25,5,15.5,23.5,13,63.5,46,38,32,16,3,15,121,"69385,69202"
CRS3035RES200mN2529000E3915400,0,CRS3035RES1000mN2529000E3915000,0,CRS3035RES1000mN2529000E3915000,595321,324,58,10,86,18,8235889.9,10458,134,11,12,125,5,3,0,1,18,9,24,30,24,69,64,36,34,16,0,4,145,"69202,69385"
CRS3035RES200mN2529000E3916800,0,CRS3035RES1000mN2529000E3916000,0,CRS3035RES200mN2529000E3916800,595386,230.5,40,9,54,11,6323566.2,9172,97,5,12,21,32,37,0,38,23,12,13,9.5,16,46,38,26,35,12,0,14,102,"69202,69385"
CRS3035RES200mN2529000E3917000,0,CRS3035RES1000mN2529000E3917000,0,CRS3035RES1000mN2529000E3917000,595364,250.5,56,6,64,11,8863770.4,10535,122,5,6,42,2,77,0,17,9,5,9,23.5,16,60,60,23,32,12,1,8,127,"69202,69385,69142"
CRS3035RES200mN2529000E3917200,0,CRS3035RES1000mN2529000E3917000,0,CRS3035RES1000mN2529000E3917000,595354,101.5,30,3,35,2,3392053.8,5016.4,50,6,31,1,24,0,0,0,3,2,2.5,5,7,18,20,19,18,7,0,2,56,"69142,69385,69202"
CRS3035RES200mN2529000E3917400,1,CRS3035RES1000mN2529000E3917000,0,CRS3035RES1000mN2529000E3917000,595346,2,0.2,0,0.7,0.1,71137.4,107.1,0.9,0.1,0.2,0,0,0.8,0,0,0,0,0.1,0.1,0.1,0.2,0.4,0.2,0.8,0.1,0,0.1,1,"69142,69382,69385"
CRS3035RES200mN2529000E3917600,0,CRS3035RES1000mN2529000E3917000,0,CRS3035RES1000mN2529000E3917000,595369,621,57,20,14,23,16789805.3,20512,228,0,44,0,184,0,0,0,31,18,48,84,50,120,209,48,9,4,0,12,228,"69382,69385,69142"
CRS3035RES200mN2529000E3917800,0,CRS3035RES1000mN2529000E3917000,0,CRS3035RES1000mN2529000E3917000,595363,224,60,5,25,17,5262200.7,8024,121,1,11,62,0,49,0,70,11,2,14.5,15,12.5,66,29,24,39,11,0,21,122,69382
CRS3035RES200mN2529000E3918000,1,CRS3035RES1000mN2529000E3918000,0,CRS3035RES1000mN2529000E3918000,595427,8,0.9,0.6,1.7,0.2,243621.4,364.1,3,0,3,0,0,0,0,0,0.2,0.2,0.4,0.9,1.3,1.1,1.5,0.9,1.1,0.4,0,0.4,3,69382
CRS3035RES200mN2529000E3918200,0,CRS3035RES1000mN2529000E3918000,0,CRS3035RES1000mN2529000E3918000,595428,25,21,0,0,1,477621.5,859,23,0,23,0,0,0,0,0,0,0,1,0,8,11,3,0,1,1,0,10,23,69382
CRS3035RES200mN2529000E3918400,0,CRS3035RES1000mN2529000E3918000,0,CRS3035RES1000mN2529000E3918000,595433,218,70,3,35,18,4843601.2,7949,125,0,54,23,0,48,0,28,10,5,13.5,12.5,26,60,38,22,19,12,0,33,125,69382
CRS3035RES200mN2529000E3918800,0,CRS3035RES1000mN2529000E3918000,0,CRS3035RES1000mN2529000E3918000,595438,485,100,12,93,11,15160586.1,19463,231,0,167,0,52,12,0,0,25.5,9.5,19,36,50,133,84,48,50,29,1,28,231,69387
CRS3035RES200mN2529000E3919000,0,CRS3035RES1000mN2529000E3919000,0,CRS3035RES200mN2529000E3919000,595474,486.5,145,8,72,20,12618056.7,17155,269,0,123,6,47,93,0,47,13,10,28,27.5,66,164,88,38,33,19,0,37,269,69387
CRS3035RES200mN2529000E3919200,0,CRS3035RES1000mN2529000E3919000,0,CRS3035RES200mN2529000E3919200,595477,679.5,248,6,101,22,16865120.9,25203,415,0,193,154,9,59,0,18,23,17,20,26.5,65,270,113,48,58,37,2,68,415,69387
CRS3035RES200mN2529000E3919400,0,CRS3035RES1000mN2529000E3919000,0,CRS3035RES200mN2529000E3919400,595480,924.5,281,16,153,40,23925999.7,32299.7,516,5,203,25,80,213,0,31,53,22,39,39.5,84,365,145,72,76,29,0,97,521,69387
CRS3035RES200mN2529000E3919600,0,CRS3035RES1000mN2529000E3919000,0,CRS3035RES200mN2529000E3919600,595491,1088,416,15,251,28,29327933.9,40640.9,668,3,419,23,177,51,1,3,46,16,29.5,44.5,96,412,162,90,126,66,0,90,671,69387
CRS3035RES200mN2529000E3919800,0,CRS3035RES1000mN2529000E3919000,0,CRS3035RES200mN2529000E3919800,595481,930.5,287,13,217,34,23557282.7,32197.5,523,3,249,19,199,56,3,19,50,17,37,49,87.5,330,158,71,104,27,0,82,526,69387
CRS3035RES200mN2529000E3920000,0,CRS3035RES1000mN2529000E3920000,0,CRS3035RES1000mN2529000E3920000,595568,813.5,171,19,139,30,21121796.4,27433.5,398,3,62,77,57,180,25,64,49,21.5,47.5,48.5,47,294,138,52,77,32,7,52,401,69387
CRS3035RES200mN2529000E3920200,0,CRS3035RES1000mN2529000E3920000,0,CRS3035RES1000mN2529000E3920000,595571,1047,228,39,144,32,24987046.4,32265.4,490,6,108,44,41,286,17,83,75,27.5,61,74,102.5,355,180,73,73,26,0,73,496,69387
CRS3035RES200mN2529000E3920400,0,CRS3035RES1000mN2529000E3920000,0,CRS3035RES1000mN2529000E3920000,595578,1144.5,358,15,183,50,27842904.2,36258,645,0,86,43,233,283,0,76,66.5,22,59.5,49.5,105,475,186,91,64,25,1,89,645,"69387,69383"
CRS3035RES200mN2529000E3920600,0,CRS3035RES1000mN2529000E3920000,0,CRS3035RES1000mN2529000E3920000,595570,1155,178,55,128,65,27542932.2,37386,484,0,68,36,134,246,0,192,76.5,41,107.5,109.5,99.5,343,224,73,62,19,0,67,484,"69387,69383"
CRS3035RES200mN2529000E3920800,0,CRS3035RES1000mN2529000E3920000,0,CRS3035RES1000mN2529000E3920000,595564,382,52,11,59,22,9457696.9,11589,165,0,0,0,37,128,0,36,37,11.5,18,23.5,33,135,68,26,24,5,1,18,165,"69383,69387,69388"
CRS3035RES200mN2529000E3921000,0,CRS3035RES1000mN2529000E3921000,0,CRS3035RES1000mN2529000E3921000,595542,597,106,32,0,54,9545159.5,16863,257,0,0,180,77,0,0,257,37,20,55,62,42,109,107,66,64,33,2,70,257,69383
CRS3035RES200mN2529000E3921200,0,CRS3035RES1000mN2529000E3921000,0,CRS3035RES1000mN2529000E3921000,595546,649.5,201,15,115,24,16602139.9,21460,331,22,123,85,39,106,0,84,23,11.5,30.5,48.5,74,178,124,62,62,36,0,79,353,69383
CRS3035RES200mN2529000E3921400,0,CRS3035RES1000mN2529000E3921000,0,CRS3035RES1000mN2529000E3921000,595549,931,140,26,214,56,25551980.4,29706,403,2,33,12,209,151,0,72,55.5,34,66,64.5,89,245,198,108,54,17,0,43,405,69383
CRS3035RES200mN2529000E3921600,0,CRS3035RES1000mN2529000E3921000,0,CRS3035RES1000mN2529000E3921000,595541,482.5,82,8,102,18,15346555.2,16080,219,5,25,37,0,162,0,2,27.5,11,27,42,36,163,101,31,36,8,0,10,224,69383
CRS3035RES200mN2529000E3921800,0,CRS3035RES1000mN2529000E3921000,0,CRS3035RES1000mN2529000E3921000,595545,628.5,146,11,101,33,16872455.9,21443,299,22,118,28,27,148,0,50,42.5,17.5,37.5,25,62,223,100,55,44,20,2,32,321,69383
CRS3035RES200mN2529000E3922000,0,CRS3035RES1000mN2529000E3922000,0,CRS3035RES200mN2529000E3922000,595671,1301.5,257,41,112,89,25929863.3,36854,600,4,145,68,290,101,0,254,71,52.5,83.5,125,133.5,383,261,99,64,25,4,109,604,69383
CRS3035RES200mN2529000E3922200,0,CRS3035RES1000mN2529000E3922000,0,CRS3035RES200mN2529000E3922200,595652,416.5,66,13,134,17,11492749.7,14568,171,17,33,100,29,26,0,4,23,12,19,34.5,30,84,88,47,52,27,0,10,188,69383
CRS3035RES200mN2529000E3922400,0,CRS3035RES1000mN2529000E3922000,0,CRS3035RES200mN2529000E3922400,595649,293,42,13,58,10,8841300.3,9847,73,43,28,6,23,59,0,11,13,9,17.5,28.5,39,65,53,33,28,7,0,8,116,69383
CRS3035RES200mN2529000E3922600,0,CRS3035RES1000mN2529000E3922000,0,CRS3035RES200mN2529000E3922600,595651,365.5,61,14,111,9,11774491.1,13297,118,42,56,51,17,36,0,0,15,12,19,30.5,37,67,72,34,47,31,1,11,160,69383
CRS3035RES200mN2529000E3922800,0,CRS3035RES1000mN2529000E3922000,0,CRS3035RES200mN2529000E3922800,595653,428,64,14,98,22,12777095.6,16396,140,49,108,9,34,38,0,35,23,7.5,22.5,47.5,24.5,68,101,50,62,20,2,19,189,69383
CRS3035RES200mN2529000E3923000,0,CRS3035RES1000mN2529000E3923000,0,CRS3035RES1000mN2529000E3923000,595634,489,101,14,93,16,14772261.6,17683,204,24,61,29,45,93,0,18,28.5,16,29,40.5,37,116,103,49,45,25,0,20,228,69383
CRS3035RES200mN2529000E3923200,0,CRS3035RES1000mN2529000E3923000,0,CRS3035RES1000mN2529000E3923000,595635,507.5,99,15,133,17,15744704.8,19548.7,193,48,110,26,36,69,0,10,10,6,37,37.5,51,75,126,56,62,47,0,25,241,69383
CRS3035RES200mN2529000E3923400,0,CRS3035RES1000mN2529000E3923000,0,CRS3035RES1000mN2529000E3923000,595631,386.5,82,10,100,12,12415411.2,15384,150,39,36,40,37,76,0,0,22,7,16,24.5,34,92,77,43,45,26,0,13,189,69383
CRS3035RES200mN2529000E3923600,0,CRS3035RES1000mN2529000E3923000,0,CRS3035RES1000mN2529000E3923000,595630,337.5,53,10,83,15,10242303.7,12792,99,47,70,32,23,21,0,10,13,7,26,35.5,36,58,78,24,39,21,0,19,146,"69383,69029"
CRS3035RES200mN2529000E3923800,0,CRS3035RES1000mN2529000E3923000,0,CRS3035RES1000mN2529000E3923000,595626,80,34,0,27,4,1709556.4,2961,49,5,30,24,0,0,0,0,1,0,0,2.5,5.5,26,8,15,16,6,0,6,54,"69029,69383,69266"
CRS3035RES200mN2529200E3914200,0,CRS3035RES1000mN2529000E3914000,0,CRS3035RES1000mN2529000E3914000,595287,96,3,7,29,1,3426542.2,4461.5,1,29,5,8,4,12,1,0,7,4,15,8,4,10,21,8,14,5,0,0,30,"69089,69385"
CRS3035RES200mN2529200E3914400,0,CRS3035RES1000mN2529000E3914000,0,CRS3035RES1000mN2529000E3914000,595283,70,5,4,16,1,2632784.5,3655,4,19,8,3,2,10,0,0,4,3,7.5,4.5,6,13,16,10,4,2,0,1,23,"69385,69202,69089"
CRS3035RES200mN2529200E3914600,0,CRS3035RES1000mN2529000E3914000,0,CRS3035RES1000mN2529000E3914000,595290,132.5,5,8,42,2,4764719.4,5796,6,42,15,6,20,7,0,0,4,3,8,8.5,13,11,26,18,30,11,0,2,48,69385
CRS3035RES200mN2529200E3914800,0,CRS3035RES1000mN2529000E3914000,0,CRS3035RES1000mN2529000E3914000,595291,134.5,8,8,42,2,4895903.8,5939,3,46,8,12,12,17,0,0,5,2,11,15.5,12,12,26,13,28,10,0,2,49,69385
CRS3035RES200mN2529200E3915000,0,CRS3035RES1000mN2529000E3915000,0,CRS3035RES1000mN2529000E3915000,595323,463,77,9,79,38,10110042.6,15816,181,28,5,201,3,0,0,117,19,10.5,22,51.5,39,56,96,54,66,46,3,31,209,69385
CRS3035RES200mN2529200E3915200,0,CRS3035RES1000mN2529000E3915000,0,CRS3035RES1000mN2529000E3915000,595307,98,24,1,36,7,2193565.2,3294,48,2,4,44,0,2,0,0,4,3,3.5,5.5,10,23,19,11,6,13,0,5,50,69385
CRS3035RES200mN2529200E3915400,0,CRS3035RES1000mN2529000E3915000,0,CRS3035RES1000mN2529000E3915000,595325,675.5,108,29,74,54,12149589.9,20275,274,9,4,212,60,7,0,161,49.5,26,62.5,58.5,49,127,112,85,73,32,1,66,283,"69385,69202"
CRS3035RES200mN2529200E3915600,0,CRS3035RES1000mN2529000E3915000,0,CRS3035RES1000mN2529000E3915000,595309,161.5,31,6,58,6,5069074.3,6795,62,10,11,0,18,43,0,0,3,0,6.5,14,23,18,30,24,20,23,0,4,72,"69202,69385"
CRS3035RES200mN2529200E3915800,1,CRS3035RES1000mN2529000E3915000,0,CRS3035RES1000mN2529000E3915000,595303,15,1.5,0.3,4.5,0.6,566857.1,1003.4,0.9,5.6,1.8,1.5,0.3,2.9,0,0,0.6,0,1.5,0.4,0.3,2.1,3.5,2.4,3.6,0,0.6,0.3,6.5,"69202,69385"
CRS3035RES200mN2529200E3916600,0,CRS3035RES1000mN2529000E3916000,0,CRS3035RES200mN2529200E3916600,595392,303.5,60,4,67,12,10296432.2,12619.4,131,21,17,55,3,76,1,0,9.5,4.5,13.5,22,25,61,61,33,50,24,0,8,152,"69202,69385"
CRS3035RES200mN2529200E3916800,0,CRS3035RES1000mN2529000E3916000,0,CRS3035RES200mN2529200E3916800,595402,528,75,12,134,38,15689779,19280,215,16,0,41,41,149,0,37,26,17,34.5,41.5,45,99,109,47,68,41,0,25,231,"69202,69385"
CRS3035RES200mN2529200E3917000,0,CRS3035RES1000mN2529000E3917000,0,CRS3035RES1000mN2529000E3917000,595366,306.5,70,7,68,9,11725139.4,14813.8,150,5,3,0,91,61,0,2,6,3.5,21.5,24,22.5,39,87,33,54,16,0,14,155,"69385,69202"
CRS3035RES200mN2529200E3917200,0,CRS3035RES1000mN2529000E3917000,0,CRS3035RES1000mN2529000E3917000,595347,60,5,2,17,0,2354331.8,2784,13,8,12,5,4,0,0,0,2,0,3,6,5,11,9,12,6,6,0,0,21,"69385,69142"
CRS3035RES200mN2529200E3917400,0,CRS3035RES1000mN2529000E3917000,0,CRS3035RES1000mN2529000E3917000,595356,157.5,36,2,39,10,4939737.9,6753,69,11,50,0,1,29,0,7,6,2.5,7.5,12,14.5,45,39,16,11,4,0,10,80,"69385,69142"
CRS3035RES200mN2529200E3917600,0,CRS3035RES1000mN2529000E3917000,0,CRS3035RES1000mN2529000E3917000,595358,144,44,2,43,6,3790962,5831,84,1,37,28,0,20,0,0,7,4,1.5,2,21,42.5,24,16,17,9,0,11,85,"69385,69382"
CRS3035RES200mN2529200E3917800,0,CRS3035RES1000mN2529000E3917000,0,CRS3035RES1000mN2529000E3917000,595360,174,58,4,27,10,3460848.8,5812,99,0,99,0,0,0,0,40,9,4,9.5,10.5,15,51,30,18,19,7,1,23,99,"69382,69385"
CRS3035RES200mN2529200E3918000,0,CRS3035RES1000mN2529000E3918000,0,CRS3035RES1000mN2529000E3918000,595430,217.5,41,12,49,4,5999124.8,8262.6,89,1,89,1,0,0,0,0,12,7.5,13,22,29,31,42,26,21,13,1,10,90,69382
CRS3035RES200mN2529200E3918200,0,CRS3035RES1000mN2529000E3918000,0,CRS3035RES1000mN2529000E3918000,595434,242.5,66,8,43,7,7245745.6,9401,129,0,101,0,28,0,0,0,9,7,13,11,22.5,65,39,27,33,14,2,19,129,69382
CRS3035RES200mN2529200E3918400,0,CRS3035RES1000mN2529000E3918000,0,CRS3035RES1000mN2529000E3918000,595443,772.5,184,22,153,29,22184050,32757,393,0,364,10,19,0,0,38,20.5,9,37.5,50.5,78,172,136,81,132,56,0,51,393,69382
CRS3035RES200mN2529200E3918600,0,CRS3035RES1000mN2529000E3918000,0,CRS3035RES1000mN2529000E3918000,595439,495,115,16,60,17,13689368.3,20435,238,0,220,5,12,1,0,52,20,9,35,32,42,115,103,53,56,26,4,31,238,"69382,69387"
CRS3035RES200mN2529200E3919000,0,CRS3035RES1000mN2529000E3919000,0,CRS3035RES200mN2529200E3919000,595472,137.5,43,0,6,5,3490388.9,4756,77,0,77,0,0,0,0,0,8,4,6.5,7,11,57,31,7,5,1,0,9,77,69387
CRS3035RES200mN2529200E3919200,0,CRS3035RES1000mN2529000E3919000,0,CRS3035RES200mN2529200E3919200,595473,187,93,2,14,11,3724358.7,6384,131,0,90,18,0,23,0,54,7,5,5,2,17,77,40,10,15,9,0,39,131,69387
CRS3035RES200mN2529200E3919400,0,CRS3035RES1000mN2529000E3919000,0,CRS3035RES200mN2529200E3919400,595476,668,245,14,91,15,13364119,19292,386,4,283,75,21,11,0,30,51.5,14.5,31,27,61,322,84,36,22,19,0,102,390,69387
CRS3035RES200mN2529200E3919600,0,CRS3035RES1000mN2529000E3919000,0,CRS3035RES200mN2529200E3919600,595485,1034.5,345,19,177,32,25443173.9,34700.6,595,3,483,22,1,89,3,58,51,16.5,40.5,36.5,109,447,158,69,82,24,1,114,598,69387
CRS3035RES200mN2529200E3919800,0,CRS3035RES1000mN2529000E3919000,0,CRS3035RES200mN2529200E3919800,595479,839.5,235,10,166,22,23552126.8,29836,455,4,295,33,28,103,0,18,43,13.5,39.5,42.5,61,328,153,67,62,30,0,57,459,69387
CRS3035RES200mN2529200E3920000,0,CRS3035RES1000mN2529000E3920000,0,CRS3035RES1000mN2529000E3920000,595573,1002,297,17,250,32,29381803.6,39116,549,4,162,31,89,271,0,1,44,16.5,51.5,56,76,339,179,84,101,55,0,60,553,"69387,69383"
CRS3035RES200mN2529200E3920200,0,CRS3035RES1000mN2529000E3920000,0,CRS3035RES1000mN2529000E3920000,595574,1026.5,285,17,285,35,30421452.5,41116,557,1,134,82,302,40,0,12,32.5,17,44.5,56,94.5,294,195,99,122,72,0,55,558,"69387,69383"
CRS3035RES200mN2529200E3920400,0,CRS3035RES1000mN2529000E3920000,0,CRS3035RES1000mN2529000E3920000,595581,1101,394,9,232,43,29552898.9,40456,667,1,143,29,124,372,0,6,62,20,38.5,31,104.5,453,179,85,81,46,1,92,668,"69383,69387"
CRS3035RES200mN2529200E3920600,0,CRS3035RES1000mN2529000E3920000,0,CRS3035RES1000mN2529000E3920000,595569,826,168,8,112,33,26468123.3,28286,418,0,0,0,0,418,0,31,63,21.5,48.5,32,41,380,132,62,39,7,0,21,418,69383
CRS3035RES200mN2529200E3920800,1,CRS3035RES1000mN2529000E3920000,0,CRS3035RES1000mN2529000E3920000,595562,1,0.2,0,0.1,0,26455.8,28.2,0.5,0,0.4,0,0,0.1,0,0,0.1,0,0,0,0.2,0.3,0.3,0.1,0,0,0,0.1,0.5,69383
CRS3035RES200mN2529200E3921200,0,CRS3035RES1000mN2529000E3921000,0,CRS3035RES1000mN2529000E3921000,595559,1132.5,296,28,157,54,25746748,34758,583,3,162,25,0,399,0,214,56.5,34.5,72,70.5,100,338,232,90,98,40,1,108,586,69383
CRS3035RES200mN2529200E3921400,0,CRS3035RES1000mN2529000E3921000,0,CRS3035RES1000mN2529000E3921000,595551,865.5,196,27,177,37,23886303.8,27950,423,1,118,0,86,220,0,63,33.5,13.5,56,67,84.5,211,173,128,79,19,1,58,424,69383
CRS3035RES200mN2529200E3921600,0,CRS3035RES1000mN2529000E3921000,0,CRS3035RES1000mN2529000E3921000,595557,1007.5,327,22,159,41,24599753.3,33116.7,551,5,63,12,203,278,0,88,56.5,18,49,65,90,267,179,88,99,95,1,74,556,69383
CRS3035RES200mN2529200E3921800,0,CRS3035RES1000mN2529000E3921000,0,CRS3035RES1000mN2529000E3921000,595544,651.5,126,14,144,18,18075339.5,22064,276,30,90,40,49,127,0,18,28,10,40,47.5,56,192,136,69,50,23,0,26,306,69383
CRS3035RES200mN2529200E3922000,0,CRS3035RES1000mN2529000E3922000,0,CRS3035RES200mN2529200E3922000,595650,278,44,6,92,13,8708834.5,10906,93,35,55,19,24,30,0,0,15,4,14,13,30,65,50,30,38,19,0,12,128,69383
CRS3035RES200mN2529200E3922200,0,CRS3035RES1000mN2529000E3922000,0,CRS3035RES200mN2529200E3922200,595647,223,43,8,44,9,6197649,8105,77,25,34,5,1,62,0,17,10,5.5,10,20.5,24,52,43,23,26,8,1,5,102,69383
CRS3035RES200mN2529200E3922400,0,CRS3035RES1000mN2529000E3922000,0,CRS3035RES200mN2529200E3922400,595648,258,51,13,40,12,6207215,8280,92,20,73,0,3,36,0,31,11,5,20,24,28,65,51,29,16,9,0,16,112,69383
CRS3035RES200mN2529200E3922600,0,CRS3035RES1000mN2529000E3922000,0,CRS3035RES200mN2529200E3922600,595654,479.5,81,19,74,22,12924170.3,15079,191,16,46,0,1,160,0,47,30,16,27,42.5,44,133,108,44,26,8,1,24,207,69383
CRS3035RES200mN2529200E3922800,0,CRS3035RES1000mN2529000E3922000,0,CRS3035RES200mN2529200E3922800,595657,584.5,123,13,127,38,15252626,21013,265,18,104,13,52,114,0,77,41,11.5,23,44,60,143,95,67,74,26,0,42,283,"69383,69266"
CRS3035RES200mN2529200E3923000,0,CRS3035RES1000mN2529000E3923000,0,CRS3035RES1000mN2529000E3923000,595636,674,144,19,101,51,16929347.3,21826,294,25,124,40,1,154,0,41,50,15.5,51,59.5,58,169,145,59,53,14,0,55,319,"69383,69266"
CRS3035RES200mN2529200E3923200,0,CRS3035RES1000mN2529000E3923000,0,CRS3035RES1000mN2529000E3923000,595638,766,157,23,136,31,18832668.8,24747,349,12,82,19,35,225,0,52,44,20,52.5,65.5,61,205,152,56,72,27,11,46,361,"69383,69266"
CRS3035RES200mN2529200E3923400,0,CRS3035RES1000mN2529000E3923000,0,CRS3035RES1000mN2529000E3923000,595642,1006,227,29,204,39,25594474.3,34622,480,8,99,14,180,195,0,121,53,20.5,66,72.5,79,200,198,101,143,72,1,72,488,"69383,69266"
CRS3035RES200mN2529200E3923600,0,CRS3035RES1000mN2529000E3923000,0,CRS3035RES1000mN2529000E3923000,595628,209,33,5,35,12,4987186.6,7055,82,10,20,2,14,56,0,26,11,11,20.5,12.5,14,58,40,13,17,12,0,12,92,"69266,69383"
CRS3035RES200mN2529200E3923800,0,CRS3035RES1000mN2529000E3923000,0,CRS3035RES1000mN2529000E3923000,595627,152.5,22,1,22,9,3591068.9,5069,67,5,5,0,0,67,0,14,19,1.5,5.5,8.5,21,59,20,6,12,0,0,13,72,"69266,69383"
CRS3035RES200mN2529400E3914000,1,CRS3035RES1000mN2529000E3914000,0,CRS3035RES1000mN2529000E3914000,595279,31,3.9,2.3,7,1.6,958326.2,1275.7,3.9,7.7,3.1,0.8,1.5,6.2,0,0,0.8,0.8,3.1,3.1,2.3,4.6,7,2.3,3.9,3.1,0,0.8,11.6,"69089,69385"
CRS3035RES200mN2529400E3914200,0,CRS3035RES1000mN2529000E3914000,0,CRS3035RES1000mN2529000E3914000,595286,84,7,3,26,1,3370975.7,4002,2,27,0,9,4,16,0,0,1,2,6,11.5,13.5,7,20,20,1,2,0,2,29,"69385,69089"
CRS3035RES200mN2529400E3914400,0,CRS3035RES1000mN2529000E3914000,0,CRS3035RES1000mN2529000E3914000,595288,104,10,4,33,4,4215379.4,5034,8,32,8,0,8,24,0,0,3,0,8,12,12,9,34,18,6,2,0,0,40,69385
CRS3035RES200mN2529400E3914600,0,CRS3035RES1000mN2529000E3914000,0,CRS3035RES1000mN2529000E3914000,595284,64,5,1,18,1,2085793.9,2830.8,1,23,2,3,1,17,1,0,4,3,6,4.5,3.5,12,11,8,11,1,0,0,24,69385
CRS3035RES200mN2529400E3914800,0,CRS3035RES1000mN2529000E3914000,0,CRS3035RES1000mN2529000E3914000,595297,376,60,14,128,19,9968000.1,12604,140,24,11,141,8,4,0,3,18,9.5,33,28.5,26,65,85,39,43,28,1,12,164,69385
CRS3035RES200mN2529400E3915000,0,CRS3035RES1000mN2529000E3915000,0,CRS3035RES1000mN2529000E3915000,595319,293.5,62,8,85,17,6631665.7,9866,137,4,2,83,29,27,0,6,12,10,14,23,26.5,71,63,25,31,14,4,13,141,69385
CRS3035RES200mN2529400E3915200,0,CRS3035RES1000mN2529000E3915000,0,CRS3035RES1000mN2529000E3915000,595312,250,36,11,12,17,5420109.5,7017,95,4,2,48,1,48,0,63,22.5,9,25,33.5,12,56,51,19,19,3,0,16,99,69385
CRS3035RES200mN2529400E3915400,0,CRS3035RES1000mN2529000E3915000,0,CRS3035RES1000mN2529000E3915000,595305,87,10,2,11,9,2362655.2,2614,31,5,5,0,0,31,0,6,3,2,9.5,12,6.5,14,28,9,2,1,0,6,36,69385
CRS3035RES200mN2529400E3915600,0,CRS3035RES1000mN2529000E3915000,0,CRS3035RES1000mN2529000E3915000,595310,169,29,3,54,11,4613474.3,7012,57,21,16,55,3,4,0,0,10.5,4,7.5,10.5,17.5,28,36,32,16,7,0,8,78,69385
CRS3035RES200mN2529400E3915800,0,CRS3035RES1000mN2529000E3915000,0,CRS3035RES1000mN2529000E3915000,595306,107.5,10,8,28,3,3978129.5,4040,17,20,28,5,3,1,0,0,6,4,9.5,17,5,16,21,13,11,5,0,5,37,"69385,69202"
CRS3035RES200mN2529400E3916000,0,CRS3035RES1000mN2529000E3916000,0,CRS3035RES200mN2529400E3916000,595398,394.5,73,8,82,40,8792823.7,13129,187,2,2,79,18,90,0,46,27,13.5,28.5,20.5,29,98,76,41,41,17,3,16,189,"69385,69202"
CRS3035RES200mN2529400E3916200,0,CRS3035RES1000mN2529000E3916000,0,CRS3035RES200mN2529400E3916200,595407,846,162,24,234,63,17794480.8,25275,393,4,1,289,55,52,0,22,39,23,58.5,81,56.5,201,177,87,97,25,1,52,397,"69202,69385"
CRS3035RES200mN2529400E3916400,0,CRS3035RES1000mN2529000E3916000,0,CRS3035RES200mN2529400E3916400,595384,120.5,11,5,41,3,4363416.2,5491,2,48,42,5,2,1,0,0,3,1,3,13.5,11,9,23,20,30,7,0,3,50,"69202,69385"
CRS3035RES200mN2529400E3916600,0,CRS3035RES1000mN2529000E3916000,0,CRS3035RES200mN2529400E3916600,595389,295,45,4,95,13,10361251.9,12357,108,25,16,36,2,79,0,0,14,7,9,25,26,39,68,47,42,18,0,3,133,"69385,69202"
CRS3035RES200mN2529400E3916800,0,CRS3035RES1000mN2529000E3916000,0,CRS3035RES200mN2529400E3916800,595393,345.5,73,10,120,15,9090374.1,12155,145,18,7,155,1,0,0,0,18,10,16.5,34,18,74,61,46,50,17,1,14,163,69385
CRS3035RES200mN2529400E3917000,0,CRS3035RES1000mN2529000E3917000,0,CRS3035RES1000mN2529000E3917000,595357,156,32,1,51,5,5406151.2,7268.5,69,13,0,9,72,1,0,0,4,1,6,8,9,25,30,18,42,13,0,3,82,69385
CRS3035RES200mN2529400E3917200,0,CRS3035RES1000mN2529000E3917000,0,CRS3035RES1000mN2529000E3917000,595351,91,14,2,34,6,3430839.2,4664,43,3,3,33,0,10,0,0,1,2,3,5,8,10,13,15,28,6,0,1,46,69385
CRS3035RES200mN2529400E3917400,0,CRS3035RES1000mN2529000E3917000,0,CRS3035RES1000mN2529000E3917000,595365,284.5,67,6,92,11,9795473.8,12655,128,17,37,0,108,0,0,0,10,3,16.5,16,22,56,39,41,53,26,2,10,145,69385
CRS3035RES200mN2529400E3917600,0,CRS3035RES1000mN2529000E3917000,0,CRS3035RES1000mN2529000E3917000,595348,57,15,1,15,2,1749744.4,3059,25,5,5,0,25,0,0,0,5,2,1,0,5,20,3,6,12,3,0,4,30,69385
CRS3035RES200mN2529400E3917800,0,CRS3035RES1000mN2529000E3917000,0,CRS3035RES1000mN2529000E3917000,595353,122,23,5,0,10,1891487,4009,53,0,0,0,53,0,0,53,4,3,13,15,5,22,30,16,13,0,1,12,53,"69385,69382"
CRS3035RES200mN2529400E3918000,0,CRS3035RES1000mN2529000E3918000,0,CRS3035RES1000mN2529000E3918000,595435,349,58,13,55,12,12070714.8,15200,149,0,103,9,19,18,0,0,14.5,6.5,17.5,26.5,46,84,60,40,34,20,0,14,149,"69382,69385"
CRS3035RES200mN2529400E3918200,0,CRS3035RES1000mN2529000E3918000,0,CRS3035RES1000mN2529000E3918000,595445,918,256,19,207,24,29508814.8,40318,485,0,348,18,72,47,0,4,35,21,40,55,93,247,162,85,108,71,1,51,485,69382
CRS3035RES200mN2529400E3918400,0,CRS3035RES1000mN2529000E3918000,0,CRS3035RES1000mN2529000E3918000,595447,1254.5,253,42,260,46,39757150.2,52504.6,587,1,582,6,0,0,0,0,55,22,64,97.5,142,271,230,125,164,84,0,53,588,69382
CRS3035RES200mN2529400E3918600,0,CRS3035RES1000mN2529000E3918000,0,CRS3035RES1000mN2529000E3918000,595448,1157.5,303,27,192,45,34091887.5,43540.2,599,2,595,0,0,6,0,37,60,26,55,66.5,117,356,216,98,122,41,0,97,601,69382
CRS3035RES200mN2529400E3918800,1,CRS3035RES1000mN2529000E3918000,0,CRS3035RES1000mN2529000E3918000,595427,29,3.1,2.4,6.3,0.8,883127.7,1319.9,11,0,11,0,0,0,0,0,0.8,0.8,1.6,3.1,4.7,3.9,5.5,3.1,3.9,1.6,0,1.6,11,"69382,69387"
CRS3035RES200mN2529400E3919000,0,CRS3035RES1000mN2529000E3919000,0,CRS3035RES200mN2529400E3919000,595470,39,8,1,12,0,1535167.4,2189,18,0,17,0,0,1,0,1,1,1,3,5,1,6,9,5,3,5,0,2,18,"69387,69382"
CRS3035RES200mN2529400E3919200,0,CRS3035RES1000mN2529000E3919000,0,CRS3035RES200mN2529400E3919200,595490,1086,405,16,182,35,28627656.9,41317.9,653,2,522,10,39,84,0,120,39,19,34,47,112,407,179,122,98,29,0,123,655,69387
CRS3035RES200mN2529400E3919400,0,CRS3035RES1000mN2529000E3919000,0,CRS3035RES200mN2529400E3919400,595489,1195,354,21,195,46,28301808.5,38863.8,648,2,400,31,5,214,0,140,81,29,53,44.5,111.5,497,191,81,81,17,9,124,650,69387
CRS3035RES200mN2529400E3919600,0,CRS3035RES1000mN2529000E3919000,0,CRS3035RES200mN2529400E3919600,595492,1402,416,33,185,64,31863515.9,47292.9,760,2,302,155,0,305,0,166,72.5,29.5,76,82,156,487,239,95,114,47,4,142,762,69387
CRS3035RES200mN2529400E3919800,0,CRS3035RES1000mN2529000E3919000,0,CRS3035RES200mN2529400E3919800,595482,986,285,15,274,26,31189967,41119,546,0,328,83,0,135,0,7,52.5,15,31.5,46,77,319,149,70,121,105,0,50,546,"69387,69383"
CRS3035RES200mN2529400E3920000,0,CRS3035RES1000mN2529000E3920000,0,CRS3035RES1000mN2529000E3920000,595580,1220,335,22,303,38,37568790.4,50794,665,0,216,26,240,183,0,30,51.5,25,49,61.5,90,373,181,112,174,103,0,68,665,"69383,69387"
CRS3035RES200mN2529400E3920200,0,CRS3035RES1000mN2529000E3920000,0,CRS3035RES1000mN2529000E3920000,595572,962,279,6,203,25,27395327.8,35700,535,1,195,45,81,215,0,19,47.5,18.5,37,45.5,75.5,347,169,71,97,53,1,51,536,69383
CRS3035RES200mN2529400E3920400,0,CRS3035RES1000mN2529000E3920000,0,CRS3035RES1000mN2529000E3920000,595583,1644.5,348,32,225,78,44292922.7,54436.7,797,0,210,0,59,527,1,120,116.5,48.5,96.5,97,133,585,312,111,102,41,2,94,797,69383
CRS3035RES200mN2529400E3920600,0,CRS3035RES1000mN2529000E3920000,0,CRS3035RES1000mN2529000E3920000,595575,1094,271,28,141,53,25279452.2,35484,558,1,54,136,29,340,0,147,72,31,65.5,66.5,94,379,195,85,70,36,0,104,559,69383
CRS3035RES200mN2529400E3920800,0,CRS3035RES1000mN2529000E3920000,0,CRS3035RES1000mN2529000E3920000,595563,71.5,16,1,16,5,1548194,2656,36,0,0,0,36,0,0,1,2,1,2,5.5,9,17,16,4,13,2,0,7,36,69383
CRS3035RES200mN2529400E3921000,1,CRS3035RES1000mN2529000E3921000,0,CRS3035RES1000mN2529000E3921000,595539,2,0.5,0.1,0.1,0.1,43143,60.7,1,0,0,0,0,1,0,0.6,0.1,0.1,0.1,0.2,0.2,0.7,0.4,0.1,0.1,0,0,0.1,1,69383
CRS3035RES200mN2529400E3921200,0,CRS3035RES1000mN2529000E3921000,0,CRS3035RES1000mN2529000E3921000,595552,1036,174,41,90,62,20251653.3,29139,440,2,33,48,14,347,0,227,57,31.5,87,95,89.5,270,220,99,66,16,5,101,442,69383
CRS3035RES200mN2529400E3921400,0,CRS3035RES1000mN2529000E3921000,0,CRS3035RES1000mN2529000E3921000,595560,1192,288,17,265,40,31904003.7,39990.3,612,5,193,8,91,325,0,4,72,26.5,59.5,56.5,108.5,449,212,79,93,35,1,64,617,69383
CRS3035RES200mN2529400E3921600,0,CRS3035RES1000mN2529000E3921000,0,CRS3035RES1000mN2529000E3921000,595547,764,158,13,194,33,19955576.5,27399,367,4,113,102,68,88,0,9,60,17,45,38,52,239,154,50,76,33,0,34,371,69383
CRS3035RES200mN2529400E3921800,0,CRS3035RES1000mN2529000E3921000,0,CRS3035RES1000mN2529000E3921000,595553,1133.5,179,42,98,83,24184067.8,32839,457,16,94,36,32,311,0,225,74,41,104,122,87.5,285,241,94,64,19,2,72,473,69383
CRS3035RES200mN2529400E3922000,0,CRS3035RES1000mN2529000E3922000,0,CRS3035RES200mN2529400E3922000,595665,736.5,196,17,200,30,19122921.1,27078.5,355,32,143,79,60,105,0,21,39,17.5,34,36,66,223,138,68,75,39,1,49,387,"69383,69266"
CRS3035RES200mN2529400E3922200,0,CRS3035RES1000mN2529000E3922000,0,CRS3035RES200mN2529400E3922200,595660,726,126,33,112,40,15845847.3,21872,298,16,84,21,70,139,0,137,40,16,66,68,64,173,151,86,43,19,0,59,314,"69383,69266"
CRS3035RES200mN2529400E3922400,0,CRS3035RES1000mN2529000E3922000,0,CRS3035RES200mN2529400E3922400,595668,943.5,177,25,198,58,22605319.9,29919,424,15,59,89,117,174,0,77,49.5,25,70.5,75,60.5,221,203,84,98,56,1,51,439,"69266,69383"
CRS3035RES200mN2529400E3922600,0,CRS3035RES1000mN2529000E3922000,0,CRS3035RES200mN2529400E3922600,595670,1230.5,270,23,198,67,28727532.1,36360.8,590,8,64,0,59,474,1,78,88,39.5,71.5,94.5,118,439,222,84,61,12,1,84,598,"69266,69383"
CRS3035RES200mN2529400E3922800,0,CRS3035RES1000mN2529000E3922000,0,CRS3035RES200mN2529400E3922800,595663,733.5,135,21,143,42,18346965.8,23959.3,330,10,38,0,33,268,1,71,51,26,41,57.5,52,220,148,64,54,20,0,31,340,"69266,69383"
CRS3035RES200mN2529600E3914000,0,CRS3035RES1000mN2529000E3914000,0,CRS3035RES1000mN2529000E3914000,595294,213,36,6,28,19,4236477.6,6224,90,1,0,3,0,88,0,57,16,11,19.5,21.5,12,40,60,11,21,1,0,23,91,"69385,69244,69089"
CRS3035RES200mN2529600E3914200,0,CRS3035RES1000mN2529000E3914000,0,CRS3035RES1000mN2529000E3914000,595300,484,65,8,116,24,15099381.6,18156,205,7,0,0,93,119,0,32,25,16,30,36,29,98,109,68,61,8,4,12,212,69385
CRS3035RES200mN2529600E3914400,0,CRS3035RES1000mN2529000E3914000,0,CRS3035RES1000mN2529000E3914000,595280,28,6,0,12,0,1176361.5,1321,11,2,0,0,13,0,0,0,1,1,0,3,2,5,8,4,2,2,0,0,13,69385
CRS3035RES200mN2529600E3914600,1,CRS3035RES1000mN2529000E3914000,0,CRS3035RES1000mN2529000E3914000,595279,9,1.1,0.7,2,0.4,278223.7,370.4,1.1,2.3,0.9,0.2,0.5,1.8,0,0,0.2,0.2,0.9,0.9,0.7,1.4,2,0.7,1.1,0.9,0,0.2,3.4,69385
CRS3035RES200mN2529600E3914800,0,CRS3035RES1000mN2529000E3914000,0,CRS3035RES1000mN2529000E3914000,595298,404.5,88,9,111,25,10830760.9,15028,192,9,5,1,131,64,0,0,22.5,10,25,26,28,76,84,57,53,22,1,18,201,69385
CRS3035RES200mN2529600E3915000,0,CRS3035RES1000mN2529000E3915000,0,CRS3035RES1000mN2529000E3915000,595311,198,27,6,26,12,5870184.7,7327,66,16,3,5,0,74,0,33,13,3,11,32.5,11.5,36,56,19,12,4,0,3,82,69385
CRS3035RES200mN2529600E3915200,0,CRS3035RES1000mN2529000E3915000,0,CRS3035RES1000mN2529000E3915000,595317,307.5,45,14,32,33,6499626.3,10404,117,14,5,82,26,18,0,82,16,5,22.5,40,33,48,58,35,41,9,0,25,131,69385
CRS3035RES200mN2529600E3915400,0,CRS3035RES1000mN2529000E3915000,0,CRS3035RES1000mN2529000E3915000,595315,263.5,41,8,0,28,4733591.4,7488,114,0,0,114,0,0,0,103,11.5,7,13,27,22,43,57,38,33,12,0,28,114,69385
CRS3035RES200mN2529600E3915600,1,CRS3035RES1000mN2529000E3915000,0,CRS3035RES1000mN2529000E3915000,595303,35.5,3.5,0.7,10.5,1.4,1341561.7,2374.6,2.1,13.4,4.2,3.5,0.7,7.1,0,0,1.4,0,3.5,1.1,0.7,4.9,8.4,5.6,8.5,0,1.4,0.7,15.5,69385
CRS3035RES200mN2529600E3915800,0,CRS3035RES1000mN2529000E3915000,0,CRS3035RES1000mN2529000E3915000,595308,157,21,4,49,6,5509218.9,7385,35,34,31,3,3,32,0,0,7,0,3,14,18,17,28,23,30,17,0,2,69,69385
CRS3035RES200mN2529600E3916000,0,CRS3035RES1000mN2529000E3916000,0,CRS3035RES200mN2529600E3916000,595390,248,86,3,97,6,7102505,10416,141,7,5,0,130,13,0,0,6,2,5,9,19,36,41,31,66,33,0,10,148,69385
CRS3035RES200mN2529600E3916200,0,CRS3035RES1000mN2529000E3916000,0,CRS3035RES200mN2529600E3916200,595395,390,68,5,124,16,11177765.9,14446,170,5,4,1,110,60,0,11,13,3,14,42,44,50,92,49,61,20,2,8,175,69385
CRS3035RES200mN2529600E3916400,0,CRS3035RES1000mN2529000E3916000,0,CRS3035RES200mN2529600E3916400,595399,454.5,75,13,109,34,11217365.4,14800,188,11,7,87,60,45,0,20,25,10,37,46,36.5,85,96,44,50,25,0,14,199,69385
CRS3035RES200mN2529600E3916600,0,CRS3035RES1000mN2529000E3916000,0,CRS3035RES200mN2529600E3916600,595387,227.5,36,6,79,19,4942332.7,7606,102,3,2,93,0,10,0,0,10,4,11,23.5,16,41,41,33,36,11,1,11,105,69385
CRS3035RES200mN2529600E3916800,0,CRS3035RES1000mN2529000E3916000,0,CRS3035RES200mN2529600E3916800,595401,404,125,8,111,16,10500957.3,15255,224,7,4,60,144,23,0,67,15,5,15,15,29,60,58,58,96,52,1,24,231,69385
CRS3035RES200mN2529600E3917000,0,CRS3035RES1000mN2529000E3917000,0,CRS3035RES1000mN2529000E3917000,595359,205,40,2,57,9,5165303,6497,94,2,1,95,0,0,0,0,21,5,9,7,17,62,37,21,19,7,0,16,96,69385
CRS3035RES200mN2529600E3917200,1,CRS3035RES1000mN2529000E3917000,0,CRS3035RES1000mN2529000E3917000,595346,30,3.8,0,10.3,0.9,1067061.7,1606.9,14.1,0.9,2.8,0,0,12.2,0,0,0,0,0.9,1.9,1.9,2.8,5.6,3.7,11.3,1.9,0,0.9,15,69385
CRS3035RES200mN2529600E3917400,0,CRS3035RES1000mN2529000E3917000,0,CRS3035RES1000mN2529000E3917000,595355,142.5,27,8,23,9,3235777.7,4950,59,6,22,26,0,17,0,17,10,2,6,14.5,11,43,26,15,14,1,0,17,65,69385
CRS3035RES200mN2529600E3917600,0,CRS3035RES1000mN2529000E3917000,0,CRS3035RES1000mN2529000E3917000,595352,127,12,5,32,10,3626035.9,5161,41,10,12,1,0,38,0,7,5.5,4,7.5,12,18,24,28,13,11,4,0,5,51,69385
CRS3035RES200mN2529600E3917800,0,CRS3035RES1000mN2529000E3917000,0,CRS3035RES1000mN2529000E3917000,595361,178.5,55,3,42,9,4990990.1,6694.7,99,2,54,0,0,46,1,0,6,6,5,11.5,15,55,39,20,12,9,0,17,101,69385
CRS3035RES200mN2529600E3918000,0,CRS3035RES1000mN2529000E3918000,0,CRS3035RES1000mN2529000E3918000,595432,240.5,40,9,47,15,6537816,9431,103,0,53,15,35,0,0,19,13,3,17,20.5,27,44,52,25,30,9,0,11,103,"69385,69382"
CRS3035RES200mN2529600E3918200,0,CRS3035RES1000mN2529000E3918000,0,CRS3035RES1000mN2529000E3918000,595442,844,170,26,135,29,27420040,39564,390,0,358,13,19,0,0,29,35,12,40,70.5,106.5,183,159,96,95,47,0,36,390,69382
CRS3035RES200mN2529600E3918400,0,CRS3035RES1000mN2529000E3918000,0,CRS3035RES1000mN2529000E3918000,595446,1081,226,41,174,52,32747575.4,47029.6,502,1,482,8,0,12,1,36,47,22,58.5,109.5,126,232,207,98,109,72,0,71,503,69382
CRS3035RES200mN2529600E3918600,0,CRS3035RES1000mN2529000E3918000,0,CRS3035RES1000mN2529000E3918000,595441,713.5,155,24,145,28,23095766.7,33880,347,0,320,27,0,0,0,0,35,14,34.5,55,76,177,105,63,102,52,0,38,347,69382
CRS3035RES200mN2529600E3918800,0,CRS3035RES1000mN2529000E3918000,0,CRS3035RES1000mN2529000E3918000,595429,171.5,22,5,33,7,6450643.3,7993,71,0,71,0,0,0,0,0,10.5,4,10,17.5,11.5,33,31,18,17,19,0,2,71,69382
CRS3035RES200mN2529600E3919200,0,CRS3035RES1000mN2529000E3919000,0,CRS3035RES200mN2529600E3919200,595475,525.5,167,9,65,26,14009482.9,18138,305,0,243,0,15,47,0,14,28,6,15,19.5,62,243,73,30,36,13,0,46,305,69387
CRS3035RES200mN2529600E3919400,0,CRS3035RES1000mN2529000E3919000,0,CRS3035RES200mN2529600E3919400,595486,1053.5,352,17,185,29,24219165,35617,611,0,560,1,36,14,0,20,55,18.5,35,50,108,459,160,70,66,32,0,111,611,"69387,69383"
CRS3035RES200mN2529600E3919600,0,CRS3035RES1000mN2529000E3919000,0,CRS3035RES200mN2529600E3919600,595488,1153.5,338,22,203,46,29193884.8,43389.8,624,5,365,60,113,91,0,97,74.5,17.5,42.5,61,97,421,199,94,98,49,0,88,629,"69383,69387"
CRS3035RES200mN2529600E3919800,0,CRS3035RES1000mN2529000E3919000,0,CRS3035RES200mN2529600E3919800,595483,1054.5,276,19,240,28,31334233.5,40225.3,564,3,250,197,8,112,0,22,56.5,25,39,45,74,406,168,85,105,50,1,55,567,"69383,69387"
CRS3035RES200mN2529600E3920000,0,CRS3035RES1000mN2529000E3920000,0,CRS3035RES1000mN2529000E3920000,595566,601.5,141,14,114,25,15447768.1,20874.3,297,2,55,0,60,184,0,94,40,12,29.5,39,41,168,117,55,78,22,0,50,299,69383
CRS3035RES200mN2529600E3920200,0,CRS3035RES1000mN2529000E3920000,0,CRS3035RES1000mN2529000E3920000,595577,1085.5,344,25,115,80,23355496.1,34594,606,0,176,44,97,289,0,161,67.5,18,64.5,69,112.5,308,194,97,104,49,2,110,606,69383
CRS3035RES200mN2529600E3920400,0,CRS3035RES1000mN2529000E3920000,0,CRS3035RES1000mN2529000E3920000,595576,1069.5,281,20,181,46,27656538,35037.7,560,2,177,67,0,318,0,63,53,30,59.5,74,96,385,180,91,69,32,0,83,562,69383
CRS3035RES200mN2529600E3920600,0,CRS3035RES1000mN2529000E3920000,0,CRS3035RES1000mN2529000E3920000,595582,1315,368,32,199,61,31309193.7,41771.3,701,0,170,48,85,397,1,169,59,28,58,74,134,440,240,97,116,66,3,113,701,69383
CRS3035RES200mN2529600E3920800,1,CRS3035RES1000mN2529000E3920000,0,CRS3035RES1000mN2529000E3920000,595562,28,6.8,1,2.9,1,740763.8,789.8,13.5,0,9.6,0,0,3.9,0,0,1.9,1,0,1,6.7,6.7,6.8,1.9,1,1,0,1.9,13.5,69383
CRS3035RES200mN2529600E3921000,1,CRS3035RES1000mN2529000E3921000,0,CRS3035RES1000mN2529000E3921000,595539,386,94.5,10.9,24.9,22.9,8326600.7,11712.3,190,0,0,0,0,190,0,115.4,24.4,19.4,28.8,28.9,32.8,128.3,84.6,18.9,12.9,7,0,15.9,190,69383
CRS3035RES200mN2529600E3921200,0,CRS3035RES1000mN2529000E3921000,0,CRS3035RES1000mN2529000E3921000,595554,994.5,239,22,266,38,26354273.9,36022.7,499,8,52,338,43,71,3,30,46.5,29,40.5,60,88.5,278,177,115,104,55,1,63,507,69383
CRS3035RES200mN2529600E3921400,0,CRS3035RES1000mN2529000E3921000,0,CRS3035RES1000mN2529000E3921000,595556,939,277,17,162,44,23144472.8,28353,501,12,208,0,65,238,2,24,55.5,33.5,43,45.5,79.5,363,181,60,54,24,0,79,513,69383
CRS3035RES200mN2529600E3921600,0,CRS3035RES1000mN2529000E3921000,0,CRS3035RES1000mN2529000E3921000,595550,858,161,20,179,52,21779974.9,27671.7,396,11,18,40,110,238,1,58,51.5,24.5,51,66,78,260,170,70,64,23,0,57,407,69383
CRS3035RES200mN2529600E3921800,0,CRS3035RES1000mN2529000E3921000,0,CRS3035RES1000mN2529000E3921000,595555,989.5,250,19,157,45,24006716.4,30651,506,7,102,55,40,316,0,48,74,25,50.5,66,86,342,183,69,75,17,2,74,513,69383
CRS3035RES200mN2529600E3922000,0,CRS3035RES1000mN2529000E3922000,0,CRS3035RES200mN2529600E3922000,595655,450.5,121,7,110,19,10238430.9,14536.3,233,10,133,35,59,16,0,17,20,7,23.5,32,46,138,91,37,39,17,0,41,243,"69383,69266"
CRS3035RES200mN2529800E3914000,0,CRS3035RES1000mN2529000E3914000,0,CRS3035RES1000mN2529000E3914000,595296,349,49,12,80,13,8532168.6,12231,128,16,2,9,88,45,0,31,26.5,9,23,24,23.5,86,72,18,46,21,0,8,144,"69244,69385"
CRS3035RES200mN2529800E3914200,0,CRS3035RES1000mN2529000E3914000,0,CRS3035RES1000mN2529000E3914000,595299,356.5,119,5,73,15,7803994.9,10470,203,0,0,132,46,25,0,56,15.5,9,13.5,26.5,13,87,82,46,48,15,1,47,203,"69385,69244"
CRS3035RES200mN2529800E3914400,0,CRS3035RES1000mN2529000E3914000,0,CRS3035RES1000mN2529000E3914000,595302,1079.5,211,25,287,54,25512523.5,40916,520,0,0,0,277,243,0,14,62.5,35.5,48.5,73,81,233,195,123,183,45,0,36,520,"69385,69244"
CRS3035RES200mN2529800E3914600,0,CRS3035RES1000mN2529000E3914000,0,CRS3035RES1000mN2529000E3914000,595301,451.5,103,9,150,22,10851706.4,18031,224,0,0,0,224,0,0,2,26,13.5,24.5,22.5,36,81,107,53,53,35,0,17,224,"69385,69244"
CRS3035RES200mN2529800E3914800,0,CRS3035RES1000mN2529000E3914000,0,CRS3035RES1000mN2529000E3914000,595295,263,48,5,52,19,7073806.5,9586.5,127,2,0,0,42,87,0,16,15,11,18,14,18,80,51,18,29,9,0,10,129,"69385,69244"
CRS3035RES200mN2529800E3915000,0,CRS3035RES1000mN2529000E3915000,0,CRS3035RES1000mN2529000E3915000,595314,231.5,40,5,66,12,6932243.9,9600,105,4,0,0,44,65,0,7,14,4,14.5,18,12,50,53,35,25,6,0,5,109,69385
CRS3035RES200mN2529800E3915200,0,CRS3035RES1000mN2529000E3915000,0,CRS3035RES1000mN2529000E3915000,595322,371,92,4,137,27,12033098.3,16622.4,194,10,12,29,129,34,0,0,8,4,15.5,16,36.5,59,89,55,64,24,0,15,204,69385
CRS3035RES200mN2529800E3915400,0,CRS3035RES1000mN2529000E3915000,0,CRS3035RES1000mN2529000E3915000,595324,555.5,114,10,193,19,19181043.5,27501,268,3,2,61,69,130,9,0,9,9.5,22.5,42,50.5,58,111,76,119,55,3,16,271,69385
CRS3035RES200mN2529800E3915600,0,CRS3035RES1000mN2529000E3915000,0,CRS3035RES1000mN2529000E3915000,595320,311,54,7,108,7,10250134.4,13465,128,13,4,2,63,72,0,0,9,6,10.5,27.5,22,30,70,41,66,28,1,3,141,69385
CRS3035RES200mN2529800E3915800,0,CRS3035RES1000mN2529000E3915000,0,CRS3035RES1000mN2529000E3915000,595318,293,61,11,99,7,9939915.4,14455,123,17,15,3,37,85,0,0,6,3.5,13,18.5,32,26,53,39,66,36,0,11,140,69385
CRS3035RES200mN2529800E3916000,0,CRS3035RES1000mN2529000E3916000,0,CRS3035RES200mN2529800E3916000,595405,545,132,12,214,26,17123275.7,26245,278,12,12,46,215,17,0,0,7,8,21,43,27,47,82,49,156,104,1,7,290,69385
CRS3035RES200mN2529800E3916200,0,CRS3035RES1000mN2529000E3916000,0,CRS3035RES200mN2529800E3916200,595396,384.5,66,13,102,31,9654607.7,13793,162,17,5,107,47,20,0,33,16,12,21.5,44,26,53,84,39,59,30,0,23,179,69385
CRS3035RES200mN2529800E3916400,0,CRS3035RES1000mN2529000E3916000,0,CRS3035RES200mN2529800E3916400,595403,495,98,14,147,19,14924045.3,18286,215,17,9,80,91,52,0,0,26,16,30,27,40,99,98,55,68,36,0,17,232,69385
CRS3035RES200mN2529800E3916600,0,CRS3035RES1000mN2529000E3916000,0,CRS3035RES200mN2529800E3916600,595400,371.5,139,7,94,15,9263027.5,13495.7,214,4,7,55,129,27,0,57,12,7,16,22.5,28,64,66,34,58,64,0,21,218,69385
CRS3035RES200mN2529800E3916800,0,CRS3035RES1000mN2529000E3916000,0,CRS3035RES200mN2529800E3916800,595383,73,14,2,18,2,2076756.8,2941,34,1,3,32,0,0,0,0,4,1,2,6,4,16,12,8,16,4,0,3,35,69385
CRS3035RES200mN2529800E3917000,0,CRS3035RES1000mN2529000E3917000,0,CRS3035RES1000mN2529000E3917000,595350,98.5,13,4,18,5,2944284,3539,34,7,12,1,1,27,0,8,3,1,8,9.5,10,11,37,9,7,2,1,3,41,69385
CRS3035RES200mN2529800E3917200,0,CRS3035RES1000mN2529000E3917000,0,CRS3035RES1000mN2529000E3917000,595362,232.5,49,9,43,14,5429108.6,7445,91,19,103,1,3,3,0,2,19,6,11,17.5,25,48,39,24,32,11,0,25,110,69385
CRS3035RES200mN2529800E3917400,0,CRS3035RES1000mN2529000E3917000,0,CRS3035RES1000mN2529000E3917000,595367,363,100,8,94,16,9980188.1,13760,183,11,125,0,66,3,0,1,10,5.5,23,25.5,36,79,70,56,29,29,0,26,194,69385
CRS3035RES200mN2529800E3917600,0,CRS3035RES1000mN2529000E3917000,0,CRS3035RES1000mN2529000E3917000,595368,450.5,102,9,145,16,14332547.7,16775,211,9,56,0,150,14,0,13,18,12,38.5,24,29,95,97,55,64,18,0,29,220,69385
CRS3035RES200mN2529800E3917800,0,CRS3035RES1000mN2529000E3917000,0,CRS3035RES1000mN2529000E3917000,595349,78.5,7,3,8,7,2321655.4,3203,32,1,33,0,0,0,0,0,1,0,5,10.5,10,12,20,14,4,1,1,4,33,69385
CRS3035RES200mN2529800E3918000,0,CRS3035RES1000mN2529000E3918000,0,CRS3035RES1000mN2529000E3918000,595436,287.5,80,6,51,12,8375333.1,11613,155,3,90,12,0,56,0,3,2,3.5,10,18.5,31.5,99,54,27,33,8,1,25,158,"69385,69382"
CRS3035RES200mN2529800E3918200,0,CRS3035RES1000mN2529000E3918000,0,CRS3035RES1000mN2529000E3918000,595440,651,95,31,139,18,24132397.4,33691.6,279,1,280,0,0,0,0,6,25,11,42,61.5,69.5,101,129,70,101,39,2,17,280,"69382,69385"
CRS3035RES200mN2529800E3918400,0,CRS3035RES1000mN2529000E3918000,0,CRS3035RES1000mN2529000E3918000,595437,413,115,13,92,15,12823928.5,19304,220,0,199,11,0,10,0,18,11,6,22,28,43,116,54,42,62,28,1,28,220,69382
CRS3035RES200mN2529800E3918600,0,CRS3035RES1000mN2529000E3918000,0,CRS3035RES1000mN2529000E3918000,595444,853.5,191,39,162,33,28897865.6,41355.7,409,2,387,18,0,5,1,22,34.5,22,50.5,66.5,86,155,181,82,114,62,0,41,411,69382
CRS3035RES200mN2529800E3918800,0,CRS3035RES1000mN2529000E3918000,0,CRS3035RES1000mN2529000E3918000,595431,190,51,6,47,4,6302148.7,11213,99,0,98,1,0,0,0,0,6,1,6,12,29,43,30,22,31,10,0,14,99,69382
CRS3035RES200mN2529800E3919000,0,CRS3035RES1000mN2529000E3919000,0,CRS3035RES200mN2529800E3919000,595471,116,23,5,23,2,3319917.7,5386,54,0,54,0,0,0,0,0,1,1,4,5,20,30,25,13,9,8,0,4,54,"69382,69387"
CRS3035RES200mN2529800E3919400,0,CRS3035RES1000mN2529000E3919000,0,CRS3035RES200mN2529800E3919400,595478,746,241,9,95,22,20599567.3,28515,434,0,408,0,0,26,0,8,32,6.5,17,43.5,79,334,118,39,57,19,1,62,434,"69383,69387"
CRS3035RES200mN2529800E3919600,0,CRS3035RES1000mN2529000E3919000,0,CRS3035RES200mN2529800E3919600,595484,1146.5,286,42,81,43,20122793.2,30303,571,0,422,0,79,70,0,175,46.5,19,74.5,74.5,133,330,170,80,174,44,1,219,571,69383
CRS3035RES200mN2529800E3919800,0,CRS3035RES1000mN2529000E3919000,0,CRS3035RES200mN2529800E3919800,595487,1105.5,341,26,194,38,28401818.8,38268.1,616,1,451,18,30,116,2,51,64,21,45.5,60,84,454,184,75,89,29,0,91,617,69383
CRS3035RES200mN2529800E3920000,0,CRS3035RES1000mN2529000E3920000,0,CRS3035RES1000mN2529000E3920000,595584,1574,394,37,221,71,37351871.3,48559,810,1,393,48,152,218,0,199,87,37,85.5,109.5,112,557,287,129,123,44,3,160,811,69383
CRS3035RES200mN2529800E3920200,0,CRS3035RES1000mN2529000E3920000,0,CRS3035RES1000mN2529000E3920000,595567,594,173,6,141,21,15662602.9,20942.7,333,0,129,54,62,87,1,17,23.5,10.5,21,25.5,45.5,239,84,58,64,20,3,42,333,69383
CRS3035RES200mN2529800E3920400,0,CRS3035RES1000mN2529000E3920000,0,CRS3035RES1000mN2529000E3920000,595565,371,130,4,78,15,9868435.4,12672,220,0,38,21,26,135,0,0,19,9.5,10,18,42.5,140,61,33,26,12,0,30,220,69383
CRS3035RES200mN2529800E3920600,0,CRS3035RES1000mN2529000E3920000,0,CRS3035RES1000mN2529000E3920000,595579,1241.5,303,26,129,77,27586795.9,39777,648,0,132,221,146,149,0,351,74.5,28.5,62,68.5,76,380,222,114,152,64,0,106,648,69383
CRS3035RES200mN2529800E3921000,0,CRS3035RES1000mN2529000E3921000,0,CRS3035RES1000mN2529000E3921000,595540,329.5,139,4,81,15,8379954.2,12151,210,0,78,17,1,114,0,0,11.5,5,16,18,51,118,49,26,19,15,1,37,210,69383
CRS3035RES200mN2529800E3921200,0,CRS3035RES1000mN2529000E3921000,0,CRS3035RES1000mN2529000E3921000,595548,777,171,9,187,27,23503139.6,29003,389,4,105,43,32,213,0,19,37,12,36.5,48,76.5,195,160,81,93,37,1,37,393,69383
CRS3035RES200mN2529800E3921400,0,CRS3035RES1000mN2529000E3921000,0,CRS3035RES1000mN2529000E3921000,595558,1117.5,271,19,263,35,31457457.1,37617.3,564,6,57,48,25,439,1,20,75.5,29,56.5,69.5,79,412,206,87,83,20,0,53,570,69383
CRS3035RES200mN2529800E3921600,0,CRS3035RES1000mN2529000E3921000,0,CRS3035RES1000mN2529000E3921000,595543,688,115,38,139,19,16874263.8,21328,288,5,22,26,127,118,0,70,40,20,45.5,69.5,53,157,143,61,75,23,1,34,293,69383
CRS3035RES200mN2529800E3921800,0,CRS3035RES1000mN2529000E3921000,0,CRS3035RES1000mN2529000E3921000,595561,1413,283,39,211,76,34898640.9,42628,655,7,165,13,0,484,0,224,77,27.5,82,102.5,141,377,320,162,105,19,0,112,662,"69383,69266"
CRS3035RES200mN2529800E3922000,0,CRS3035RES1000mN2529000E3922000,0,CRS3035RES200mN2529800E3922000,595669,1231.5,172,35,202,74,27445732.5,37012,504,9,27,73,69,344,0,149,71,52.5,86.5,117,89.5,313,250,114,96,40,2,83,513,"69383,69266"
CRS3035RES200mN2529800E3922200,0,CRS3035RES1000mN2529000E3922000,0,CRS3035RES200mN2529800E3922200,595662,779.5,115,26,106,55,16006485.6,20947,333,1,25,130,13,166,0,131,68.5,31,67,58,54,237,152,45,46,21,0,47,334,"69266,69383"
CRS3035RES200mN2530000E3914400,0,CRS3035RES1000mN2530000E3914000,0,CRS3035RES200mN2530000E3914400,597098,306,58,6,48,16,7849130.9,9987,134,13,3,8,25,111,0,32,15,9.5,24,13.5,32,90,55,32,20,15,0,9,147,"69244,69385"
CRS3035RES200mN2530000E3914600,0,CRS3035RES1000mN2530000E3914000,0,CRS3035RES200mN2530000E3914600,597113,831,188,16,203,45,20465498.9,28664,420,2,1,0,139,281,1,0,54.5,19,37,52.5,55,232,143,83,105,48,2,27,422,"69244,69385"
CRS3035RES200mN2530000E3914800,0,CRS3035RES1000mN2530000E3914000,0,CRS3035RES200mN2530000E3914800,597110,600.5,120,18,3,54,9254203.3,15985,278,2,1,279,0,0,0,276,48,24.5,43,52,40,127,102,59,69,33,3,78,280,"69385,69244"
CRS3035RES200mN2530000E3915000,0,CRS3035RES1000mN2530000E3915000,0,CRS3035RES1000mN2530000E3915000,597065,50,5,2,1,4,935021.2,1423,18,1,1,18,0,0,0,16,3,1,3,4,4,8,8,10,4,5,0,3,19,69385
CRS3035RES200mN2530000E3915200,0,CRS3035RES1000mN2530000E3915000,0,CRS3035RES1000mN2530000E3915000,597077,390.5,71,13,36,33,6986968.2,11242,175,0,0,84,54,37,0,121,20.5,9,30,42,37,56,79,47,50,19,1,39,175,69385
CRS3035RES200mN2530000E3915400,0,CRS3035RES1000mN2530000E3915000,0,CRS3035RES1000mN2530000E3915000,597066,106,13,3,4,16,1638186.6,3523,41,2,20,0,0,23,0,33,3,1,10,16,13,7,27,15,13,0,1,16,43,69385
CRS3035RES200mN2530000E3915600,0,CRS3035RES1000mN2530000E3915000,0,CRS3035RES1000mN2530000E3915000,597073,266.5,53,6,86,12,8189371,12428,122,9,20,109,0,2,0,0,9,4,11,21,16,26,48.5,29,50,52,0,3,131,69385
CRS3035RES200mN2530000E3915800,0,CRS3035RES1000mN2530000E3915000,0,CRS3035RES1000mN2530000E3915000,597071,216,52,1,50,12,6557671.4,8625.1,101,11,25,9,13,63,2,0,10.5,4.5,12.5,13.5,16,46,44,17,30,22,0,6,112,69385
CRS3035RES200mN2530000E3916000,0,CRS3035RES1000mN2530000E3916000,0,CRS3035RES1000mN2530000E3916000,597164,265.5,80,3,83,14,8248553.7,11933,143,9,10,25,22,95,0,0,11,2,12.5,12,16,44,37,30,58,43,0,14,152,69385
CRS3035RES200mN2530000E3916200,0,CRS3035RES1000mN2530000E3916000,0,CRS3035RES1000mN2530000E3916000,597163,257,83,4,80,13,7564614,11432,138,11,2,14,121,12,0,0,7,3.5,9.5,16,8,54,41,28,59,29,2,13,149,69385
CRS3035RES200mN2530000E3916400,0,CRS3035RES1000mN2530000E3916000,0,CRS3035RES1000mN2530000E3916000,597168,347.5,85,8,108,12,10349693.8,14804.4,156,18,26,68,0,80,0,11,13,4,20,26.5,31,51,74,45,41,41,1,14,174,69385
CRS3035RES200mN2530000E3916600,0,CRS3035RES1000mN2530000E3916000,0,CRS3035RES1000mN2530000E3916000,597156,84,7,2,21,11,2272028.6,2970,31,4,4,31,0,0,0,0,1.5,1,4,8.5,13.5,16.5,21,7,7,4,0,3,35,69385
CRS3035RES200mN2530000E3916800,0,CRS3035RES1000mN2530000E3916000,0,CRS3035RES1000mN2530000E3916000,597172,557,100,13,175,36,15864802.1,20894,260,2,14,65,97,86,0,1,20,9,31.5,39.5,49,97,110,95,76,30,0,18,262,69385
CRS3035RES200mN2530000E3917000,0,CRS3035RES1000mN2530000E3917000,0,CRS3035RES1000mN2530000E3917000,597124,297,69,11,61,21,7627954.8,10883.8,128,15,82,31,10,19,1,28,17,11.5,18.5,30,27,55,69,24,36,8,1,28,143,69385
CRS3035RES200mN2530000E3917200,0,CRS3035RES1000mN2530000E3917000,0,CRS3035RES1000mN2530000E3917000,597129,499.5,102,15,84,28,12158659.9,15968,206,21,165,1,21,40,0,54,25,17,35,46.5,51,98,105,52,52,18,0,33,227,69385
CRS3035RES200mN2530000E3917400,0,CRS3035RES1000mN2530000E3917000,0,CRS3035RES1000mN2530000E3917000,597127,397.5,99,12,70,18,9704732.9,12617,182,14,133,2,60,1,0,38,16,10,23.5,34,35,90,97,32,41,16,3,35,196,69385
CRS3035RES200mN2530000E3917600,0,CRS3035RES1000mN2530000E3917000,0,CRS3035RES1000mN2530000E3917000,597121,229.5,42,5,74,12,7324909.2,9232.4,108,2,22,0,83,5,0,0,10,6,13,14.5,14,39,35,41,45,12,0,8,110,69385
CRS3035RES200mN2530000E3917800,0,CRS3035RES1000mN2530000E3917000,0,CRS3035RES1000mN2530000E3917000,597119,141.5,33,5,20,9,3004277.9,4450,67,2,69,0,0,0,0,27,3,4,9,16.5,10,29,28,17,16,9,0,19,69,69385
CRS3035RES200mN2530000E3918000,0,CRS3035RES1000mN2530000E3918000,0,CRS3035RES1000mN2530000E3918000,597209,479.5,159,14,92,21,13506274.6,16756,260,14,258,1,5,10,0,6,17.5,7,24,25,62,154,101,48,31,10,0,48,274,69385
CRS3035RES200mN2530000E3918200,0,CRS3035RES1000mN2530000E3918000,0,CRS3035RES1000mN2530000E3918000,597203,222,64,6,43,11,6242407.2,8487,117,0,107,6,0,4,0,4,11,4,10.5,21,17.5,59,50,17,25,6,1,14,117,"69385,69382"
CRS3035RES200mN2530000E3918400,0,CRS3035RES1000mN2530000E3918000,0,CRS3035RES1000mN2530000E3918000,597210,721.5,92,46,122,21,25636890.3,35553.7,275,1,262,12,0,2,0,0,28,26.5,49,73,97,118,173,66,65,26,0,29,276,"69382,69385"
CRS3035RES200mN2530000E3918600,0,CRS3035RES1000mN2530000E3918000,0,CRS3035RES1000mN2530000E3918000,597199,91.5,18,6,16,2,3461680.9,5073,38,0,38,0,0,0,0,0,2,2,1,14,17.5,16,18,9,5,7,0,4,38,69382
CRS3035RES200mN2530000E3918800,0,CRS3035RES1000mN2530000E3918000,0,CRS3035RES1000mN2530000E3918000,597208,357,104,3,49,16,11196300,17503.6,199,1,200,0,0,0,0,0,13,4.5,12.5,18.5,45.5,103,54,43,45,18,0,28,200,69382
CRS3035RES200mN2530000E3919000,0,CRS3035RES1000mN2530000E3919000,0,CRS3035RES200mN2530000E3919000,597220,102.5,34,3,23,5,2679097.8,3957,57,0,57,0,0,0,0,5,4,0,6,7.5,16,21,20,9,13,6,0,11,57,69382
CRS3035RES200mN2530000E3919400,0,CRS3035RES1000mN2530000E3919000,0,CRS3035RES200mN2530000E3919400,597239,906.5,243,22,136,39,24780371.5,34444,477,1,377,26,45,30,0,84,51,19.5,45.5,49.5,79,318,152,68,86,38,0,73,478,69383
CRS3035RES200mN2530000E3919600,0,CRS3035RES1000mN2530000E3919000,0,CRS3035RES200mN2530000E3919600,597231,514,108,9,116,19,17356123.4,22833,265,0,38,136,15,76,0,44,29,12,15,22,23,150,72,56,84,51,0,15,265,69383
CRS3035RES200mN2530000E3919800,0,CRS3035RES1000mN2530000E3919000,0,CRS3035RES200mN2530000E3919800,597233,540.5,166,9,122,23,15874135.8,21627,312,0,161,44,55,52,0,1,15,7.5,26,24.5,46.5,170,95,47,73,36,0,40,312,69383
CRS3035RES200mN2530000E3920000,0,CRS3035RES1000mN2530000E3920000,0,CRS3035RES1000mN2530000E3920000,597313,1430,418,36,199,59,33340886.3,46775,772,1,246,19,218,290,0,314,84,27,68,75,113,433,242,119,176,93,0,137,773,69383
CRS3035RES200mN2530000E3920200,0,CRS3035RES1000mN2530000E3920000,0,CRS3035RES1000mN2530000E3920000,597303,487,123,17,72,22,11700894.6,16455,244,0,58,6,119,61,0,105,29,9,24.5,36,37.5,131,79,57,61,22,1,54,244,69383
CRS3035RES200mN2530000E3920400,0,CRS3035RES1000mN2530000E3920000,0,CRS3035RES1000mN2530000E3920000,597301,438.5,108,9,28,11,11147024.3,16025,224,0,0,0,224,0,0,32,22,9,16.5,17,26,173,65,47,36,26,1,23,224,69383
CRS3035RES200mN2530000E3920800,1,CRS3035RES1000mN2530000E3920000,0,CRS3035RES1000mN2530000E3920000,597293,1,0.3,0,0.1,0,23375.5,31.4,0.5,0,0,0,0.5,0,0,0,0,0,0.1,0.1,0.1,0.3,0.2,0.1,0.1,0,0,0.1,0.5,69383
CRS3035RES200mN2530000E3921000,0,CRS3035RES1000mN2530000E3921000,0,CRS3035RES1000mN2530000E3921000,597335,261,34,15,51,7,6348028.2,7830,101,0,0,0,101,0,0,30,17,14,21,27,19,64,59,20,14,6,0,10,101,69383
CRS3035RES200mN2530000E3921200,0,CRS3035RES1000mN2530000E3921000,0,CRS3035RES1000mN2530000E3921000,597342,686,124,23,98,22,18194260.6,21922,308,0,8,0,43,257,0,75,44,16,50.5,53.5,45,191,143,63,71,9,0,43,308,69383
CRS3035RES200mN2530000E3921400,0,CRS3035RES1000mN2530000E3921000,0,CRS3035RES1000mN2530000E3921000,597352,1170,207,45,189,52,27347721.5,36943.3,519,4,78,8,268,168,1,88,32.5,28.5,86,104.5,117.5,282,249,121,118,30,1,87,523,69383
CRS3035RES200mN2530000E3921600,0,CRS3035RES1000mN2530000E3921000,0,CRS3035RES1000mN2530000E3921000,597344,716.5,159,19,137,37,17009143.5,23013,345,0,0,24,262,59,0,59,44,17.5,41,64,51,169,137,74,77,42,0,35,345,69383
CRS3035RES200mN2530000E3921800,0,CRS3035RES1000mN2530000E3921000,0,CRS3035RES1000mN2530000E3921000,597353,1063,231,22,308,31,30838683.6,37430,523,3,8,0,214,304,0,7,54,20,55,62.5,90.5,279,228,125,114,34,1,31,526,"69383,69266"
CRS3035RES200mN2530000E3922000,0,CRS3035RES1000mN2530000E3922000,0,CRS3035RES200mN2530000E3922000,597471,1015.5,173,24,238,54,24891775.4,32573.1,456,8,28,182,34,219,1,54,70,29,57.5,68,70,292,164,100,87,78,0,43,464,"69266,69383"
CRS3035RES200mN2530200E3914800,0,CRS3035RES1000mN2530000E3914000,0,CRS3035RES200mN2530200E3914800,597095,229,42,8,74,13,5671002.1,8348,99,3,0,41,58,3,0,0,13,6,15,20,18,53,50,16,26,12,0,3,102,"69244,69385"
CRS3035RES200mN2530200E3915000,1,CRS3035RES1000mN2530000E3915000,0,CRS3035RES1000mN2530000E3915000,597064,17,2.5,0.8,6,0,647910.1,880.2,3.4,3.4,5.5,0.4,0,0.9,0,0,0,0,0.4,2.5,1.7,1.3,4.3,1.7,3.8,1.3,0,0,6.8,"69385,69244"
CRS3035RES200mN2530200E3915200,0,CRS3035RES1000mN2530000E3915000,0,CRS3035RES1000mN2530000E3915000,597087,977,240,20,375,89,19445844.5,33584,503,1,0,250,0,254,0,4,49,30,51,75,84,199,184,100,120,84,1,65,504,69385
CRS3035RES200mN2530200E3915400,0,CRS3035RES1000mN2530000E3915000,0,CRS3035RES1000mN2530000E3915000,597082,437.5,89,5,150,31,10311582.6,14941,213,0,0,182,0,31,0,1,17,10,26,38.5,31,87,91,52,53,32,0,20,213,69385
CRS3035RES200mN2530200E3915600,0,CRS3035RES1000mN2530000E3915000,0,CRS3035RES1000mN2530000E3915000,597079,434,69,18,82,19,12136016.4,15862,175,10,5,0,103,77,0,40,17,5,18,62,40,61,105,52,53,19,2,10,185,69385
CRS3035RES200mN2530200E3915800,0,CRS3035RES1000mN2530000E3915000,0,CRS3035RES1000mN2530000E3915000,597072,257.5,41,6,91,16,8590662.3,10845,110,11,9,2,93,17,0,0,11,7,11,18.5,19,42,44,27,54,24,0,7,121,69385
CRS3035RES200mN2530200E3916000,0,CRS3035RES1000mN2530000E3916000,0,CRS3035RES1000mN2530000E3916000,597162,325.5,52,11,30,17,7852718.2,10516,105,33,28,46,0,64,0,78,14,6,14.5,44,35,45,74,44,30,19,0,23,138,69385
CRS3035RES200mN2530200E3916200,1,CRS3035RES1000mN2530000E3916000,0,CRS3035RES1000mN2530000E3916000,597153,29,0.7,1.1,8.3,0.4,1085954.9,1374.3,1.1,8.6,4.7,1.8,2.5,0.7,0,0,1.4,0.7,2.2,3.1,1.8,2.5,6.1,4,4.3,2.9,0,0,9.7,69385
CRS3035RES200mN2530200E3916400,1,CRS3035RES1000mN2530000E3916000,0,CRS3035RES1000mN2530000E3916000,597153,22.5,0.6,0.8,6.4,0.3,842551.3,1066.3,0.8,6.7,3.6,1.4,1.9,0.6,0,0,1.1,0.6,1.7,2.4,1.4,2,4.7,3.1,3.3,2.2,0,0,7.5,69385
CRS3035RES200mN2530200E3916600,0,CRS3035RES1000mN2530000E3916000,0,CRS3035RES1000mN2530000E3916000,597159,103,17,4,24,7,3046328.6,4003,39,6,3,0,0,42,0,0,5,3,8,9,11,14,23,14,11,5,0,1,45,69385
CRS3035RES200mN2530200E3916800,0,CRS3035RES1000mN2530000E3916000,0,CRS3035RES1000mN2530000E3916000,597171,516.5,88,8,164,30,15046261.4,18917,230,9,34,106,43,56,0,0,25,12,21.5,42.5,41.5,106,113,49,68,38,0,13,239,"69385,69389"
CRS3035RES200mN2530200E3917000,0,CRS3035RES1000mN2530000E3917000,0,CRS3035RES1000mN2530000E3917000,597126,358.5,100,8,84,18,9037992.1,12684.4,166,25,182,1,1,7,0,31,11,10,17.5,27,26,99,79,34,37,18,0,33,191,"69385,69389"
CRS3035RES200mN2530200E3917200,0,CRS3035RES1000mN2530000E3917000,0,CRS3035RES1000mN2530000E3917000,597128,378,93,3,40,42,7892390.4,12536,193,8,41,157,2,1,0,112,19,6.5,19.5,32,35,81,73,49,49,14,0,35,201,"69385,69389"
CRS3035RES200mN2530200E3917400,0,CRS3035RES1000mN2530000E3917000,0,CRS3035RES1000mN2530000E3917000,597116,30.5,4,0,2,1,780476.2,1060,13,1,6,1,4,3,0,3,0,1,3,1.5,2,9,8,2,1,3,0,1,14,69385
CRS3035RES200mN2530200E3918000,0,CRS3035RES1000mN2530000E3918000,0,CRS3035RES1000mN2530000E3918000,597202,231.5,41,10,39,11,7674769.9,8673,95,6,50,0,0,51,0,3,7,2.5,8.5,28.5,33,52,62,25,10,3,0,12,101,69385
CRS3035RES200mN2530200E3918200,0,CRS3035RES1000mN2530000E3918000,0,CRS3035RES1000mN2530000E3918000,597216,887.5,280,23,131,49,23113194.6,33189.6,497,3,478,0,3,16,3,75,22.5,17,49.5,61.5,89,257,188,78,94,31,0,106,500,69385
CRS3035RES200mN2530200E3918400,0,CRS3035RES1000mN2530000E3918000,0,CRS3035RES1000mN2530000E3918000,597198,63,8,1,13,1,2365815.3,3666,28,0,28,0,0,0,0,0,1,1,2,2,9,9,14,7,13,5,0,2,28,"69382,69385"
CRS3035RES200mN2530200E3918600,0,CRS3035RES1000mN2530000E3918000,0,CRS3035RES1000mN2530000E3918000,597211,608.5,163,20,103,22,20403590.4,28950.2,311,1,311,0,0,0,1,0,22.5,13.5,24.5,45,70,162,122,42,76,31,0,32,312,69382
CRS3035RES200mN2530200E3918800,0,CRS3035RES1000mN2530000E3918000,0,CRS3035RES1000mN2530000E3918000,597213,858,243,27,113,29,27580607.2,37662.5,459,1,413,30,15,0,2,7,40.5,23,41.5,43.5,89.5,255,162,65,95,42,1,54,460,69382
CRS3035RES200mN2530200E3919000,0,CRS3035RES1000mN2530000E3919000,0,CRS3035RES200mN2530200E3919000,597227,299,85,6,42,16,10259488.4,15836.6,162,2,137,17,7,0,3,0,13,5,7,11,37,72,52,38,37,27,0,20,164,69382
CRS3035RES200mN2530200E3919400,0,CRS3035RES1000mN2530000E3919000,0,CRS3035RES200mN2530200E3919400,597230,560,106,20,111,10,19483446.5,24961,256,0,256,0,0,0,0,0,28,15,21,34,53,147,102,57,73,30,0,26,256,69383
CRS3035RES200mN2530200E3919600,0,CRS3035RES1000mN2530000E3919000,0,CRS3035RES200mN2530200E3919600,597235,703.5,119,16,158,22,24608715.1,29405,323,2,167,127,9,21,1,5,59,16.5,40.5,40.5,33,191,120,59,86,58,0,15,325,69383
CRS3035RES200mN2530200E3919800,0,CRS3035RES1000mN2530000E3919000,0,CRS3035RES200mN2530200E3919800,597234,574.5,156,6,136,19,18941170.6,24290.7,315,1,149,65,35,67,0,18,26.5,7,30.5,19,30.5,165,94,65,86,51,0,29,316,69383
CRS3035RES200mN2530200E3920000,0,CRS3035RES1000mN2530000E3920000,0,CRS3035RES1000mN2530000E3920000,597302,403.5,130,8,87,13,11623224,14627,231,0,154,0,66,11,0,0,19,7.5,16,17,27,153,71,39,38,16,0,20,231,69383
CRS3035RES200mN2530200E3920200,0,CRS3035RES1000mN2530000E3920000,0,CRS3035RES1000mN2530000E3920000,597297,415.5,90,16,47,22,8871899.4,14159,195,0,10,32,153,0,0,99,20,10,27,29.5,34,92,71,53,56,22,1,37,195,69383
CRS3035RES200mN2530200E3920600,1,CRS3035RES1000mN2530000E3920000,0,CRS3035RES1000mN2530000E3920000,597293,6,1.6,0.2,0.9,0.2,140252.7,188.5,3.1,0,0,0,3.1,0,0,0,0.2,0.1,0.2,0.4,0.8,1.8,1,0.8,0.6,0.1,0,0.5,3.1,69383
CRS3035RES200mN2530200E3920800,0,CRS3035RES1000mN2530000E3920000,0,CRS3035RES1000mN2530000E3920000,597294,289,25,11,0,27,4311179.7,7263,101,0,0,0,101,0,0,101,19,15,27,49,22,47,71,20,14,4,1,30,101,69383
CRS3035RES200mN2530200E3921000,1,CRS3035RES1000mN2530000E3921000,0,CRS3035RES1000mN2530000E3921000,597334,160,47.8,2.9,17.2,13.4,3480438.2,5216.5,89.8,0,0,86.9,0,2.9,0,3.8,10.5,4.8,2.9,11,20.1,37.2,36.3,13.4,14.3,9.5,0,7.6,89.8,69383
CRS3035RES200mN2530200E3921200,0,CRS3035RES1000mN2530000E3921000,0,CRS3035RES1000mN2530000E3921000,597339,546,88,27,56,27,11398972.1,18478,231,0,0,0,42,189,0,170,26,10,39.5,66.5,37,84,116,46,74,46,1,19,231,69383
CRS3035RES200mN2530200E3921400,0,CRS3035RES1000mN2530000E3921000,0,CRS3035RES1000mN2530000E3921000,597346,891,167,23,125,56,21908413.5,31030,414,0,55,50,108,201,0,124,47,16.5,48.5,70.5,73.5,219,151,108,110,45,2,53,414,69383
CRS3035RES200mN2530200E3921600,0,CRS3035RES1000mN2530000E3921000,0,CRS3035RES1000mN2530000E3921000,597348,1058.5,176,19,325,51,29965736.4,37743,483,0,4,0,388,91,0,33,48.5,21,63.5,90.5,73,260,219,123,113,47,0,21,483,"69383,69266"
CRS3035RES200mN2530200E3921800,0,CRS3035RES1000mN2530000E3921000,0,CRS3035RES1000mN2530000E3921000,597341,643,91,29,123,38,14999279.4,19241,265,4,7,38,70,154,0,89,48,17.5,50,50.5,47,146,134,71,52,27,0,37,269,"69266,69383"
CRS3035RES200mN2530400E3915000,0,CRS3035RES1000mN2530000E3915000,0,CRS3035RES1000mN2530000E3915000,597083,431.5,93,6,165,32,12936081.6,18232,215,3,1,88,68,61,0,0,15.5,7,12,42,27,59,87,66,80,36,0,12,218,"69244,69385"
CRS3035RES200mN2530400E3915200,0,CRS3035RES1000mN2530000E3915000,0,CRS3035RES1000mN2530000E3915000,597074,294,64,6,124,12,8522896.1,12689,145,6,4,7,136,4,0,0,8,3,17,21,12,30,53,41,80,29,0,7,151,69385
CRS3035RES200mN2530400E3915400,0,CRS3035RES1000mN2530000E3915000,0,CRS3035RES1000mN2530000E3915000,597069,172,28,5,52,13,4333455,6352,76,1,1,76,0,0,0,0,9,1,6,20,15,22,41,16,30,12,0,6,77,69385
CRS3035RES200mN2530400E3915600,0,CRS3035RES1000mN2530000E3915000,0,CRS3035RES1000mN2530000E3915000,597070,182,42,5,52,11,4905778.3,7621.7,88,5,10,1,43,39,0,0,10,2,7,16,9,41,36,23,21,17,0,7,93,69385
CRS3035RES200mN2530400E3915800,0,CRS3035RES1000mN2530000E3915000,0,CRS3035RES1000mN2530000E3915000,597078,367.5,70,3,129,24,10843222.3,15186,181,1,5,153,24,0,0,0,10,7,13,30,26.5,49,67,56,59,49,1,8,182,69385
CRS3035RES200mN2530400E3916000,0,CRS3035RES1000mN2530000E3916000,0,CRS3035RES1000mN2530000E3916000,597165,287,80,5,35,19,6024138.7,10811,153,3,2,32,45,77,0,112,10,5,16,21,16,33,63,37,48,37,1,19,156,69385
CRS3035RES200mN2530400E3916200,0,CRS3035RES1000mN2530000E3916000,0,CRS3035RES1000mN2530000E3916000,597160,150,39,2,15,13,4127764.3,5163,83,1,0,0,1,83,0,23,12,3,6,8,14,62,21,8,14,2,0,12,84,69385
CRS3035RES200mN2530400E3916400,1,CRS3035RES1000mN2530000E3916000,0,CRS3035RES1000mN2530000E3916000,597153,29,0.7,1.1,8.3,0.4,1085954.9,1374.3,1.1,8.6,4.7,1.8,2.5,0.7,0,0,1.4,0.7,2.2,3.1,1.8,2.5,6.1,4,4.3,2.9,0,0,9.7,69385
CRS3035RES200mN2530400E3916600,0,CRS3035RES1000mN2530000E3916000,0,CRS3035RES1000mN2530000E3916000,597154,59,7,5,19,0,1597092.1,2457,3,17,7,9,2,2,0,0,4,0,4,10,5,5,14,4,4,9,0,1,20,"69385,69389"
CRS3035RES200mN2530400E3916800,0,CRS3035RES1000mN2530000E3916000,0,CRS3035RES1000mN2530000E3916000,597158,95.5,12,1,35,4,3534505.7,4303,19,23,6,10,8,18,0,0,3,2,5,5,10.5,16,15,14,18,7,0,2,42,"69389,69385"
CRS3035RES200mN2530400E3917000,0,CRS3035RES1000mN2530000E3917000,0,CRS3035RES1000mN2530000E3917000,597120,195,31,6,56,8,5567363.2,7103,82,7,5,3,49,32,0,7,8,4,12,17,11,40,40,19,32,12,0,2,89,"69385,69389"
CRS3035RES200mN2530400E3917200,0,CRS3035RES1000mN2530000E3917000,0,CRS3035RES1000mN2530000E3917000,597118,116.5,32,3,7,9,2350717.9,3881,59,4,8,55,0,0,0,55,7,1,7.5,7,2,23,21,17,21,10,0,9,63,69385
CRS3035RES200mN2530400E3917400,0,CRS3035RES1000mN2530000E3917000,0,CRS3035RES1000mN2530000E3917000,597125,331.5,87,5,67,27,8494340.8,11358,177,0,0,76,101,0,0,75,21,7.5,22.5,18.5,18,75,64,47,51,7,0,28,177,69385
CRS3035RES200mN2530400E3917600,0,CRS3035RES1000mN2530000E3917000,0,CRS3035RES1000mN2530000E3917000,597122,289,55,6,88,12,9152434.6,11532,139,0,0,73,66,0,0,1,5,5,8.5,29,26.5,48,63,54,29,21,0,4,139,69385
CRS3035RES200mN2530400E3917800,0,CRS3035RES1000mN2530000E3917000,0,CRS3035RES1000mN2530000E3917000,597117,52.5,11,2,9,3,1287111,1616,21,3,24,0,0,0,0,0,2,0,4.5,4,7,14,10,7,4,0,0,4,24,69385
CRS3035RES200mN2530400E3918000,1,CRS3035RES1000mN2530000E3918000,0,CRS3035RES1000mN2530000E3918000,597197,37,3.4,1.3,7.4,2.7,1387530.8,1696.6,13.5,2,5.4,10.1,0,0,0,0,0,0,1,3,5.4,6.7,6,5.4,6.1,3.4,0,0.7,15.5,69385
CRS3035RES200mN2530400E3918200,0,CRS3035RES1000mN2530000E3918000,0,CRS3035RES1000mN2530000E3918000,597206,384,83,11,48,30,9630388.5,14847,191,0,163,19,0,9,0,45,15,9.5,29,35.5,18,100,76,41,41,19,0,34,191,69385
CRS3035RES200mN2530400E3918400,0,CRS3035RES1000mN2530000E3918000,0,CRS3035RES1000mN2530000E3918000,597200,133,37,4,25,7,4201748.9,6312,70,0,70,0,0,0,0,7,3,1,3,17.5,14.5,24,23,18,24,5,0,11,70,"69385,69382"
CRS3035RES200mN2530400E3918600,0,CRS3035RES1000mN2530000E3918000,0,CRS3035RES1000mN2530000E3918000,597205,317.5,97,7,49,15,9456827.8,14292,181,0,174,0,6,1,0,26,12,4.5,12,9,44,94,49,34,41,18,0,25,181,"69382,69385"
CRS3035RES200mN2530400E3918800,0,CRS3035RES1000mN2530000E3918000,0,CRS3035RES1000mN2530000E3918000,597218,1004.5,323,13,122,59,26585472.4,38977.6,577,1,482,12,63,21,0,88,63,19,38.5,47,94.5,373,164.5,62,97,46,0,78,578,69382
CRS3035RES200mN2530400E3919000,0,CRS3035RES1000mN2530000E3919000,0,CRS3035RES200mN2530400E3919000,597232,629.5,143,20,114,24,19866683.9,26504.2,311,0,286,2,17,4,2,24,36,15,29,42,62.5,161,98,60,95,30,1,38,311,69382
CRS3035RES200mN2530400E3919200,0,CRS3035RES1000mN2530000E3919000,0,CRS3035RES200mN2530400E3919200,597223,221.5,46,5,33,14,6615898.1,10501,108,0,108,0,0,0,0,6,11,2,15.5,19,19,56,40,19,27,13,0,14,108,"69382,69383"
CRS3035RES200mN2530400E3919400,0,CRS3035RES1000mN2530000E3919000,0,CRS3035RES200mN2530400E3919400,597226,308.5,66,10,67,7,11330458.7,16574,151,0,151,0,0,0,0,12,11,2.5,14,19,22,70,57,37,51,25,0,6,151,69383
CRS3035RES200mN2530400E3919600,0,CRS3035RES1000mN2530000E3919000,0,CRS3035RES200mN2530400E3919600,597237,862,181,30,184,29,29025821.9,39603,418,0,280,0,0,138,0,6,42,23,44,48,78,244,149,72,120,40,2,49,418,69383
CRS3035RES200mN2530400E3919800,0,CRS3035RES1000mN2530000E3919000,0,CRS3035RES200mN2530400E3919800,597240,1125,233,30,267,51,35474132.3,45528,549,0,237,143,46,122,1,53,57,27.5,44,79.5,94,281,207,97,152,83,3,37,549,69383
CRS3035RES200mN2530400E3920000,0,CRS3035RES1000mN2530000E3920000,0,CRS3035RES1000mN2530000E3920000,597307,1030,175,29,202,46,31083236.5,36650.7,462,1,45,388,0,30,0,67,59,23.5,64.5,75,80,214,210,105,110,89,0,39,463,69383
CRS3035RES200mN2530400E3920200,0,CRS3035RES1000mN2530000E3920000,0,CRS3035RES1000mN2530000E3920000,597299,413,116,14,71,16,10430649.3,11504,211,0,46,7,82,76,0,23,23,13,27.5,22.5,44,129,65,41,40,6,2,35,211,69383
CRS3035RES200mN2530400E3920400,0,CRS3035RES1000mN2530000E3920000,0,CRS3035RES1000mN2530000E3920000,597296,285.5,124,2,53,7,7166234.7,10734,189,0,189,0,0,0,0,0,11,1,5,6.5,38,140,29,24,27,4,0,36,189,69383
CRS3035RES200mN2530400E3920600,0,CRS3035RES1000mN2530000E3920000,0,CRS3035RES1000mN2530000E3920000,597295,310.5,74,13,41,23,6957698.6,10512.3,145,2,53,47,47,0,0,47,9,10,23,28.5,30,65,65,26,33,20,1,18,147,"69383,69386"
CRS3035RES200mN2530400E3920800,1,CRS3035RES1000mN2530000E3920000,0,CRS3035RES1000mN2530000E3920000,597293,172,46.1,4.8,25,4.8,4020578.6,5405,88.4,0,0,0,87.4,1,0,0,5.8,3.4,6.2,12.5,23,51.9,27.9,22.1,15.4,3.8,0,13.5,88.4,"69383,69386"
CRS3035RES200mN2530400E3921000,0,CRS3035RES1000mN2530000E3921000,0,CRS3035RES1000mN2530000E3921000,597338,355,84,4,42,18,7637361.7,11782,187,0,0,149,0,38,0,29,12,2,20,23,32,114,63,35,36,18,0,39,187,"69383,69386"
CRS3035RES200mN2530400E3921200,0,CRS3035RES1000mN2530000E3921000,0,CRS3035RES1000mN2530000E3921000,597350,928,231,14,265,27,26137740.2,35560.7,494,2,58,114,323,1,0,0,36,19,35.5,50,58.5,247,166,98,123,94,1,37,496,"69383,69386"
CRS3035RES200mN2530400E3921400,0,CRS3035RES1000mN2530000E3921000,0,CRS3035RES1000mN2530000E3921000,597357,1462,341,30,312,57,39521556.6,50387,741,0,151,15,70,505,0,105,76.5,39.5,49.5,105.5,117,470,276,116,144,68,0,81,741,"69383,69386"
CRS3035RES200mN2530400E3921600,0,CRS3035RES1000mN2530000E3921000,0,CRS3035RES1000mN2530000E3921000,597355,1096,329,19,184,49,26711832.5,35550,598,3,333,2,92,174,0,37,65,21.5,49,61,119.5,411,190,62,80,36,1,100,601,"69383,69266,69386"
CRS3035RES200mN2530600E3915000,0,CRS3035RES1000mN2530000E3915000,0,CRS3035RES1000mN2530000E3915000,597076,305.5,90,4,122,12,9060424.6,12932,161,11,4,3,163,2,0,0,10,4,10,15.5,26,60,60,35,71,14,0,9,172,"69244,69385"
CRS3035RES200mN2530600E3915200,0,CRS3035RES1000mN2530000E3915000,0,CRS3035RES1000mN2530000E3915000,597080,365,97,8,152,15,11518580.8,17545,186,11,4,49,143,1,0,0,9,4,15,24,24,47,79,33,77,53,0,13,197,"69385,69244"
CRS3035RES200mN2530600E3915400,0,CRS3035RES1000mN2530000E3915000,0,CRS3035RES1000mN2530000E3915000,597084,568,105,21,39,47,10258279.6,18530,252,2,0,47,207,0,0,206,38.5,21,54.5,54,28,89,117,67,81,18,0,54,254,69385
CRS3035RES200mN2530600E3915600,0,CRS3035RES1000mN2530000E3915000,0,CRS3035RES1000mN2530000E3915000,597086,714.5,173,10,262,39,19094393.5,29298,374,0,0,374,0,0,0,33,31,12.5,20.5,50,48.5,122,130,89,129,81,1,24,374,69385
CRS3035RES200mN2530600E3915800,0,CRS3035RES1000mN2530000E3915000,0,CRS3035RES1000mN2530000E3915000,597068,150,27,9,18,5,2833084.8,4069,64,0,0,41,23,0,0,39,7,7,17,14,6,22,29,21,22,5,0,6,64,69385
CRS3035RES200mN2530600E3916000,0,CRS3035RES1000mN2530000E3916000,0,CRS3035RES1000mN2530000E3916000,597161,224.5,34,12,0,15,3331594.5,6664,87,0,0,0,87,0,0,87,11,6,15.5,27,27,33,50,21,26,8,0,24,87,69385
CRS3035RES200mN2530600E3916200,0,CRS3035RES1000mN2530000E3916000,0,CRS3035RES1000mN2530000E3916000,597173,802,115,48,1,65,12019247.6,22928,310,0,0,0,310,0,0,309,59.5,17.5,75,80,54,153,150,98,85,19,11,106,310,69385
CRS3035RES200mN2530600E3916400,0,CRS3035RES1000mN2530000E3916000,0,CRS3035RES1000mN2530000E3916000,597170,405.5,76,7,163,15,10999085.3,20228,194,3,0,0,197,0,0,0,19,10.5,16,29,16,61,69,43,88,54,0,12,197,"69385,69389"
CRS3035RES200mN2530600E3916600,0,CRS3035RES1000mN2530000E3916000,0,CRS3035RES1000mN2530000E3916000,597157,115,7,6,23,7,2900039.1,3436,13,25,0,38,0,0,0,13,7,4,12.5,17.5,5,12,28,6,7,16,0,9,38,"69389,69385"
CRS3035RES200mN2530600E3916800,0,CRS3035RES1000mN2530000E3916000,0,CRS3035RES1000mN2530000E3916000,597167,334.5,67,8,111,19,8552971.5,11218,142,18,0,150,6,4,0,0,15,7,18,25.5,32,78,64,28,50,16,1,13,160,69389
CRS3035RES200mN2530600E3917000,1,CRS3035RES1000mN2530000E3917000,0,CRS3035RES1000mN2530000E3917000,597114,11,1.3,1,2.3,0.3,356599.9,360,1.3,2.7,1,1.7,1.3,0,0,1,0,0.3,0.7,2,1.3,0.7,3,0.3,2.3,0.4,0,1,4,"69385,69389"
CRS3035RES200mN2530600E3917400,0,CRS3035RES1000mN2530000E3917000,0,CRS3035RES1000mN2530000E3917000,597123,302.5,68,14,0,26,4426804.9,6926,142,0,0,142,0,0,0,142,16,16,22,33,18.5,62,62,32,33,7,1,43,142,69385
CRS3035RES200mN2530600E3918000,1,CRS3035RES1000mN2530000E3918000,0,CRS3035RES1000mN2530000E3918000,597197,3,0.3,0.1,0.6,0.2,112502.5,137.6,1.1,0.2,0.5,0.8,0,0,0,0,0,0,0.1,0.3,0.4,0.5,0.5,0.4,0.5,0.3,0,0.1,1.3,69385
CRS3035RES200mN2530600E3918200,0,CRS3035RES1000mN2530000E3918000,0,CRS3035RES1000mN2530000E3918000,597207,352,107,7,57,20,9433682.1,13572.4,190,2,157,5,20,9,1,18,15,9,17.5,28.5,37,113,76,31,23,2,0,29,192,69385
CRS3035RES200mN2530600E3918400,0,CRS3035RES1000mN2530000E3918000,0,CRS3035RES1000mN2530000E3918000,597214,828.5,288,20,125,40,21433227,33796.4,484,1,451,2,15,17,0,65,24,15.5,35,39,100,262,169,91,72,20,1,99,485,69385
CRS3035RES200mN2530600E3918600,1,CRS3035RES1000mN2530000E3918000,0,CRS3035RES1000mN2530000E3918000,597197,8,0.7,0.3,1.6,0.6,300006.7,366.8,2.9,0.4,1.1,2.2,0,0,0,0,0,0,0.2,0.6,1.2,1.5,1.3,1.2,1.3,0.7,0,0.1,3.3,"69382,69385"
CRS3035RES200mN2530600E3918800,0,CRS3035RES1000mN2530000E3918000,0,CRS3035RES1000mN2530000E3918000,597217,1030,314,17,177,50,30789678.9,45305.1,573,4,451,8,100,16,2,57,50,20.5,40,52.5,107,334,168,79,125,53,1,73,577,69382
CRS3035RES200mN2530600E3919000,0,CRS3035RES1000mN2530000E3919000,0,CRS3035RES200mN2530600E3919000,597228,301.5,93,3,48,12,9401334.2,12733,170,0,170,0,0,0,0,7,11,6,7,14.5,45,105,50,26,26,11,0,23,170,69382
CRS3035RES200mN2530600E3919200,0,CRS3035RES1000mN2530000E3919000,0,CRS3035RES200mN2530600E3919200,597221,119.5,41,2,25,2,3475820.6,5526,69,0,65,4,0,0,0,7,4,2,5.5,7,12,40,17,17,13,2,0,9,69,"69382,69383"
CRS3035RES200mN2530600E3919400,0,CRS3035RES1000mN2530000E3919000,0,CRS3035RES200mN2530600E3919400,597224,249.5,55,7,41,8,8336470.2,12051.9,118,0,117,0,0,0,1,0,15,6.5,14,20,22,74,43,17,26,12,0,5,118,"69386,69383,69382"
CRS3035RES200mN2530600E3919600,0,CRS3035RES1000mN2530000E3919000,0,CRS3035RES200mN2530600E3919600,597241,1268.5,285,40,261,43,40748205.2,54746.9,617,3,553,14,8,32,13,39,67,23.5,57,85.5,112.5,339,209,129,154,88,4,51,620,"69386,69383"
CRS3035RES200mN2530600E3919800,0,CRS3035RES1000mN2530000E3919000,0,CRS3035RES200mN2530600E3919800,597238,971.5,170,34,249,28,34261280.4,42184.7,432,2,207,127,32,67,1,1,48,24,47,72,83.5,203,178,79,164,72,1,26,434,"69386,69383"
CRS3035RES200mN2530600E3920000,0,CRS3035RES1000mN2530000E3920000,0,CRS3035RES1000mN2530000E3920000,597304,634.5,215,13,179,24,20120451.4,24799,367,0,107,17,182,61,0,12,27,8,25.5,28,42,175,108,38,84,99,0,23,367,"69386,69383"
CRS3035RES200mN2530600E3920200,0,CRS3035RES1000mN2530000E3920000,0,CRS3035RES1000mN2530000E3920000,597305,779,155,22,186,33,24408247.8,29955,370,0,101,80,145,44,0,0,41,22.5,35,53,67.5,202,143,72,86,57,0,30,370,"69386,69383"
CRS3035RES200mN2530600E3920400,0,CRS3035RES1000mN2530000E3920000,0,CRS3035RES1000mN2530000E3920000,597300,391.5,117,7,84,10,11658794.9,15073,214,0,109,13,33,59,0,34,14,9,15.5,16,36,117,76,39,41,28,0,20,214,"69386,69383"
CRS3035RES200mN2530600E3920600,0,CRS3035RES1000mN2530000E3920000,0,CRS3035RES1000mN2530000E3920000,597311,1195,337,26,190,66,31774935.3,41739.7,638,1,285,100,187,64,3,151,51,24,48,85,96,330,240,105,130,76,10,86,639,"69386,69383"
CRS3035RES200mN2530600E3920800,0,CRS3035RES1000mN2530000E3920000,0,CRS3035RES1000mN2530000E3920000,597306,875,154,21,163,53,24048704.7,32950.9,404,0,236,167,0,0,1,111,48.5,24.5,45.5,73.5,60,197,179,89,96,61,1,49,404,69386
CRS3035RES200mN2530600E3921000,0,CRS3035RES1000mN2530000E3921000,0,CRS3035RES1000mN2530000E3921000,597336,251,58,9,66,11,7417189.7,9188,125,0,10,0,18,97,0,0,7,2,9,27,22,38,53,34,42,17,0,12,125,69386
CRS3035RES200mN2530600E3921200,0,CRS3035RES1000mN2530000E3921000,0,CRS3035RES1000mN2530000E3921000,597345,706.5,182,13,142,33,20544887.8,25020,364,6,136,89,92,53,0,24,31,13,25,55.5,58,215,134,48,82,45,0,32,370,69386
CRS3035RES200mN2530600E3921400,0,CRS3035RES1000mN2530000E3921000,0,CRS3035RES1000mN2530000E3921000,597349,916,269,23,103,57,20342948.7,27881.9,483,6,294,68,21,105,1,134,30,19,51.5,77.5,98,282,189,74,69,24,2,100,489,69386
CRS3035RES200mN2530600E3921600,0,CRS3035RES1000mN2530000E3921000,0,CRS3035RES1000mN2530000E3921000,597354,1014,310,24,136,50,21350957.1,31420,552,1,294,45,78,136,0,168,52.5,21.5,50,65,93,347,199,89,75,20,2,95,553,"69266,69386"
CRS3035RES200mN2530800E3915200,0,CRS3035RES1000mN2530000E3915000,0,CRS3035RES1000mN2530000E3915000,597067,94.5,21,1,32,1,3397327.4,5363,42,7,3,5,16,25,0,0,0,2,1,4.5,6,10,17,18,20,16,0,3,49,"69385,69244"
CRS3035RES200mN2530800E3915400,0,CRS3035RES1000mN2530000E3915000,0,CRS3035RES1000mN2530000E3915000,597081,470.5,69,16,32,37,9019337.9,15625,200,0,0,152,48,0,0,159,18.5,20.5,37.5,53,33,66,70,65,70,37,0,27,200,69385
CRS3035RES200mN2530800E3915600,0,CRS3035RES1000mN2530000E3915000,0,CRS3035RES1000mN2530000E3915000,597075,317.5,75,9,48,28,6092800.9,9866,160,0,0,160,0,0,0,78,21.5,7.5,19.5,28,24,59,60,33,33,32,0,31,160,"69385,69389"
CRS3035RES200mN2530800E3915800,0,CRS3035RES1000mN2530000E3915000,0,CRS3035RES1000mN2530000E3915000,597085,584.5,101,25,3,39,10547404.7,19215,255,2,0,2,255,0,0,254,46,13,39,59,36.5,87,84,82,89,42,7,37,257,"69385,69389"
CRS3035RES200mN2530800E3916200,0,CRS3035RES1000mN2530000E3916000,0,CRS3035RES1000mN2530000E3916000,597166,309.5,74,6,120,11,7795582.9,12020,160,0,0,0,160,0,0,0,18,4,15,20.5,14,54,54,32,58,40,0,10,160,"69389,69385"
CRS3035RES200mN2530800E3916400,0,CRS3035RES1000mN2530000E3916000,0,CRS3035RES1000mN2530000E3916000,597155,31.5,19,1,0,1,553509.9,897,23,0,0,23,0,0,0,23,0.5,0,1,2,2,7,6,4,6,3,0,3,23,"69389,69385"
CRS3035RES200mN2530800E3916600,0,CRS3035RES1000mN2530000E3916000,0,CRS3035RES1000mN2530000E3916000,597174,661,147,27,2,51,10834658,18770,322,0,0,298,0,24,0,320,52,17,42,49,42,128,108,76,95,51,1,71,322,69389
CRS3035RES200mN2530800E3916800,0,CRS3035RES1000mN2530000E3916000,0,CRS3035RES1000mN2530000E3916000,597169,358,68,5,88,21,8683266.7,12874,177,0,0,15,100,62,0,47,22,5,15,22,21,96,71,35,50,19,2,21,177,69389
CRS3035RES200mN2530800E3917000,1,CRS3035RES1000mN2530000E3917000,0,CRS3035RES1000mN2530000E3917000,597114,4,0.5,0.4,0.8,0.1,129672.7,130.9,0.5,1,0.4,0.6,0.5,0,0,0.4,0,0.1,0.2,0.7,0.5,0.3,1.1,0.1,0.9,0.1,0,0.4,1.5,"69385,69389"
CRS3035RES200mN2530800E3917400,1,CRS3035RES1000mN2530000E3917000,0,CRS3035RES1000mN2530000E3917000,597114,12,1.5,1.1,2.5,0.4,389018.1,392.7,1.5,2.9,1.1,1.8,1.5,0,0,1.1,0,0.4,0.7,2.2,1.4,0.7,3.3,0.4,2.5,0.4,0,1.1,4.4,"69385,69389"
CRS3035RES200mN2530800E3917600,1,CRS3035RES1000mN2530000E3917000,0,CRS3035RES1000mN2530000E3917000,597114,6,0.7,0.5,1.3,0.2,194509,196.4,0.7,1.5,0.6,0.9,0.7,0,0,0.5,0,0.2,0.3,1.1,0.7,0.4,1.6,0.2,1.3,0.2,0,0.5,2.2,"69385,69389"
CRS3035RES200mN2530800E3917800,0,CRS3035RES1000mN2530000E3917000,0,CRS3035RES1000mN2530000E3917000,597115,35.5,3,2,8,0,1208280.3,1481,8,3,11,0,0,0,0,1,2,0,7,3.5,2,1,6,8,4,0,2,2,11,"69385,69389"
CRS3035RES200mN2530800E3918000,1,CRS3035RES1000mN2530000E3918000,0,CRS3035RES1000mN2530000E3918000,597197,7,0.6,0.3,1.4,0.5,262505.8,321,2.5,0.4,1,1.9,0,0,0,0,0,0,0.2,0.6,1,1.3,1.1,1,1.2,0.6,0,0.1,2.9,69385
CRS3035RES200mN2530800E3918200,0,CRS3035RES1000mN2530000E3918000,0,CRS3035RES1000mN2530000E3918000,597201,124,43,1,18,10,3164303.6,5096,72,2,59,14,0,1,0,21,1,0,2,15,13,34,32,9,13,5,0,9,74,69385
CRS3035RES200mN2530800E3918400,0,CRS3035RES1000mN2530000E3918000,0,CRS3035RES1000mN2530000E3918000,597212,752,279,11,117,31,19109374.8,28077.1,452,1,449,0,0,4,0,85,27,13.5,23,52,61.5,266,151,80,58,19,1,95,453,69385
CRS3035RES200mN2530800E3918600,0,CRS3035RES1000mN2530000E3918000,0,CRS3035RES1000mN2530000E3918000,597204,229,69,2,45,9,7298416.9,10384,129,0,126,0,0,3,0,0,6,1,6.5,13.5,24,69,49,29,22,9,0,14,129,"69381,69385,69382"
CRS3035RES200mN2530800E3918800,0,CRS3035RES1000mN2530000E3918000,0,CRS3035RES1000mN2530000E3918000,597215,833,270,13,134,33,23055571.6,34460,486,0,455,10,10,11,0,27,25.5,9,30.5,37,75,327,154,72,73,30,0,62,486,"69381,69382"
CRS3035RES200mN2530800E3919000,0,CRS3035RES1000mN2530000E3919000,0,CRS3035RES200mN2530800E3919000,597236,719,225,16,60,28,19397875.2,28770.6,396,0,379,10,6,0,1,48,35.5,15,28,36.5,84,270,125,54,50,20,1,65,396,"69382,69381"
CRS3035RES200mN2530800E3919200,0,CRS3035RES1000mN2530000E3919000,0,CRS3035RES200mN2530800E3919200,597222,153,34,2,16,10,4376448.4,6561,76,0,76,0,0,0,0,20,7,4.5,7.5,9,23,51,30,10,9,2,0,12,76,"69382,69381"
CRS3035RES200mN2530800E3919400,0,CRS3035RES1000mN2530000E3919000,0,CRS3035RES200mN2530800E3919400,597225,313.5,59,14,68,7,11336410.1,15515.8,142,1,141,0,0,0,2,0,11,5,10.5,29,28,75,59,34,43,19,0,14,143,"69386,69382,69381"
CRS3035RES200mN2530800E3919600,0,CRS3035RES1000mN2530000E3919000,0,CRS3035RES200mN2530800E3919600,597242,1266.5,350,34,231,48,38029591.6,46737.6,666,4,611,11,0,46,2,31,59,24,59.5,86.5,120.5,388,237,102,132,54,4,89,670,69386
CRS3035RES200mN2530800E3919800,0,CRS3035RES1000mN2530000E3919000,0,CRS3035RES200mN2530800E3919800,597229,484.5,107,12,105,21,16356704.9,20503.9,238,0,92,27,29,89,1,10,14,8,17.5,43.5,49.5,107,100,53,57,35,0,26,238,69386
CRS3035RES200mN2530800E3920000,0,CRS3035RES1000mN2530000E3920000,0,CRS3035RES1000mN2530000E3920000,597312,1436,338,35,345,54,44062679.9,53902,715,0,151,35,442,87,0,109,62,27.5,59.5,110,110,255,265,181,195,170,1,77,715,69386
CRS3035RES200mN2530800E3920200,0,CRS3035RES1000mN2530000E3920000,0,CRS3035RES1000mN2530000E3920000,597308,1021,224,17,257,35,30581868.5,38657,513,0,11,121,381,0,0,70,44,23,49.5,62,56.5,245,174,108,144,115,0,49,513,69386
CRS3035RES200mN2530800E3920400,0,CRS3035RES1000mN2530000E3920000,0,CRS3035RES1000mN2530000E3920000,597310,1197.5,313,23,183,70,32262937,42374.9,630,0,207,145,212,65,1,172,49,20.5,46.5,78.5,105,336,230,147,127,55,3,103,630,69386
CRS3035RES200mN2530800E3920600,0,CRS3035RES1000mN2530000E3920000,0,CRS3035RES1000mN2530000E3920000,597309,980,313,19,110,46,26581753.8,35033,546,0,429,1,77,39,0,95,39,21.5,44,72,85.5,313,204,97,69,34,1,62,546,69386
CRS3035RES200mN2530800E3920800,0,CRS3035RES1000mN2530000E3920000,0,CRS3035RES1000mN2530000E3920000,597298,489,62,15,127,20,16675894.4,20342,204,1,185,20,0,0,0,20,29.5,15,30,36,42.5,82,97,56,68,33,0,11,205,69386
CRS3035RES200mN2530800E3921000,1,CRS3035RES1000mN2530000E3921000,0,CRS3035RES1000mN2530000E3921000,597334,7.5,2.2,0.1,0.8,0.6,163145.5,244.5,4.2,0,0,4.1,0,0.1,0,0.2,0.5,0.2,0.1,0.5,0.9,1.8,1.7,0.6,0.7,0.5,0,0.4,4.2,69386
CRS3035RES200mN2530800E3921200,0,CRS3035RES1000mN2530000E3921000,0,CRS3035RES1000mN2530000E3921000,597343,579.5,162,9,125,22,16901326.7,22278.9,314,2,134,5,51,125,1,0,15,5,22.5,37,65,174,106,71,57,27,0,35,316,69386
CRS3035RES200mN2530800E3921400,0,CRS3035RES1000mN2530000E3921000,0,CRS3035RES1000mN2530000E3921000,597351,1025,266,25,220,46,28099007.4,34221,508,5,194,20,25,274,0,30,65,31,62,72,109,309,196,88,73,19,1,73,513,"69386,69266"
CRS3035RES200mN2530800E3921600,0,CRS3035RES1000mN2530000E3921000,0,CRS3035RES1000mN2530000E3921000,597347,945,233,30,177,47,20781131.6,26971,467,4,146,129,24,172,0,16,56,22.5,42,64,92.5,339,165,66,64,34,0,83,471,"69266,69386"
CRS3035RES200mN2531000E3915200,0,CRS3035RES1000mN2531000E3915000,0,CRS3035RES1000mN2531000E3915000,597051,206.5,32,4,68,13,4688223.6,6766,87,5,5,87,0,0,0,0,7,2.5,13,14,27,38,38,29,29,9,0,10,92,"69244,69389,69385"
CRS3035RES200mN2531000E3915400,0,CRS3035RES1000mN2531000E3915000,0,CRS3035RES1000mN2531000E3915000,597063,521,99,15,169,27,12635367.1,17115,244,3,2,145,99,1,0,2,28,10,34,30,46,129,108,40,79,16,1,20,247,"69389,69385"
CRS3035RES200mN2531000E3915600,0,CRS3035RES1000mN2531000E3915000,0,CRS3035RES1000mN2531000E3915000,597061,397,75,11,129,17,10214513.8,15276,184,0,0,3,181,0,0,17,20,14,18.5,29.5,28,76,58,55,69,29,0,15,184,"69389,69385"
CRS3035RES200mN2531000E3915800,0,CRS3035RES1000mN2531000E3915000,0,CRS3035RES1000mN2531000E3915000,597050,118,75,3,13,2,2913283.7,4390,79,10,0,11,77,1,0,0,0,2,7,2,5,5,11,7,13,66,0,5,89,69389
CRS3035RES200mN2531000E3916000,1,CRS3035RES1000mN2531000E3916000,0,CRS3035RES1000mN2531000E3916000,597175,1,0.2,0,0.2,0,20384,36.6,0.4,0.1,0.3,0,0,0.2,0,0,0.1,0,0.1,0.1,0,0.3,0.2,0.1,0.1,0,0,0.1,0.5,69389
CRS3035RES200mN2531000E3916400,0,CRS3035RES1000mN2531000E3916000,0,CRS3035RES1000mN2531000E3916000,597181,320.5,16,20,2,29,5123675.6,7577,105,2,2,68,37,0,0,105,33,18.5,24.5,40,28.5,76,58,14,13,8,7,27,107,69389
CRS3035RES200mN2531000E3916600,0,CRS3035RES1000mN2531000E3916000,0,CRS3035RES1000mN2531000E3916000,597188,420,56,18,0,41,7113771.4,11320,164,7,0,171,0,0,0,98,42,19.5,23.5,39.5,34.5,104,62,36,34,25,0,45,171,69389
CRS3035RES200mN2531000E3916800,0,CRS3035RES1000mN2531000E3916000,0,CRS3035RES1000mN2531000E3916000,597177,98,15,0,36,5,2678694,3872,48,0,0,0,37,11,0,0,4,1,3,4,10,18,14,10,28,6,0,4,48,69389
CRS3035RES200mN2531000E3917000,0,CRS3035RES1000mN2531000E3917000,0,CRS3035RES1000mN2531000E3917000,597146,275,81,4,102,9,7452924.4,11500.6,146,8,5,146,0,3,0,1,10,7.5,10.5,10,22,78,48,34,35,20,0,16,154,69389
CRS3035RES200mN2531000E3917200,0,CRS3035RES1000mN2531000E3917000,0,CRS3035RES1000mN2531000E3917000,597141,227.5,57,4,70,7,6597490.2,9550,116,6,10,0,108,4,0,0,12,7,9,9.5,14,63,39,23,41,10,0,13,122,69389
CRS3035RES200mN2531000E3917400,0,CRS3035RES1000mN2531000E3917000,0,CRS3035RES1000mN2531000E3917000,597133,88,20,3,20,5,2726405,3599,32,9,29,6,0,6,0,0,1,1,8,7,8,24,14,13,5,6,1,5,41,"69389,69385"
CRS3035RES200mN2531000E3917600,0,CRS3035RES1000mN2531000E3917000,0,CRS3035RES1000mN2531000E3917000,597145,248.5,80,3,65,7,6719960,9103,132,8,134,3,1,2,0,19,17,5.5,15,5,15,104,45,23,17,2,0,22,140,"69389,69385,69381"
CRS3035RES200mN2531000E3917800,0,CRS3035RES1000mN2531000E3917000,0,CRS3035RES1000mN2531000E3917000,597139,245.5,59,8,43,11,6696837.4,9397,105,15,93,0,0,27,0,28,9,6,18,23.5,23,55,59,27,21,2,2,20,120,"69385,69389,69381"
CRS3035RES200mN2531000E3918000,0,CRS3035RES1000mN2531000E3918000,0,CRS3035RES200mN2531000E3918000,597273,377.5,107,3,99,18,10829558.8,15223.7,210,2,210,0,1,0,1,38,20,6,13,18,19.5,129,84,36,42,10,0,30,212,69385
CRS3035RES200mN2531000E3918200,0,CRS3035RES1000mN2531000E3918000,0,CRS3035RES200mN2531000E3918200,597269,187.5,57,3,36,7,4950732.7,6728,104,0,90,7,0,7,0,0,8,1,6,8.5,21,66,27,22,17,10,1,19,104,69385
CRS3035RES200mN2531000E3918400,0,CRS3035RES1000mN2531000E3918000,0,CRS3035RES200mN2531000E3918400,597271,371.5,98,8,70,13,10190630.9,14649.7,198,0,195,0,0,1,2,0,13,3,24,25.5,40,109,68,29,43,17,0,36,198,"69385,69381"
CRS3035RES200mN2531000E3918600,0,CRS3035RES1000mN2531000E3918000,0,CRS3035RES200mN2531000E3918600,597285,895,217,16,190,39,25248176,38036.8,461,1,445,0,0,17,0,53,38.5,23,38,43,82.5,262,180,87,106,33,2,68,462,"69381,69385"
CRS3035RES200mN2531000E3918800,0,CRS3035RES1000mN2531000E3918000,0,CRS3035RES200mN2531000E3918800,597278,551.5,195,12,98,25,14799292.2,21721,331,0,286,43,0,2,0,39,16.5,6,16,26,61,205,107,39,50,19,6,47,331,69381
CRS3035RES200mN2531000E3919000,0,CRS3035RES1000mN2531000E3919000,0,CRS3035RES1000mN2531000E3919000,597253,568,171,11,77,29,15611365.7,22714,319,0,306,11,0,2,0,22,25,8,24,38,53,232,96,30,43,19,0,50,319,69381
CRS3035RES200mN2531000E3919200,0,CRS3035RES1000mN2531000E3919000,0,CRS3035RES1000mN2531000E3919000,597249,400,111,15,75,11,12175517,16924,207,0,178,0,0,29,0,14,17,6,13.5,29.5,60,128,81,37,16,12,0,27,207,69381
CRS3035RES200mN2531000E3919400,0,CRS3035RES1000mN2531000E3919000,0,CRS3035RES1000mN2531000E3919000,597247,310.5,50,10,63,10,11272386.9,16227.8,136,1,134,0,0,1,2,0,14,7,16,23.5,27,65,63,36,44,15,0,7,137,"69386,69381"
CRS3035RES200mN2531000E3919600,0,CRS3035RES1000mN2531000E3919000,0,CRS3035RES1000mN2531000E3919000,597260,1157.5,233,35,204,30,38894849.4,46487.7,541,0,540,0,0,0,1,15,65,21,76,79.5,84,291,248,117,128,48,0,31,541,69386
CRS3035RES200mN2531000E3919800,0,CRS3035RES1000mN2531000E3919000,0,CRS3035RES1000mN2531000E3919000,597262,1216.5,280,28,229,62,41247929.2,47996.5,600,3,391,23,117,71,1,8,53,26,59.5,98.5,94.5,296,246,136,132,71,4,48,603,69386
CRS3035RES200mN2531000E3920000,0,CRS3035RES1000mN2531000E3920000,0,CRS3035RES1000mN2531000E3920000,597322,908.5,188,20,190,34,30102378.3,35264.9,436,0,224,48,76,87,1,50,41,15,38,71.5,89,225,178,87,109,53,2,40,436,69386
CRS3035RES200mN2531000E3920200,0,CRS3035RES1000mN2531000E3920000,0,CRS3035RES1000mN2531000E3920000,597332,1489.5,346,39,259,100,35380207.2,49325.9,738,0,241,203,198,95,1,213,84.5,39,77.5,105.5,130,359,269,130,168,123,4,134,738,69386
CRS3035RES200mN2531000E3920400,0,CRS3035RES1000mN2531000E3920000,0,CRS3035RES1000mN2531000E3920000,597328,1062.5,384,26,150,52,27300302.9,34870.9,623,1,296,63,120,145,0,174,47,20,45,77,84.5,304,183,80,135,87,0,102,624,69386
CRS3035RES200mN2531000E3920600,0,CRS3035RES1000mN2531000E3920000,0,CRS3035RES1000mN2531000E3920000,597333,1390.5,500,18,232,62,38559911.8,49139.7,835,0,763,43,10,16,3,58,57,24,50.5,66,124.5,561,240,125,89,52,1.5,100,835,69386
CRS3035RES200mN2531000E3920800,0,CRS3035RES1000mN2531000E3920000,0,CRS3035RES1000mN2531000E3920000,597321,861,147,19,209,39,28509527.1,36162.9,398,2,314,86,0,0,0,0,46,17,36.5,63.5,74,181,161,90,128,64,0,26,400,69386
CRS3035RES200mN2531000E3921000,0,CRS3035RES1000mN2531000E3921000,0,CRS3035RES200mN2531000E3921000,597361,257.5,46,7,25,20,5217645,8423,117,0,0,14,103,0,0,70,13,4,13,22.5,25,62,39,28,36,14,1,23,117,69386
CRS3035RES200mN2531000E3921200,0,CRS3035RES1000mN2531000E3921000,0,CRS3035RES200mN2531000E3921200,597374,858.5,213,26,227,25,25807205.2,31670,419,15,35,53,249,97,0,10,26.5,18,43.5,70.5,71,190,160,93,121,65,0,45,434,"69386,69266"
CRS3035RES200mN2531000E3921400,0,CRS3035RES1000mN2531000E3921000,0,CRS3035RES200mN2531000E3921400,597375,795.5,248,20,135,35,18685688.8,26409.5,417,18,219,42,45,127,2,61,37,19.5,48,46,97,242,146,61,82,16,1,66,435,"69266,69386"
CRS3035RES200mN2531200E3915200,0,CRS3035RES1000mN2531000E3915000,0,CRS3035RES1000mN2531000E3915000,597045,110,5,9,27,1,4597989.6,4783,3,29,20,8,0,4,0,0,3,2,10.5,19.5,18,6,32,7,7,5,0,1,32,"69244,69389"
CRS3035RES200mN2531200E3915400,0,CRS3035RES1000mN2531000E3915000,0,CRS3035RES1000mN2531000E3915000,597048,138,22,8,40,4,3051626.4,4405,47,8,8,45,1,1,0,1,8,7,8,19,11,27,24,14,12,8,0,4,55,"69389,69244"
CRS3035RES200mN2531200E3915600,0,CRS3035RES1000mN2531000E3915000,0,CRS3035RES1000mN2531000E3915000,597060,485,55,23,55,32,8819155.2,14147.5,180,0,0,0,179,0,1,114,39.5,14,37,68,41.5,97,99,32,40,16,1,35,180,69389
CRS3035RES200mN2531200E3915800,0,CRS3035RES1000mN2531000E3915000,0,CRS3035RES1000mN2531000E3915000,597056,335.5,40,11,116,16,8758381.2,12474,142,1,0,1,142,0,0,0,12,6.5,22,30,27,57,61,41,59,20,0,5,143,69389
CRS3035RES200mN2531200E3916000,0,CRS3035RES1000mN2531000E3916000,0,CRS3035RES1000mN2531000E3916000,597178,143.5,40,3,0,10,2083672.2,3867,75,1,75,0,0,1,0,75,10.5,2,12,10,6,36,28,14,18,7,0,24,76,69389
CRS3035RES200mN2531200E3916200,0,CRS3035RES1000mN2531000E3916000,0,CRS3035RES1000mN2531000E3916000,597189,505,61,35,2,26,7825019,12461,177,1,81,0,79,18,0,176,36,18,49,57,48,79,107,44,42,24,1,54,178,69389
CRS3035RES200mN2531200E3916400,0,CRS3035RES1000mN2531000E3916000,0,CRS3035RES1000mN2531000E3916000,597192,570,165,19,0,45,8824222.2,16047,294,0,173,83,38,0,0,286,41,19,34,41,38,88,100,78,71,59,1,89,294,69389
CRS3035RES200mN2531200E3916600,0,CRS3035RES1000mN2531000E3916000,0,CRS3035RES1000mN2531000E3916000,597186,315,65,9,21,22,5650130,9713,149,0,0,81,0,68,0,109,15,10.5,17,27.5,20,65,63,50,30,17,0,36,149,69389
CRS3035RES200mN2531200E3916800,0,CRS3035RES1000mN2531000E3916000,0,CRS3035RES1000mN2531000E3916000,597183,269.5,45,14,1,15,4939841.8,7465.5,111,0,0,0,41,69,1,0,18,8,22.5,38,21,84,52,17,6,3,0,17,111,69389
CRS3035RES200mN2531200E3917000,0,CRS3035RES1000mN2531000E3917000,0,CRS3035RES1000mN2531000E3917000,597149,351,85,8,44,28,7292739.8,11321,177,1,22,151,0,5,0,110,20,7,19,26,31,79,62,56,33,16,2,31,178,69389
CRS3035RES200mN2531200E3917200,0,CRS3035RES1000mN2531000E3917000,0,CRS3035RES1000mN2531000E3917000,597148,312.5,81,3,89,9,7753191.2,10502.5,166,2,41,117,5,4,1,0,14,11,10.5,10,19,125,48,22,34,19,0,24,168,69389
CRS3035RES200mN2531200E3917400,0,CRS3035RES1000mN2531000E3917000,0,CRS3035RES1000mN2531000E3917000,597138,154.5,36,4,38,5,4764176.6,6310,78,1,53,0,1,25,0,1,9,1.5,9,10,10,48,31,21,14,1,0,10,79,"69381,69389"
CRS3035RES200mN2531200E3917600,0,CRS3035RES1000mN2531000E3917000,0,CRS3035RES1000mN2531000E3917000,597132,77,16,1,19,1,2532708.9,3109.8,35,3,5,32,0,0,1,0,3,1,3,4,4,22,14,9,8,8,1,2,38,"69381,69389"
CRS3035RES200mN2531200E3917800,0,CRS3035RES1000mN2531000E3917000,0,CRS3035RES1000mN2531000E3917000,597137,128.5,32,5,42,5,4389679.9,6730,67,3,50,0,0,20,0,0,2,2.5,8,6,7,34,23,12,24,10,0,8,70,"69381,69385"
CRS3035RES200mN2531200E3918000,0,CRS3035RES1000mN2531000E3918000,0,CRS3035RES200mN2531200E3918000,597270,289.5,46,9,41,15,8289782,12453,126,0,107,19,0,0,0,0,10,6,12,34.5,33,62,62,28,26,15,1,10,126,"69381,69385"
CRS3035RES200mN2531200E3918200,0,CRS3035RES1000mN2531000E3918000,0,CRS3035RES200mN2531200E3918200,597272,393.5,105,11,105,10,11177373.1,16933,208,0,208,0,0,0,0,0,15,3,13,24,42,110,71.5,36,50,26,3,28,208,"69381,69385"
CRS3035RES200mN2531200E3918400,0,CRS3035RES1000mN2531000E3918000,0,CRS3035RES200mN2531200E3918400,597290,1146.5,296,29,197,66,30133345.4,43583,598,0,439,0,51,108,0,129,35.5,22,54,89.5,116.5,361,231,102,96,38,1,116,598,"69381,69385"
CRS3035RES200mN2531200E3918600,0,CRS3035RES1000mN2531000E3918000,0,CRS3035RES200mN2531200E3918600,597289,963,320,17,213,37,26551383.9,39670,556,0,521,0,0,35,0,42,35,13.5,31.5,62,81.5,310.5,202,93,96,38,0,78,556,69381
CRS3035RES200mN2531200E3918800,0,CRS3035RES1000mN2531000E3918000,0,CRS3035RES200mN2531200E3918800,597291,1512,484,28,252,80,36078377.1,55117,858,0,836,0,20,2,0,150,54,27.5,74.5,100.5,130.5,587,303,119,86,29,1,170,858,69381
CRS3035RES200mN2531200E3919000,0,CRS3035RES1000mN2531000E3919000,0,CRS3035RES1000mN2531000E3919000,597266,1534,556,23,184,64,35163644.2,56334.2,922,2,916,4,2,0,2,245,62.5,25,54,86,139.5,656,288,97,95,31,0,196,924,69381
CRS3035RES200mN2531200E3919200,0,CRS3035RES1000mN2531000E3919000,0,CRS3035RES1000mN2531000E3919000,597245,173,55,3,37,6,5257885.9,7732,102,0,97,0,0,5,0,0,7,2,5,5,12,74,32,17,17,2,0,16,102,69381
CRS3035RES200mN2531200E3919400,0,CRS3035RES1000mN2531000E3919000,0,CRS3035RES1000mN2531000E3919000,597244,204,27,10,40,4,8182937.9,11184,82,0,75,7,0,0,0,0,9,4,6,20,20,35,41,21,29,19,0,2,82,"69386,69381"
CRS3035RES200mN2531200E3919600,0,CRS3035RES1000mN2531000E3919000,0,CRS3035RES1000mN2531000E3919000,597251,738.5,107,34,164,32,26798755.8,35309.9,309,1,246,26,0,38,0,13,36,10,37,77.5,70,108,156,94,98,50,2,21,310,69386
CRS3035RES200mN2531200E3919800,0,CRS3035RES1000mN2531000E3919000,0,CRS3035RES1000mN2531000E3919000,597255,848,177,18,205,37,29205021,38612.6,406,3,341,68,0,0,0,0,38,17.5,33,61.5,79,203,151,89,107,68,1,31,409,69386
CRS3035RES200mN2531200E3920000,0,CRS3035RES1000mN2531000E3920000,0,CRS3035RES1000mN2531000E3920000,597326,1161.5,251,30,217,68,37471045.1,46421.9,561,0,292,164,0,103,2,48,48.5,28.5,59,93.5,118,268,213,147,114,72,0,47,561,69386
CRS3035RES200mN2531200E3920200,0,CRS3035RES1000mN2531000E3920000,0,CRS3035RES1000mN2531000E3920000,597329,1114.5,356,23,177,48,33390968,40938.5,629,2,576,15,22,17,1,75,30,19.5,48,70,100,383,212,107,109,36,0,69,631,69386
CRS3035RES200mN2531200E3920400,0,CRS3035RES1000mN2531000E3920000,0,CRS3035RES1000mN2531000E3920000,597331,1369,317,32,251,66,42216698,49526.5,672,5,390,55,99,132,1,72,78,33,79.5,93,104.5,383,263,125,140,68,2,76,677,69386
CRS3035RES200mN2531200E3920600,0,CRS3035RES1000mN2531000E3920000,0,CRS3035RES1000mN2531000E3920000,597324,880,267,19,185,38,26453745.4,34202.7,492,4,408,69,0,18,1,12,35.5,15.5,30,53,71,308,154,74,87,51,1,67,496,69386
CRS3035RES200mN2531200E3920800,0,CRS3035RES1000mN2531000E3920000,0,CRS3035RES1000mN2531000E3920000,597319,739,171,18,147,28,21792814.1,28118.6,363,3,242,62,48,9,5,19,40,12.5,38,52.5,75,217,138,64,63,39,0,47,366,69386
CRS3035RES200mN2531200E3921000,0,CRS3035RES1000mN2531000E3921000,0,CRS3035RES200mN2531200E3921000,597366,569,199,12,108,22,15177174.4,21405,330,4,186,41,52,55,0,26,26,11.5,20.5,32,59,215,81,44,54,25,1,50,334,"69386,69266"
CRS3035RES200mN2531200E3921200,0,CRS3035RES1000mN2531000E3921000,0,CRS3035RES200mN2531200E3921200,597370,707,178,11,135,32,18456541.3,22243,368,4,147,31,61,133,0,52,40.5,9.5,31,33,66,268,101,67,65,26,0,63,372,"69266,69386"
CRS3035RES200mN2531400E3915400,0,CRS3035RES1000mN2531000E3915000,0,CRS3035RES1000mN2531000E3915000,597059,368.5,63,14,96,18,9587758,14418,157,8,1,114,0,50,0,44,24.5,8,26,25.5,27.5,67,76,44,39,31,0,11,165,"69244,69389"
CRS3035RES200mN2531400E3915600,0,CRS3035RES1000mN2531000E3915000,0,CRS3035RES1000mN2531000E3915000,597062,482.5,83,5,182,22,14067030.3,20836,215,14,0,29,200,0,0,0,17,11.5,25,29,34,81,84,54,97,50,0,7,229,"69389,69244"
CRS3035RES200mN2531400E3915800,1,CRS3035RES1000mN2531000E3915000,0,CRS3035RES1000mN2531000E3915000,597043,2,0.2,0.2,0.5,0,65249.8,66.4,0.2,0.4,0.3,0,0.3,0,0,0,0.1,0,0.2,0.2,0.3,0.2,0.5,0.3,0.1,0.1,0,0.1,0.6,69389
CRS3035RES200mN2531400E3916000,0,CRS3035RES1000mN2531000E3916000,0,CRS3035RES1000mN2531000E3916000,597179,212,30,13,17,18,3494970.8,6463,74,11,35,1,23,26,0,42,15,5,12,26,22,38,54,19,16,4,1,24,85,69389
CRS3035RES200mN2531400E3916200,0,CRS3035RES1000mN2531000E3916000,0,CRS3035RES1000mN2531000E3916000,597180,241,43,13,35,9,4485136.9,7286,105,0,5,33,0,67,0,47,19.5,6,21.5,20,19,57,46,18,20,14,0,22,105,69389
CRS3035RES200mN2531400E3916400,0,CRS3035RES1000mN2531000E3916000,0,CRS3035RES1000mN2531000E3916000,597187,325.5,75,3,68,8,8454571.6,9921,164,0,0,0,0,164,0,0,25,10,10,17,31.5,126,64,23,18,1,0,18,164,69389
CRS3035RES200mN2531400E3916600,0,CRS3035RES1000mN2531000E3916000,0,CRS3035RES1000mN2531000E3916000,597190,382,101,8,57,13,9706368.6,11518,191,7,39,1,8,150,0,11,27,9,18,26,46,132,67,24,20,11,2,36,198,69389
CRS3035RES200mN2531400E3916800,0,CRS3035RES1000mN2531000E3916000,0,CRS3035RES1000mN2531000E3916000,597184,221,97,2,49,9,6096109.1,7936,146,0,0,0,0,146,0,0,9,1,4,11,26,90,38,18,18,6,0,19,146,69389
CRS3035RES200mN2531400E3917000,0,CRS3035RES1000mN2531000E3917000,0,CRS3035RES1000mN2531000E3917000,597142,286.5,45,8,10,24,4923294.1,7795,123,1,10,110,0,4,0,109,26,8,24,20.5,28,73,46,24,22,14,1,40,124,69389
CRS3035RES200mN2531400E3917200,0,CRS3035RES1000mN2531000E3917000,0,CRS3035RES1000mN2531000E3917000,597134,81.5,21,3,13,3,2005681.4,2668,41,0,41,0,0,0,0,16,5,4,5.5,5,9,29,12,8,2,2,0,13,41,"69389,69381"
CRS3035RES200mN2531400E3917400,1,CRS3035RES1000mN2531000E3917000,0,CRS3035RES1000mN2531000E3917000,597130,42,4.6,0.9,4.6,1.8,1434761.9,1455.4,14.6,0.9,2.7,0,0.9,11.9,0,6.4,2.7,3.7,1.8,2.7,4.6,8.2,10.1,6.4,0.9,0.9,0,0.9,15.5,"69381,69389"
CRS3035RES200mN2531400E3917600,0,CRS3035RES1000mN2531000E3917000,0,CRS3035RES1000mN2531000E3917000,597151,625,101,17,121,41,18287000.3,23268,270,10,71,1,62,146,0,96,34,14,36,63.5,51.5,132,125,70,72,26,1,33,280,69381
CRS3035RES200mN2531400E3917800,0,CRS3035RES1000mN2531000E3917000,0,CRS3035RES1000mN2531000E3917000,597136,129,19,4,36,8,4235539.3,5405,56,0,11,26,19,0,0,0,3,2,6,14.5,18.5,12,23,17,22,11,0,7,56,69381
CRS3035RES200mN2531400E3918000,0,CRS3035RES1000mN2531000E3918000,0,CRS3035RES200mN2531400E3918000,597268,71.5,11,2,12,4,2256383.2,2657,30,1,20,0,0,11,0,0,1,2,0,7,11,12.5,15,15,6,2,0,1,31,69381
CRS3035RES200mN2531400E3918200,0,CRS3035RES1000mN2531000E3918000,0,CRS3035RES200mN2531400E3918200,597277,552,140,10,137,39,14774345.5,19304.8,284,4,285,0,0,3,0,21,23.5,6,33,42.5,44,164,101,66,57,15,0,38,288,69381
CRS3035RES200mN2531400E3918400,0,CRS3035RES1000mN2531000E3918000,0,CRS3035RES200mN2531400E3918400,597287,949.5,245,16,192,60,24550645.9,33838,507,0,481,0,0,26,0,33,51.5,18,56.5,48.5,63,359,189,67,74,23,0,72,507,69381
CRS3035RES200mN2531400E3918600,0,CRS3035RES1000mN2531000E3918000,0,CRS3035RES200mN2531400E3918600,597275,501,132,14,77,32,12040413.1,17808,257,0,245,0,0,12,0,71,26,8,25.5,49.5,36,147,117,38,43,11,0,34,257,69381
CRS3035RES200mN2531400E3918800,0,CRS3035RES1000mN2531000E3918000,0,CRS3035RES200mN2531400E3918800,597292,1629.5,484,34,277,112,36860844.3,53002.9,891,1,837,0,22,32,1,220,67.5,50,100,105,110,552,355,144,113,32,1,208,892,69381
CRS3035RES200mN2531400E3919000,0,CRS3035RES1000mN2531000E3919000,0,CRS3035RES1000mN2531000E3919000,597265,1590.5,474,29,271,84,38102610.6,54769.8,874,1,798,20,20,37,0,121,76,29.5,82.5,99,109,630,311.5,130,95,26,2,134,875,69381
CRS3035RES200mN2531400E3919200,0,CRS3035RES1000mN2531000E3919000,0,CRS3035RES1000mN2531000E3919000,597252,589,152,8,101,25,16124295.4,24090.9,311,0,298,10,0,0,3,60,20,11,19.5,29.5,69,202,122,52,51,13,0,46,311,69381
CRS3035RES200mN2531400E3919400,0,CRS3035RES1000mN2531000E3919000,0,CRS3035RES1000mN2531000E3919000,597246,254,43,8,46,9,9123792.4,12771,118,0,113,0,5,0,0,0,17,5.5,11,16.5,16,53,56,28,37,14,0,7,118,"69386,69381"
CRS3035RES200mN2531400E3919600,0,CRS3035RES1000mN2531000E3919000,0,CRS3035RES1000mN2531000E3919000,597263,1293.5,252,44,313,43,45065912.9,58259.7,604,2,459,63,8,74,2,36,51,28.5,77,97.5,90.5,270,251,140,190,97,1,40,606,69386
CRS3035RES200mN2531400E3919800,0,CRS3035RES1000mN2531000E3919000,0,CRS3035RES1000mN2531000E3919000,597257,935,176,26,212,35,34451924.6,39238.9,431,1,190,92,72,78,0,9,49,26,45,79.5,74.5,185,186,115,113,62,0,31,432,69386
CRS3035RES200mN2531400E3920000,0,CRS3035RES1000mN2531000E3920000,0,CRS3035RES1000mN2531000E3920000,597327,1087,305,17,290,48,35934743.2,46177.5,595,0,67,57,421,48,2,99,32,11,45,66,67,244,190,119,172,141,0,56,595,69386
CRS3035RES200mN2531400E3920200,0,CRS3035RES1000mN2531000E3920000,0,CRS3035RES1000mN2531000E3920000,597323,1013,179,26,274,34,33617262.5,39630.7,464,5,134,186,71,78,0,0,47,20.5,60,74.5,71,229,180,100,134,96,1,42,469,69386
CRS3035RES200mN2531400E3920400,0,CRS3035RES1000mN2531000E3920000,0,CRS3035RES1000mN2531000E3920000,597325,1217.5,210,33,269,41,44001764.3,48578.9,544,2,199,105,146,96,0,15,52,26.5,74.5,97.5,111,241,263,121,154,75,2,31,546,69386
CRS3035RES200mN2531400E3920600,0,CRS3035RES1000mN2531000E3920000,0,CRS3035RES1000mN2531000E3920000,597320,874,114,27,205,30,32821075.8,41847.7,375,0,192,59,24,99,1,38,33,14.5,43.5,99,64,120,199,103,120,77,1,25,375,69386
CRS3035RES200mN2531400E3920800,1,CRS3035RES1000mN2531000E3920000,0,CRS3035RES1000mN2531000E3920000,597314,47.5,2,3.9,0,2,1275459.9,1768.8,13.7,0,12.7,0,1,0,0,0,2.9,2,5.9,7.3,2.9,5.9,16.7,3.9,0,0,0,1,13.7,"69386,69266"
CRS3035RES200mN2531400E3921000,0,CRS3035RES1000mN2531000E3921000,0,CRS3035RES200mN2531400E3921000,597365,692,129,14,102,31,19694013.9,23122.9,314,12,25,0,54,246,1,61,48,20,47.5,36,53.5,257,119,53,47,11,0,31,326,"69266,69386"
CRS3035RES200mN2531600E3915600,0,CRS3035RES1000mN2531000E3915000,0,CRS3035RES1000mN2531000E3915000,597049,166,29,4,53,10,3758892.2,5866,71,8,0,40,39,0,0,3,7,2,9,10,15,32,30,21,31,8,1,10,79,"69389,69244"
CRS3035RES200mN2531600E3915800,0,CRS3035RES1000mN2531000E3915000,0,CRS3035RES1000mN2531000E3915000,597053,227,64,5,99,6,5309852.6,8076,125,0,0,125,0,0,0,0,6,2,10.5,12.5,12,40,44,21,55,23,1,4,125,69389
CRS3035RES200mN2531600E3916000,1,CRS3035RES1000mN2531000E3916000,0,CRS3035RES1000mN2531000E3916000,597175,18,4.4,0.8,4.4,0.5,366912.5,658.4,6.3,2.4,5.5,0.5,0,2.7,0,0,1.4,0,1.4,1.6,0.5,5.4,3.3,1.9,2.2,0.3,0,1.1,8.7,69389
CRS3035RES200mN2531600E3916200,0,CRS3035RES1000mN2531000E3916000,0,CRS3035RES1000mN2531000E3916000,597176,60,18,1,17,3,1745569.9,2056,31,3,0,0,0,34,0,0,1,1,6,3,4,26,12,2,5,0,0,1,34,69389
CRS3035RES200mN2531600E3916400,0,CRS3035RES1000mN2531000E3916000,0,CRS3035RES1000mN2531000E3916000,597185,238,87,2,60,7,6303623.5,8193,145,2,45,1,0,101,0,6,7,1.5,6,6.5,18,112,52,21,8,6,0,12,147,69389
CRS3035RES200mN2531600E3916600,0,CRS3035RES1000mN2531000E3916000,0,CRS3035RES1000mN2531000E3916000,597182,253,38,4,41,7,6493129.5,7510.2,106,3,17,0,0,82,10,0,21,7,9.5,20.5,22,92,46,18,14,3,0,12,109,69389
CRS3035RES200mN2531600E3916800,0,CRS3035RES1000mN2531000E3916000,0,CRS3035RES1000mN2531000E3916000,597193,827,137,21,134,37,20813711,25610,372,0,9,0,0,363,0,96,76,32,56.5,53,39.5,307,153,57,37,16,0,33,372,69389
CRS3035RES200mN2531600E3917000,0,CRS3035RES1000mN2531000E3917000,0,CRS3035RES1000mN2531000E3917000,597135,97,22,1,33,4,3068514.3,4457,46,2,11,22,14,1,0,0,5,1,5,7,7,18,25,11,9,9,0,5,48,69389
CRS3035RES200mN2531600E3917200,0,CRS3035RES1000mN2531000E3917000,0,CRS3035RES1000mN2531000E3917000,597144,273.5,65,6,60,12,7483181.4,10508,136,2,55,0,20,63,0,18,18,5,14,10.5,24,91,43,28,30,10,0,12,138,"69389,69384,69381"
CRS3035RES200mN2531600E3917400,1,CRS3035RES1000mN2531000E3917000,0,CRS3035RES1000mN2531000E3917000,597130,2,0.2,0,0.2,0.1,68322,69.3,0.7,0,0.1,0,0,0.6,0,0.3,0.1,0.2,0.1,0.1,0.2,0.4,0.5,0.3,0,0.1,0,0,0.7,"69381,69384"
CRS3035RES200mN2531600E3917600,0,CRS3035RES1000mN2531000E3917000,0,CRS3035RES1000mN2531000E3917000,597150,523,106,16,150,21,16575813.4,22335.4,233,7,42,135,50,13,0,1,22,10,30,48,50,79,111,70,66,37,0,14,240,"69381,69384"
CRS3035RES200mN2531600E3917800,0,CRS3035RES1000mN2531000E3917000,0,CRS3035RES1000mN2531000E3917000,597143,280.5,57,6,30,11,8903383.3,9677,125,3,41,32,16,39,0,0,17,6,22.5,22.5,12.5,46,59,27,44,24,0,10,128,"69381,69384"
CRS3035RES200mN2531600E3918000,0,CRS3035RES1000mN2531000E3918000,0,CRS3035RES200mN2531600E3918000,597279,656,221,14,53,53,13501776.4,22190,385,1,329,17,0,40,0,244,21.5,16,25.5,42,41,108,140,73,116,72,1,89,386,69381
CRS3035RES200mN2531600E3918200,0,CRS3035RES1000mN2531000E3918000,0,CRS3035RES200mN2531600E3918200,597282,777.5,197,18,160,51,20103464.1,26081,389,7,277,61,22,36,0,66,41,18,41,72,62.5,195,187,72,57,31,1,66,396,69381
CRS3035RES200mN2531600E3918400,0,CRS3035RES1000mN2531000E3918000,0,CRS3035RES200mN2531600E3918400,597283,844.5,221,17,164,51,20419379.7,25958.8,437,5,379,17,40,6,0,79,40.5,19.5,43,62,51.5,267,209,75,54,23,0,77,442,69381
CRS3035RES200mN2531600E3918600,0,CRS3035RES1000mN2531000E3918000,0,CRS3035RES200mN2531600E3918600,597280,742,188,16,143,45,18422140.1,24945,383,4,261,7,16,103,0,97,26,7,44,71,49,187,193,62,80,22,1,67,387,69381
CRS3035RES200mN2531600E3918800,0,CRS3035RES1000mN2531000E3918000,0,CRS3035RES200mN2531600E3918800,597286,1054.5,251,37,167,57,23075644,32612.8,503,3,405,9,75,16,1,144,63,21,64,103,73.5,293,222,99,86,22,8,82,506,69381
CRS3035RES200mN2531600E3919000,0,CRS3035RES1000mN2531000E3919000,0,CRS3035RES1000mN2531000E3919000,597261,1044.5,295,16,196,56,23826594.9,33612,569,3,476,27,20,49,0,63,46,17,51.5,52,82,376,198,89,111,21,1,100,572,69381
CRS3035RES200mN2531600E3919200,0,CRS3035RES1000mN2531000E3919000,0,CRS3035RES1000mN2531000E3919000,597248,386.5,92,12,94,16,11415777.9,17284.8,190,0,170,7,6,6,1,32,24,3,20,26.5,31,96,76,49,43,17,1,23,190,69381
CRS3035RES200mN2531600E3919400,1,CRS3035RES1000mN2531000E3919000,0,CRS3035RES1000mN2531000E3919000,597243,80,7.7,5.4,15.4,1.5,2685194.3,3312.2,27.7,0,20,6.9,0,0,0.8,0,5.4,2.3,1.5,10,14.6,10.8,20.8,2.3,6.1,6.2,0,2.3,27.7,"69386,69381,69384"
CRS3035RES200mN2531600E3919600,0,CRS3035RES1000mN2531000E3919000,0,CRS3035RES1000mN2531000E3919000,597256,964.5,148,39,201,33,35732470.2,46765.7,408,4,278,99,29,4,2,13,52,21,73,79.5,67,182,191,93,137,68,1,21,412,69386
CRS3035RES200mN2531600E3919800,0,CRS3035RES1000mN2531000E3919000,0,CRS3035RES1000mN2531000E3919000,597258,993.5,196,22,277,44,33470590.8,41104.6,476,4,140,176,85,78,1,12,40,21.5,44.5,68,66.5,223,195,116,141,77,1,31,480,69386
CRS3035RES200mN2531600E3920000,0,CRS3035RES1000mN2531000E3920000,0,CRS3035RES1000mN2531000E3920000,597330,1334.5,272,30,375,48,44710469.9,54881.5,642,5,86,446,114,0,1,0,64,27,71,88.5,85,290,274,116,208,111,0,42,647,69386
CRS3035RES200mN2531600E3920200,0,CRS3035RES1000mN2531000E3920000,0,CRS3035RES1000mN2531000E3920000,597318,576,111,20,178,16,21332647.7,28894.7,266,5,96,169,0,5,1,1,25,11,31.5,46.5,41,107,94,52,103,65,0,16,271,69386
CRS3035RES200mN2531600E3920400,0,CRS3035RES1000mN2531000E3920000,0,CRS3035RES1000mN2531000E3920000,597316,141,37,3,53,4,5305594.2,9509.5,67,8,73,0,0,1,1,0,6,1,5,6,12,21,27,17,34,11,1,9,75,69386
CRS3035RES200mN2531800E3915600,1,CRS3035RES1000mN2531000E3915000,0,CRS3035RES1000mN2531000E3915000,597043,9,0.7,0.7,2.2,0.1,293623.9,298.8,0.8,1.9,1.1,0.2,1.4,0,0,0,0.4,0.2,0.8,1.1,1.2,1.1,2.3,1.1,0.4,0.3,0.1,0.3,2.7,"69244,69389,69081"
CRS3035RES200mN2531800E3915800,0,CRS3035RES1000mN2531000E3915000,0,CRS3035RES1000mN2531000E3915000,597055,264,71,5,82,12,5818409.8,8439,136,5,9,105,1,26,0,0,13,7,13.5,11.5,19,78,51,23,32,16,0,12,141,69389
CRS3035RES200mN2531800E3916000,1,CRS3035RES1000mN2531000E3916000,0,CRS3035RES1000mN2531000E3916000,597175,47,11.4,2.1,11.4,1.4,958049.4,1719.1,16.4,6.4,14.3,1.4,0,7.1,0,0,3.6,0,3.6,4.3,1.4,14.2,8.5,5,5.7,0.7,0,2.8,22.8,69389
CRS3035RES200mN2531800E3916200,0,CRS3035RES1000mN2531000E3916000,0,CRS3035RES1000mN2531000E3916000,597191,515.5,93,19,74,30,11558773,15165,206,25,60,0,1,170,0,98,26,20.5,35.5,48.5,44,141,104,45,40,11,0,41,231,69389
CRS3035RES200mN2531800E3916400,0,CRS3035RES1000mN2531000E3916000,0,CRS3035RES1000mN2531000E3916000,597196,1387,233,44,224,67,32941896.6,42928,619,5,4,1,132,487,0,206,124,42,98.5,79.5,85,471,249,100,100,35,3,81,624,69389
CRS3035RES200mN2531800E3916600,0,CRS3035RES1000mN2531000E3916000,0,CRS3035RES1000mN2531000E3916000,597195,974.5,292,19,161,41,24314080.7,30775,537,5,152,3,8,379,0,48,77.5,20.5,31,39.5,79,451,145,60,48,22,1,69,542,69389
CRS3035RES200mN2531800E3916800,0,CRS3035RES1000mN2531000E3916000,0,CRS3035RES1000mN2531000E3916000,597194,698.5,233,10,100,48,13985077.3,21411,409,1,281,57,24,47,1,52,38.5,10,27.5,40.5,77,264,118,48,43,32,0,89,410,69389
CRS3035RES200mN2531800E3917000,0,CRS3035RES1000mN2531000E3917000,0,CRS3035RES1000mN2531000E3917000,597147,274.5,101,4,59,8,6279265.4,10023,164,0,151,7,0,6,0,5,12,6,13.5,12.5,24.5,101,45,28,24,8,0,24,164,"69389,69384"
CRS3035RES200mN2531800E3917200,0,CRS3035RES1000mN2531000E3917000,0,CRS3035RES1000mN2531000E3917000,597131,48,16,1,14,1,1424648.1,2118,27,0,8,0,0,19,0,0,2,1,2,4,2,16,10,7,3,1,0,3,27,"69384,69389"
CRS3035RES200mN2531800E3917400,0,CRS3035RES1000mN2531000E3917000,0,CRS3035RES1000mN2531000E3917000,597152,753,139,17,270,31,24471613.3,31703,358,2,1,1,358,0,0,0,22,6.5,43,48.5,57,130,163,79,164,40,0,23,360,69384
CRS3035RES200mN2531800E3917600,1,CRS3035RES1000mN2531000E3917000,0,CRS3035RES1000mN2531000E3917000,597130,2,0.2,0,0.2,0.1,68322,69.3,0.7,0,0.1,0,0,0.6,0,0.3,0.1,0.2,0.1,0.1,0.2,0.4,0.5,0.3,0,0.1,0,0,0.7,69384
CRS3035RES200mN2531800E3917800,0,CRS3035RES1000mN2531000E3917000,0,CRS3035RES1000mN2531000E3917000,597140,253,50,7,75,6,9934704,13406,113,8,17,0,21,83,0,0,6,5,9,20,26,32,43,33,52,27,0,10,121,"69384,69381"
CRS3035RES200mN2531800E3918000,0,CRS3035RES1000mN2531000E3918000,0,CRS3035RES200mN2531800E3918000,597276,554.5,140,12,154,34,15688471.7,21590,277,4,195,68,0,18,0,24,14.5,8,31,48,54,94,130,64,64,47,0,35,281,"69384,69381"
CRS3035RES200mN2531800E3918200,0,CRS3035RES1000mN2531000E3918000,0,CRS3035RES200mN2531800E3918200,597274,464,111,8,89,22,13572536.6,18055,231,5,213,1,0,22,0,0,27,10.5,25.5,31,29,119,109,40,50,22,1,21,236,"69384,69381"
CRS3035RES200mN2531800E3918400,0,CRS3035RES1000mN2531000E3918000,0,CRS3035RES200mN2531800E3918400,597288,950.5,249,17,165,63,24791371.2,31785.9,505,3,410,28,10,58,2,60,43,17.5,45.5,58.5,60,246,199,111,107,60,3,72,508,"69381,69384"
CRS3035RES200mN2531800E3918600,0,CRS3035RES1000mN2531000E3918000,0,CRS3035RES200mN2531800E3918600,597284,735,275,11,154,33,18977541.4,26244,443,0,251,7,144,41,0,93,31,10,29,44.5,39.5,150,129,72,88,142,0,48,443,"69381,69384"
CRS3035RES200mN2531800E3918800,0,CRS3035RES1000mN2531000E3918000,0,CRS3035RES200mN2531800E3918800,597281,719.5,190,12,136,30,20377259.8,27067,383,4,180,9,56,142,0,37,43,14,29.5,38.5,42,216,125,68,94,47,2.5,45,387,"69381,69384"
CRS3035RES200mN2531800E3919000,0,CRS3035RES1000mN2531000E3919000,0,CRS3035RES1000mN2531000E3919000,597259,973,237,18,239,48,27798096.5,35086.8,502,0,339,0,117,45,1,48,40,20.5,53,72,65.5,276,186,93,99,67,1,51,502,"69381,69384"
CRS3035RES200mN2531800E3919200,0,CRS3035RES1000mN2531000E3919000,0,CRS3035RES1000mN2531000E3919000,597254,734,144,14,170,32,21031713.7,28085.9,349,3,314,13,0,24,1,26,39,13.5,38,65,55.5,205,161,69,56,29,3,46,352,"69384,69381"
CRS3035RES200mN2531800E3919400,1,CRS3035RES1000mN2531000E3919000,0,CRS3035RES1000mN2531000E3919000,597243,24,2.3,1.6,4.6,0.5,805558.3,993.7,8.3,0,6,2.1,0,0,0.2,0,1.6,0.7,0.5,3,4.4,3.2,6.2,0.7,1.8,1.9,0,0.7,8.3,"69384,69386,69381"
CRS3035RES200mN2531800E3919600,0,CRS3035RES1000mN2531000E3919000,0,CRS3035RES1000mN2531000E3919000,597250,511.5,97,16,119,16,18854762.4,25456.9,235,1,88,138,0,10,0,0,25.5,13.5,33.5,38,28,90,95,45,84,59,0,13,236,69386
CRS3035RES200mN2531800E3919800,0,CRS3035RES1000mN2531000E3919000,0,CRS3035RES1000mN2531000E3919000,597264,1486.5,249,55,327,56,49028847,61291.9,659,1,90,239,121,190,20,79,81.5,41,86.5,127.5,102,252,323,133,215,125,0,56,660,69386
CRS3035RES200mN2531800E3920000,0,CRS3035RES1000mN2531000E3920000,0,CRS3035RES1000mN2531000E3920000,597317,484,77,13,134,14,18397400.1,23058,213,1,22,169,7,16,0,0,24,11,33.5,40,32.5,77,98,57,64,46,1,15,214,69386
CRS3035RES200mN2531800E3920200,0,CRS3035RES1000mN2531000E3920000,0,CRS3035RES1000mN2531000E3920000,597315,119,23,5,40,1,5201003.4,7513,55,3,15,43,0,0,0,0,2,4,4,9,4,14,21,9,34,18,0,1,58,69386
CRS3035RES200mN2531800E3920800,1,CRS3035RES1000mN2531000E3920000,0,CRS3035RES1000mN2531000E3920000,597314,1,0,0.1,0,0,26851.8,37.2,0.3,0,0.3,0,0,0,0,0,0.1,0,0.1,0.2,0.1,0.1,0.3,0.1,0,0,0,0,0.3,"69386,69266"
CRS3035RES200mN2532000E3915600,1,CRS3035RES1000mN2532000E3915000,0,CRS3035RES1000mN2532000E3915000,598860,10,0.7,0.8,1.4,0.3,369592.5,399.2,1.7,1.7,1.8,0.5,0.6,0.5,0,0,0.1,0.5,0.9,1.3,1.3,1.1,2.5,1.1,1.2,0,0,0,3.4,"69081,69244,69389"
CRS3035RES200mN2532000E3915800,0,CRS3035RES1000mN2532000E3915000,0,CRS3035RES1000mN2532000E3915000,598871,333,94,4,72,19,7500534.9,10429,180,1,67,38,15,61,0,0,23,10.5,18,12.5,34,131,54,27,16,7,0,31,181,"69389,69081,69244"
CRS3035RES200mN2532000E3916000,0,CRS3035RES1000mN2532000E3916000,0,CRS3035RES1000mN2532000E3916000,598976,423,124,14,45,26,7932320.6,12785,221,2,35,0,0,188,0,140,33,10.5,28.5,28,30,150,81,32,25,5,0,55,223,69389
CRS3035RES200mN2532000E3916200,0,CRS3035RES1000mN2532000E3916000,0,CRS3035RES1000mN2532000E3916000,598975,199,44,9,18,6,4045779.2,5007,91,2,48,0,0,45,0,25,12,3,18,14,17,82,32,8,8,5,0,23,93,69389
CRS3035RES200mN2532000E3916400,0,CRS3035RES1000mN2532000E3916000,0,CRS3035RES1000mN2532000E3916000,598981,671.5,147,21,70,37,14161381.3,19470,326,0,81,0,0,245,0,105,44.5,11.5,39.5,53.5,73.5,227,101,58,46,16,1,46,326,69389
CRS3035RES200mN2532000E3916600,0,CRS3035RES1000mN2532000E3916000,0,CRS3035RES1000mN2532000E3916000,598980,589,166,14,50,27,12720528.8,18379,308,2,196,0,0,114,0,109,38,14.5,29.5,32,55,217,103,42,44,14,0,66,310,69389
CRS3035RES200mN2532000E3916800,0,CRS3035RES1000mN2532000E3916000,0,CRS3035RES1000mN2532000E3916000,598984,715,269,8,115,26,17096654.7,26190.3,435,2,308,16,11,100,2,6,30,14.5,22.5,35.5,72.5,311,126,47,44,12,0,72,437,69389
CRS3035RES200mN2532000E3917000,0,CRS3035RES1000mN2532000E3917000,0,CRS3035RES1000mN2532000E3917000,598934,182,45,0,22,7,4463737.5,7235,98,0,98,0,0,0,0,0,9,1,11,9,24,74,31,16,5,2,0,15,98,"69389,69384"
CRS3035RES200mN2532000E3917200,0,CRS3035RES1000mN2532000E3917000,0,CRS3035RES1000mN2532000E3917000,598936,257,53,10,57,15,5752676.2,8445,112,0,14,69,0,29,0,28,16,6,19,32,19,53,53,24,17,18,0,15,112,69384
CRS3035RES200mN2532000E3917600,1,CRS3035RES1000mN2532000E3917000,0,CRS3035RES1000mN2532000E3917000,598928,4,0.6,0.1,0.7,0,124559.3,168.7,1.5,0.1,0.3,1.3,0,0,0,0,0.6,0.1,0.1,0.1,0,1.8,0.6,0.2,0.3,0,0.2,0,1.6,69384
CRS3035RES200mN2532000E3917800,0,CRS3035RES1000mN2532000E3917000,0,CRS3035RES1000mN2532000E3917000,598946,555,105,17,153,26,18987108,27400.7,263,2,0,163,102,0,0,52,18,10,22,52,39,62,97,64,92,96,3,19,265,69384
CRS3035RES200mN2532000E3918000,0,CRS3035RES1000mN2532000E3918000,0,CRS3035RES200mN2532000E3918000,599081,1065,238,18,313,63,30939706.9,41886.9,532,12,188,225,8,123,0,6,44.5,24,59.5,75,76,213,219,125,139,89,1,51,544,69384
CRS3035RES200mN2532000E3918200,0,CRS3035RES1000mN2532000E3918000,0,CRS3035RES200mN2532000E3918200,599077,1010,203,27,221,58,27206084.6,34812.7,467,9,142,151,42,141,0,60,40,23.5,59,83.5,90,209,230,118,102,55,0,48,476,69384
CRS3035RES200mN2532000E3918400,0,CRS3035RES1000mN2532000E3918000,0,CRS3035RES200mN2532000E3918400,599082,1256.5,292,21,337,62,35400238.2,41842,626,5,436,54,28,113,0,16,56,24,70,99,93.5,292,282,131,151,58,0,64,631,69384
CRS3035RES200mN2532000E3918600,0,CRS3035RES1000mN2532000E3918000,0,CRS3035RES200mN2532000E3918600,599076,902,212,19,154,72,22129550.3,27674.9,450,2,232,141,18,60,1,152,51,27.5,53.5,74,61,204,181,102,106,42,0,69,452,69384
CRS3035RES200mN2532000E3918800,0,CRS3035RES1000mN2532000E3918000,0,CRS3035RES200mN2532000E3918800,599079,875.5,256,9,195,40,23560521.5,31643,487,5,390,0,43,59,0,35,44,16.5,39.5,36,48.5,291,169,85,101,44,1,69,492,69384
CRS3035RES200mN2532000E3919000,0,CRS3035RES1000mN2532000E3919000,0,CRS3035RES200mN2532000E3919000,599056,1629,403,32,335,75,42640385.6,50654,829,3,765,18,1,48,0,37,102.5,32,108.5,112,96,531,366,127,109,44,1,122,832,"69384,69381"
CRS3035RES200mN2532000E3919200,0,CRS3035RES1000mN2532000E3919000,0,CRS3035RES200mN2532000E3919200,599052,807,155,17,217,35,23368613.6,27241,377,9,252,116,0,18,0,0,50,25,46.5,59.5,36,198,206,64,61,61,0,30,386,69384
CRS3035RES200mN2532000E3919400,0,CRS3035RES1000mN2532000E3919000,0,CRS3035RES200mN2532000E3919400,599042,285.5,64,6,86,13,8745862.8,12123,143,2,79,9,14,43,0,1,10,8,7.5,19,25,80,59,34,38,5,0,13,145,"69384,69386"
CRS3035RES200mN2532000E3919800,0,CRS3035RES1000mN2532000E3919000,0,CRS3035RES200mN2532000E3919800,599045,474,58,14,151,20,19605502.4,26045.7,202,4,35,162,8,1,0,0,21,9,16,37,40,70,70,68,79,64,0,8,206,69386
CRS3035RES200mN2532000E3920000,1,CRS3035RES1000mN2532000E3920000,0,CRS3035RES1000mN2532000E3920000,599083,50,3.5,1.8,13.3,0.9,2084609.1,2775.2,19.5,0.9,4.4,16,0,0,0,0,0,1.8,1.3,3.5,6.2,0.9,10.6,8.8,8.9,8,0,1.8,20.4,69386
CRS3035RES200mN2532200E3915800,0,CRS3035RES1000mN2532000E3915000,0,CRS3035RES1000mN2532000E3915000,598864,112,11,7,6,5,2108436.9,2775,39,1,7,1,0,32,0,32,13,4,14,8,14,27,25,5,1,1,0,6,40,"69081,69389"
CRS3035RES200mN2532200E3916000,1,CRS3035RES1000mN2532000E3916000,0,CRS3035RES1000mN2532000E3916000,598968,59.5,7.1,3.9,9.6,2.6,1543510.1,1853.8,16.1,5.8,13.5,7.7,0,0.7,0,0,0,0.6,5.8,7.4,8.4,11.6,13.5,5.8,5.1,1.3,0,2.6,21.9,"69389,69081"
CRS3035RES200mN2532200E3916200,0,CRS3035RES1000mN2532000E3916000,0,CRS3035RES1000mN2532000E3916000,598970,100,13,5,9,11,1747070.4,2743,37,3,14,13,0,13,0,13,9,3,7.5,10.5,11,19,26,4,6,4,0,16,40,69389
CRS3035RES200mN2532200E3916400,0,CRS3035RES1000mN2532000E3916000,0,CRS3035RES1000mN2532000E3916000,598982,829.5,163,27,114,43,17037758.3,22238.6,369,5,81,31,0,261,1,113,73,33,66,58.5,67,322,124,43,34,8,1,82,374,69389
CRS3035RES200mN2532200E3916600,0,CRS3035RES1000mN2532000E3916000,0,CRS3035RES1000mN2532000E3916000,598978,544.5,127,11,78,32,12401946.3,17092,268,3,119,26,1,125,0,33,38.5,14,34,43,50,196,99,31,30,9,0,57,271,69389
CRS3035RES200mN2532200E3916800,0,CRS3035RES1000mN2532000E3916000,0,CRS3035RES1000mN2532000E3916000,598979,506,164,20,62,15,11285199.5,15735,271,3,101,0,0,172,1,101,28,15,34.5,31.5,64,188,88,24,18,14,1,41,274,69389
CRS3035RES200mN2532200E3917200,0,CRS3035RES1000mN2532000E3917000,0,CRS3035RES1000mN2532000E3917000,598944,509,106,13,127,25,13240979.5,18797,243,2,39,105,20,81,0,42,24,12,26,38,24,125,122,47,59,25,7,19,245,69384
CRS3035RES200mN2532200E3917400,0,CRS3035RES1000mN2532000E3917000,0,CRS3035RES1000mN2532000E3917000,598942,285,82,4,49,13,7585410.5,12863.7,153,1,0,4,65,0,85,3,9,8,14.5,15.5,13,41,45,43,56,39,1,21,154,69384
CRS3035RES200mN2532200E3917600,0,CRS3035RES1000mN2532000E3917000,0,CRS3035RES1000mN2532000E3917000,598940,279,54,6,34,23,8127572.1,10221,134,2,5,55,14,62,0,61,11,9,15.5,30.5,14,45,55,38,36,24,1,16,136,69384
CRS3035RES200mN2532200E3917800,0,CRS3035RES1000mN2532000E3917000,0,CRS3035RES1000mN2532000E3917000,598945,468.5,129,7,109,28,13607086.6,22515,258,0,58,88,112,0,0,101,8.5,5,24,31,24,57,84,47,114,74,0,34,258,69384
CRS3035RES200mN2532200E3918000,0,CRS3035RES1000mN2532000E3918000,0,CRS3035RES200mN2532200E3918000,599067,395.5,84,7,125,17,12515757.7,16670.9,191,5,59,51,47,39,0,0,16,11.5,13,32,22,51,87,50,74,38,1,13,196,69384
CRS3035RES200mN2532200E3918200,0,CRS3035RES1000mN2532000E3918000,0,CRS3035RES200mN2532200E3918200,599068,632.5,109,18,160,32,18008865.3,21245,269,12,69,85,54,73,0,9,34,18.5,46.5,53,43.5,116,157,64,67,33,0,16,281,69384
CRS3035RES200mN2532200E3918400,0,CRS3035RES1000mN2532000E3918000,0,CRS3035RES200mN2532200E3918400,599075,762.5,130,26,192,33,24043170.1,27795,338,9,141,0,74,132,0,33,49,14.5,47,62,51,157,162,80,94,44,2,25,347,69384
CRS3035RES200mN2532200E3918600,0,CRS3035RES1000mN2532000E3918000,0,CRS3035RES200mN2532200E3918600,599078,1028,188,18,193,54,28184787.4,34967,475,1,151,29,28,268,0,80,61,21,52.5,93,75.5,233,242,108,98,43,1,46,476,69384
CRS3035RES200mN2532200E3918800,0,CRS3035RES1000mN2532000E3918000,0,CRS3035RES200mN2532200E3918800,599080,1003.5,254,16,190,50,27382436.9,32092,504,15,421,0,5,93,0,29,41.5,13.5,48,87.5,77,285,211,105,102,32,1,58,519,69384
CRS3035RES200mN2532200E3919000,0,CRS3035RES1000mN2532000E3919000,0,CRS3035RES200mN2532200E3919000,599055,1431,340,31,312,85,37691815.3,45056.5,716,6,597,0,11,102,12,37,67,32.5,77,137.5,92,408,358,116,105,37,1,96,722,69384
CRS3035RES200mN2532200E3919200,0,CRS3035RES1000mN2532000E3919000,0,CRS3035RES200mN2532200E3919200,599053,947.5,204,12,263,55,25075321.1,31675.4,459,5,190,154,48,72,0,48,55,17.5,49.5,72,67.5,194,242,118,71,60,1,55,464,69384
CRS3035RES200mN2532200E3919400,0,CRS3035RES1000mN2532000E3919000,0,CRS3035RES200mN2532200E3919400,599041,251.5,60,4,63,6,7073272.8,10698,124,4,116,12,0,0,0,0,9,6,8,13.5,26,72,49,28,24,16,0,19,128,69384
CRS3035RES200mN2532200E3921000,0,CRS3035RES1000mN2532000E3921000,0,CRS3035RES1000mN2532000E3921000,599099,433.5,98,21,0,40,6249886.1,10959,205,0,76,0,129,0,0,97,39,16,33.5,44.5,40.5,88,91,42,28,11,0,84,205,"69266,69386"
CRS3035RES200mN2532400E3915800,0,CRS3035RES1000mN2532000E3915000,0,CRS3035RES1000mN2532000E3915000,598865,163.5,8,5,41,9,5297450.2,5405,42,13,5,0,36,14,0,12,2,8,11.5,21,19,21,38,25,17,1,0,7,55,"69081,69389"
CRS3035RES200mN2532400E3916000,0,CRS3035RES1000mN2532000E3916000,0,CRS3035RES1000mN2532000E3916000,598973,135.5,33,6,0,11,2174017.8,3646,64,2,0,55,0,11,0,55,13,4.5,12.5,5.5,8,31,22,17,12,9,1,18,66,"69389,69081"
CRS3035RES200mN2532400E3916200,1,CRS3035RES1000mN2532000E3916000,0,CRS3035RES1000mN2532000E3916000,598968,15,1.8,1,2.4,0.6,389120.2,467.4,4,1.5,3.4,1.9,0,0.2,0,0,0,0.2,1.4,1.9,2.1,2.9,3.4,1.5,1.3,0.3,0,0.6,5.5,69389
CRS3035RES200mN2532400E3916400,0,CRS3035RES1000mN2532000E3916000,0,CRS3035RES1000mN2532000E3916000,598969,64,20,1,14,2,1420283.1,2126,35,4,20,18,0,1,0,0,3,0,0,0,3,29,7,7,9,6,0,7,39,69389
CRS3035RES200mN2532400E3916600,0,CRS3035RES1000mN2532000E3916000,0,CRS3035RES1000mN2532000E3916000,598983,642,252,5,92,24,14711850.9,21419,397,3,213,67,0,120,0,3,25,11.5,30,17.5,65,271,106,35,51,29,1,71,400,69389
CRS3035RES200mN2532400E3916800,0,CRS3035RES1000mN2532000E3916000,0,CRS3035RES1000mN2532000E3916000,598985,1400.5,275,43,210,63,33401579.7,45390.5,646,2,189,24,73,361,1,206,96,40.5,96.5,96.5,105,456,272,101,95,41,1,89,648,69389
CRS3035RES200mN2532400E3917000,0,CRS3035RES1000mN2532000E3917000,0,CRS3035RES1000mN2532000E3917000,598939,260.5,58,3,82,9,7621625.3,10628,131,0,35,15,20,60,1,1,15,5,14,13.5,15,79,55,18,34,12,0,8,131,"69389,69384"
CRS3035RES200mN2532400E3917200,0,CRS3035RES1000mN2532000E3917000,0,CRS3035RES1000mN2532000E3917000,598943,419,73,4,110,22,12668706.9,16071,199,5,0,39,40,125,0,0,32,4.5,20.5,22.5,26.5,117,76,43,54,23,0,16,204,"69384,69389"
CRS3035RES200mN2532400E3917400,0,CRS3035RES1000mN2532000E3917000,0,CRS3035RES1000mN2532000E3917000,598941,305.5,50,4,89,21,8281756.1,10420,118,27,24,121,0,0,0,1,17,7,14,30.5,15,63,58,25,48,28,0,10,145,69384
CRS3035RES200mN2532400E3917600,0,CRS3035RES1000mN2532000E3917000,0,CRS3035RES1000mN2532000E3917000,598935,209,46,8,75,12,6893361.5,8473,81,23,18,51,1,34,0,0,8,4,10,16,13,35,39,36,29,19,0,9,104,69384
CRS3035RES200mN2532400E3917800,0,CRS3035RES1000mN2532000E3917000,0,CRS3035RES1000mN2532000E3917000,598947,649,137,22,1,64,11151770.7,22869,317,1,25,107,186,0,0,314,16,13,42.5,63.5,42,75,134,90,127,45,1,64,318,69384
CRS3035RES200mN2532400E3918000,0,CRS3035RES1000mN2532000E3918000,0,CRS3035RES200mN2532400E3918000,599063,255.5,59,5,96,10,8481209.7,11220,130,2,2,80,24,26,0,0,8.5,4,12.5,16.5,12,35,43,27,64,33,0,7,132,69384
CRS3035RES200mN2532400E3918200,0,CRS3035RES1000mN2532000E3918000,0,CRS3035RES200mN2532400E3918200,599073,704,137,13,199,27,22738500.8,26313,328,3,7,107,22,195,0,0,28.5,14,49,41.5,60,149,154,86,79,42,1,17,331,69384
CRS3035RES200mN2532400E3918400,0,CRS3035RES1000mN2532000E3918000,0,CRS3035RES200mN2532400E3918400,599071,621.5,155,14,179,28,18773442.2,25491.6,314,8,19,80,104,119,0,30,29,7.5,37.5,33.5,46,108,113,54,114,79,0,16,322,69384
CRS3035RES200mN2532400E3918600,0,CRS3035RES1000mN2532000E3918000,0,CRS3035RES200mN2532400E3918600,599070,617.5,147,7,107,38,14333590.6,21057,306,7,92,96,38,87,0,127,29,14,27.5,51,33,131,141,73,68,46,4,31,313,69384
CRS3035RES200mN2532400E3918800,0,CRS3035RES1000mN2532000E3918000,0,CRS3035RES200mN2532400E3918800,599074,639.5,181,9,124,37,16324520.5,19503,337,9,284,1,9,52,0,35,30,17.5,29,36,52,194,167,58,43,10,3,63,346,69384
CRS3035RES200mN2532400E3919000,0,CRS3035RES1000mN2532000E3919000,0,CRS3035RES200mN2532400E3919000,599054,1033,240,16,240,65,27396227,33793.9,520,7,335,0,1,187,4,45,60.5,20.5,57,67,65,300,217,110,92,41,3,62,527,69384
CRS3035RES200mN2532400E3919200,0,CRS3035RES1000mN2532000E3919000,0,CRS3035RES200mN2532400E3919200,599048,659,113,14,174,27,18897047.9,21214,294,3,192,29,32,44,0,0,41,13.5,35.5,54,48,158,130,86,69,24,0,26,297,69384
CRS3035RES200mN2532400E3919400,0,CRS3035RES1000mN2532000E3919000,0,CRS3035RES200mN2532400E3919400,599047,464.5,145,7,117,20,13275647.6,18418,257,5,92,116,0,54,0,5,18,9.5,20.5,23.5,50,137,86,33,63,24,0,55,262,"69384,69034"
CRS3035RES200mN2532400E3919600,0,CRS3035RES1000mN2532000E3919000,0,CRS3035RES200mN2532400E3919600,599039,215.5,37,2,61,13,6043505.7,7970,102,0,45,21,36,0,0,0,10,5,14.5,20,8,49,52,23,17,17,0,8,102,"69034,69384,69386"
CRS3035RES200mN2532400E3920400,1,CRS3035RES1000mN2532000E3920000,0,CRS3035RES1000mN2532000E3920000,599083,6.5,0.5,0.2,1.7,0.1,270999.2,360.8,2.5,0.1,0.6,2,0,0,0,0,0,0.2,0.2,0.5,0.8,0.1,1.4,1.1,1.2,1,0,0.2,2.6,69386
CRS3035RES200mN2532600E3915600,0,CRS3035RES1000mN2532000E3915000,0,CRS3035RES1000mN2532000E3915000,598862,81,9,4,24,1,2798038.2,3682,4,26,8,15,5,2,0,0,1,1,9,8,7,8,21,10,5,8,3,5,30,"69081,69389"
CRS3035RES200mN2532600E3915800,0,CRS3035RES1000mN2532000E3915000,0,CRS3035RES1000mN2532000E3915000,598873,853,106,60,63,47,12671811.9,17950,314,1,0,314,1,0,0,224,72.5,32,72.5,99,64,149,161,88,72,42,1,106,315,"69389,69081"
CRS3035RES200mN2532600E3916000,1,CRS3035RES1000mN2532000E3916000,0,CRS3035RES1000mN2532000E3916000,598968,11,1.3,0.7,1.8,0.5,285354.8,342.7,3,1,2.5,1.4,0,0.1,0,0,0,0.1,1.1,1.4,1.5,2.1,2.5,1.1,1,0.2,0,0.5,4,69389
CRS3035RES200mN2532600E3916200,0,CRS3035RES1000mN2532000E3916000,0,CRS3035RES1000mN2532000E3916000,598972,99,36,3,15,1,1954668.9,3053,55,1,49,0,0,6,1,2,2,4,4,5,7,26,22,11,16,2,0,10,56,69389
CRS3035RES200mN2532600E3916400,0,CRS3035RES1000mN2532000E3916000,0,CRS3035RES1000mN2532000E3916000,598974,155,55,4,22,7,3005966.3,4731,86,3,67,0,9,13,0,20,12,2,6,15,11,57,28,13,9,2,0,19,89,69389
CRS3035RES200mN2532600E3916600,0,CRS3035RES1000mN2532000E3916000,0,CRS3035RES1000mN2532000E3916000,598971,106,24,4,11,6,2130258.3,2923,52,1,43,10,0,0,0,19,4.5,0,3.5,6,9,36,17,6,19,5,0,14,53,69389
CRS3035RES200mN2532600E3916800,0,CRS3035RES1000mN2532000E3916000,0,CRS3035RES1000mN2532000E3916000,598986,1352,358,31,161,50,30472751.1,41276,705,0,163,12,15,515,0,138,85,38,59.5,72.5,146,516,211,98,87,37,2,102,705,69389
CRS3035RES200mN2532600E3917000,1,CRS3035RES1000mN2532000E3917000,0,CRS3035RES1000mN2532000E3917000,598928,23,3.4,0.9,4.3,0,716216.2,970.3,8.5,0.9,1.7,7.7,0,0,0,0,3.4,0.8,0.8,0.9,0,10.2,3.4,0.9,1.7,0,0.9,0,9.4,69389
CRS3035RES200mN2532600E3917200,0,CRS3035RES1000mN2532000E3917000,0,CRS3035RES1000mN2532000E3917000,598930,34,10,1,12,4,1286459.4,2411,20,0,18,0,2,0,0,2,2,0,1,3,4,11,3,7,3,0,0,2,20,"69384,69389"
CRS3035RES200mN2532600E3917400,0,CRS3035RES1000mN2532000E3917000,0,CRS3035RES1000mN2532000E3917000,598929,25,8,1,9,0,670441.1,1464,10,4,14,0,0,0,0,0,0,0,1,2,3,9,4,3,3,0,0,4,14,69384
CRS3035RES200mN2532600E3917600,0,CRS3035RES1000mN2532000E3917000,0,CRS3035RES1000mN2532000E3917000,598937,235,52,4,83,12,6903323.9,9812,113,5,5,45,68,0,0,0,7,3,10,27,14,18,52,22,53,29,0,6,118,69384
CRS3035RES200mN2532600E3917800,0,CRS3035RES1000mN2532000E3917000,0,CRS3035RES1000mN2532000E3917000,598933,225,31,13,0,17,4328294.1,7627,89,0,0,89,0,0,0,88,6,7,25,29,16,16,49,29,28,19,1,13,89,69384
CRS3035RES200mN2532600E3918000,0,CRS3035RES1000mN2532000E3918000,0,CRS3035RES200mN2532600E3918000,599058,159.5,30,8,37,5,5013081.2,5540,65,7,3,39,0,30,0,0,7,4,8,24,9.5,24,36,19,21,7,0,4,72,69384
CRS3035RES200mN2532600E3918200,0,CRS3035RES1000mN2532000E3918000,0,CRS3035RES200mN2532600E3918200,599065,345,63,8,94,19,10002855.6,12098,163,3,2,78,18,68,0,14,18.5,9,19.5,32,9,78,81,36,28,34,0,16,166,69384
CRS3035RES200mN2532600E3918400,0,CRS3035RES1000mN2532000E3918000,0,CRS3035RES200mN2532600E3918400,599069,608,116,16,28,51,13077959.6,19331,283,0,17,224,0,42,0,247,31,19,45,53.5,38.5,108,142,63,83,24,1,41,283,69384
CRS3035RES200mN2532600E3918600,0,CRS3035RES1000mN2532000E3918000,0,CRS3035RES200mN2532600E3918600,599064,281,99,11,42,17,6607868.9,10248,153,6,6,61,92,0,0,92,8,2,5,26,25,31,41,30,44,67,2,14,159,69384
CRS3035RES200mN2532600E3918800,0,CRS3035RES1000mN2532000E3918000,0,CRS3035RES200mN2532600E3918800,599060,197,66,6,26,10,4880580.1,6586,109,2,99,0,0,12,0,12,8,2,7.5,17.5,18,57,46,17,16,8,0,13,111,"69384,69034"
CRS3035RES200mN2532600E3919000,0,CRS3035RES1000mN2532000E3919000,0,CRS3035RES200mN2532600E3919000,599049,619,147,8,137,22,17945417.9,21580,309,9,47,22,47,202,0,4,33,15,23,40,37,168,125,73,67,36,2,28,318,"69384,69034"
CRS3035RES200mN2532600E3919200,0,CRS3035RES1000mN2532000E3919000,0,CRS3035RES200mN2532600E3919200,599051,764,133,25,125,68,18943515.4,24060.9,317,21,139,0,19,179,1,125,38,18,62.5,82.5,69,172,199,68,44,10,1,62,338,"69384,69034"
CRS3035RES200mN2532600E3919400,0,CRS3035RES1000mN2532000E3919000,0,CRS3035RES200mN2532600E3919400,599050,666.5,150,18,192,38,17452438.6,21262,307,22,251,42,6,30,0,6,25,11,35.5,63.5,62,184,172,55,38,20,0.5,37,329,"69034,69384"
CRS3035RES200mN2532600E3919800,0,CRS3035RES1000mN2532000E3919000,0,CRS3035RES200mN2532600E3919800,599036,39,7,2,12,0,1479184.9,1839,16,0,16,0,0,0,0,0,5,3,3,3,0,16,7,1,1,0,0,0,16,"69034,69386"
CRS3035RES200mN2532600E3920200,0,CRS3035RES1000mN2532000E3920000,0,CRS3035RES1000mN2532000E3920000,599085,280.5,32,6,100,7,11440835.5,15034,125,0,0,0,0,125,0,0,5,4,11,21.5,21,31,52,57,64,14,0,2,125,69386
CRS3035RES200mN2532800E3915600,0,CRS3035RES1000mN2532000E3915000,0,CRS3035RES1000mN2532000E3915000,598867,149,33,6,10,8,3691733.7,5791,59,12,4,18,49,0,0,49,7,1,12,15,9,16,31,21,29,7,1,10,71,"69081,69389"
CRS3035RES200mN2532800E3915800,0,CRS3035RES1000mN2532000E3915000,0,CRS3035RES1000mN2532000E3915000,598872,464.5,75,27,0,26,6765748.7,11084,186,0,0,186,0,0,0,183,31,14,44.5,49,34,78,77,39,65,32,1,68,186,69389
CRS3035RES200mN2532800E3916000,0,CRS3035RES1000mN2532000E3916000,0,CRS3035RES1000mN2532000E3916000,598977,605,96,20,82,50,10766135,18775,262,1,1,262,0,0,0,121,42,18.5,37,59.5,44,125,118,64,64,32,1,65,263,69389
CRS3035RES200mN2532800E3916200,1,CRS3035RES1000mN2532000E3916000,0,CRS3035RES1000mN2532000E3916000,598968,7,0.8,0.5,1.1,0.3,181589.4,218.1,1.9,0.7,1.6,0.9,0,0.1,0,0,0,0.1,0.7,0.9,1,1.3,1.6,0.7,0.6,0.1,0,0.3,2.6,69389
CRS3035RES200mN2532800E3917200,0,CRS3035RES1000mN2532000E3917000,0,CRS3035RES1000mN2532000E3917000,598931,94,49,0,30,0,2535988.5,4818.5,68,0,9,0,58,0,1,0,3,0,2,0,8,30,18,8,20,5,0,5,68,"69389,69384"
CRS3035RES200mN2532800E3917400,0,CRS3035RES1000mN2532000E3917000,0,CRS3035RES1000mN2532000E3917000,598938,282.5,49,11,75,10,8193676.1,11469,124,2,21,0,105,0,0,15,9,5,13,36.5,21,43,72,23,48,12,0,11,126,"69384,69389"
CRS3035RES200mN2532800E3917600,0,CRS3035RES1000mN2532000E3917000,0,CRS3035RES1000mN2532000E3917000,598932,167.5,40,4,38,15,3381174.7,5089,86,1,1,86,0,0,0,24,12,4,10,8.5,8,47,36,10,17,15,0,12,87,69384
CRS3035RES200mN2532800E3918000,0,CRS3035RES1000mN2532000E3918000,0,CRS3035RES200mN2532800E3918000,599059,198.5,34,5,44,14,4824890.1,6767,80,6,2,51,0,33,0,28,18.5,7,19.5,19.5,8,35,44,13,16,18,0,8,86,69384
CRS3035RES200mN2532800E3918200,0,CRS3035RES1000mN2532000E3918000,0,CRS3035RES200mN2532800E3918200,599072,774.5,121,25,178,26,22350662.5,27671.7,327,1,0,37,141,150,0,39,39,18,57.5,89,49,145,165,76,75,57,4,19,328,69384
CRS3035RES200mN2532800E3918400,0,CRS3035RES1000mN2532000E3918000,0,CRS3035RES200mN2532800E3918400,599066,411.5,59,17,78,22,12538208,15400,133,42,22,63,0,90,0,81,18,13,31.5,38,34,66,80,57,51,23,0,26,175,"69384,69034"
CRS3035RES200mN2532800E3918600,0,CRS3035RES1000mN2532000E3918000,0,CRS3035RES200mN2532800E3918600,599061,251,46,6,20,18,5694189.5,7832,98,19,16,54,1,46,0,71,15,10,15,19,20,70,43,21,32,3,3,11,117,"69034,69384"
CRS3035RES200mN2532800E3918800,0,CRS3035RES1000mN2532000E3918000,0,CRS3035RES200mN2532800E3918800,599062,261,54,4,74,12,7445915.3,8597,124,1,33,2,10,80,0,0,14,5,18.5,14.5,22,58,65,18,30,15,1,10,125,"69034,69384"
CRS3035RES200mN2532800E3919200,0,CRS3035RES1000mN2532000E3919000,0,CRS3035RES200mN2532800E3919200,599038,176.5,31,0,67,7,5170781.6,6399,83,0,0,0,69,14,0,0,7.5,2,9.5,11.5,13,40,30,26,36,1,0,9,83,"69034,69384"
CRS3035RES200mN2532800E3920200,0,CRS3035RES1000mN2532000E3920000,0,CRS3035RES1000mN2532000E3920000,599084,271,41,4,39,11,8976732.3,10032,120,0,0,0,0,120,0,0,18,10,15,23,17,73,66,23,21,5,0,9,120,"69386,69034"
CRS3035RES200mN2533000E3915600,0,CRS3035RES1000mN2533000E3915000,0,CRS3035RES1000mN2533000E3915000,598901,198.5,24,12,5,15,3535236.3,4682,70,5,2,71,1,1,0,0,11,12,20.5,30,12,35,42,16,11,9,0,10,75,"69081,69389"
CRS3035RES200mN2533000E3915800,0,CRS3035RES1000mN2533000E3915000,0,CRS3035RES1000mN2533000E3915000,598906,256,60,7,1,20,3676225.9,6288,126,0,0,126,0,0,0,125,19,2,20,12,20,45,39,36,47,16,0,42,126,"69389,69081"
CRS3035RES200mN2533000E3916000,0,CRS3035RES1000mN2533000E3916000,0,CRS3035RES1000mN2533000E3916000,598958,322,76,8,136,13,7186820.8,12651,165,0,0,165,0,0,0,0,14,6,20.5,15,18.5,66,42,38,56,46,0,17,165,69389
CRS3035RES200mN2533000E3916200,0,CRS3035RES1000mN2533000E3916000,0,CRS3035RES1000mN2533000E3916000,598955,217,23,15,0,20,3627375.3,5937,78,0,0,0,57,21,0,78,17.5,8,15.5,28,22,40,52,22,9,3,0,14,78,69389
CRS3035RES200mN2533000E3916400,0,CRS3035RES1000mN2533000E3916000,0,CRS3035RES1000mN2533000E3916000,598951,136,16,11,5,5,2316810.4,3261,36,5,5,0,36,0,0,35,15,6,23,13,6,36,24,7,5,1,0,11,41,69389
CRS3035RES200mN2533000E3916600,0,CRS3035RES1000mN2533000E3916000,0,CRS3035RES1000mN2533000E3916000,598950,38,8,0,9,2,927671.8,1218,14,5,0,14,5,0,0,0,6,0,1,0,4,17,4,2,2,2,0,2,19,69389
CRS3035RES200mN2533000E3917000,0,CRS3035RES1000mN2533000E3917000,0,CRS3035RES1000mN2533000E3917000,598924,378.5,66,12,50,20,8635418,10745,169,0,0,0,48,121,0,54,34,10.5,27,30,25,144,61,22,19,6,0,18,169,69389
CRS3035RES200mN2533000E3917200,0,CRS3035RES1000mN2533000E3917000,0,CRS3035RES1000mN2533000E3917000,598927,1033.5,172,38,82,59,21205989.1,29921,445,0,0,0,55,382,8,200,92,30.5,64,84,111,353,165,67,54,12,1,79,445,69389
CRS3035RES200mN2533000E3917400,1,CRS3035RES1000mN2533000E3917000,0,CRS3035RES1000mN2533000E3917000,598913,14,2.7,0.5,3.5,0.8,402325.2,538.6,5.2,1.4,4.6,0.6,0,1.4,0,1.1,0.3,0.3,1.3,1.3,0.9,4.1,2.2,2.5,0.6,0.5,0,0.9,6.6,"69389,69384"
CRS3035RES200mN2533000E3917600,1,CRS3035RES1000mN2533000E3917000,0,CRS3035RES1000mN2533000E3917000,598913,19,3.6,0.6,4.7,1.1,546012.7,731,7.1,1.9,6.2,0.9,0,1.9,0,1.5,0.4,0.4,1.7,1.7,1.3,5.6,3,3.4,0.9,0.6,0,1.3,9,69384
CRS3035RES200mN2533000E3917800,0,CRS3035RES1000mN2533000E3917000,0,CRS3035RES1000mN2533000E3917000,598920,239.5,27,5,46,16,8984787.4,9340,93,0,0,0,0,93,0,0,12,8,14,29.5,21,38,59,33,22,3,0,5,93,69384
CRS3035RES200mN2533000E3918000,0,CRS3035RES1000mN2533000E3918000,0,CRS3035RES1000mN2533000E3918000,598997,384,10,29,19,23,8535254.8,9917,55,52,4,0,52,51,0,82,20.5,18.5,53.5,69,34.5,51,105,26,4,2,0,14,107,69384
CRS3035RES200mN2533000E3918200,0,CRS3035RES1000mN2533000E3918000,0,CRS3035RES1000mN2533000E3918000,598998,179,69,1,50,6,5371175.6,7191,94,15,19,45,0,45,0,43,5,2,6,7,15,17,27,17,33,50,0,11,109,"69384,69034"
CRS3035RES200mN2533000E3918400,0,CRS3035RES1000mN2533000E3918000,0,CRS3035RES1000mN2533000E3918000,599001,293,45,10,109,5,10574879.8,13012,93,37,22,9,90,9,0,0,11,9,15,26,15,32,50,35,75,25,0,5,130,"69034,69384"
CRS3035RES200mN2533000E3920200,0,CRS3035RES1000mN2533000E3920000,0,CRS3035RES1000mN2533000E3920000,599117,353.5,74,9,62,19,8022158.9,11753.2,171,0,66,55,38,11,1,44,22,7,21,18,25.5,86,84,26,34,23,7,34,171,"69034,69386"
CRS3035RES200mN2533200E3915800,0,CRS3035RES1000mN2533000E3915000,0,CRS3035RES1000mN2533000E3915000,598897,67.5,17,3,28,3,1274245.4,2274,31,2,0,0,1,32,0,0,7,2,2,4.5,6,22,20,2,2,0,0,2,33,"69389,69081"
CRS3035RES200mN2533200E3916000,0,CRS3035RES1000mN2533000E3916000,0,CRS3035RES1000mN2533000E3916000,598962,537.5,94,23,152,27,11425200.5,17280,234,1,0,0,78,157,0,35,47.5,25,42,39,49,134,97,53,40,11,0,29,235,69389
CRS3035RES200mN2533200E3916200,1,CRS3035RES1000mN2533000E3916000,0,CRS3035RES1000mN2533000E3916000,598948,29.5,3,0.6,1.8,1.8,839183.5,1122.8,10.4,1.8,3.1,9.1,0,0,0,0,0,0.6,1.5,1.8,3.7,4.9,9.7,4.9,2.4,0,0,0,12.2,69389
CRS3035RES200mN2533200E3916400,0,CRS3035RES1000mN2533000E3916000,0,CRS3035RES1000mN2533000E3916000,598953,117,41,1,54,6,2580220.9,4857,71,0,0,0,71,0,0,0,7,3,3,2,7,33,13,12,20,16,1,6,71,69389
CRS3035RES200mN2533200E3916600,0,CRS3035RES1000mN2533000E3916000,0,CRS3035RES1000mN2533000E3916000,598952,87.5,28,1,41,4,2423152.8,3955,51,1,0,0,52,0,0,0,4,1.5,4,1,4,22,13,11,13,14,0,2,52,69389
CRS3035RES200mN2533200E3916800,0,CRS3035RES1000mN2533000E3916000,0,CRS3035RES1000mN2533000E3916000,598961,381.5,94,11,78,18,7750623.9,12612,181,12,0,98,23,72,0,80,18,8,25,30.5,19,70,81,42,75,12,1,46,193,69389
CRS3035RES200mN2533200E3917000,0,CRS3035RES1000mN2533000E3917000,0,CRS3035RES1000mN2533000E3917000,598917,158,16,11,0,10,2649214.4,3768,55,1,0,42,0,14,0,35,20.5,3,9.5,27,11,38,25,9,11,4,0,12,56,69389
CRS3035RES200mN2533200E3917200,0,CRS3035RES1000mN2533000E3917000,0,CRS3035RES1000mN2533000E3917000,598925,378,84,13,41,23,8338388.6,10751.5,175,4,67,0,0,111,1,62,42,15,27.5,18.5,24,130,77,30,12,1,1,40,179,69389
CRS3035RES200mN2533200E3917400,1,CRS3035RES1000mN2533000E3917000,0,CRS3035RES1000mN2533000E3917000,598913,16,3.1,0.5,4,0.9,459800.2,615.6,6,1.6,5.2,0.8,0,1.6,0,1.3,0.4,0.4,1.4,1.4,1.1,4.7,2.5,2.9,0.7,0.5,0,1.1,7.6,"69389,69384"
CRS3035RES200mN2533200E3917800,0,CRS3035RES1000mN2533000E3917000,0,CRS3035RES1000mN2533000E3917000,598921,165,53,3,53,12,5086321.2,6585,95,1,0,0,70,26,0,0,6,6.5,7,9,13.5,39,47,26,9,2,0,7,96,69384
CRS3035RES200mN2533200E3918000,1,CRS3035RES1000mN2533000E3918000,0,CRS3035RES1000mN2533000E3918000,598987,40,7,1.4,15.4,1.4,1543325.9,2176.8,4.9,12.6,10.5,4.2,1.4,1.4,0,0,1.4,0,0.7,3.5,4.2,8.4,8.5,5.6,6.3,1.4,0,0.7,17.5,"69384,69034"
CRS3035RES200mN2533200E3918200,1,CRS3035RES1000mN2533000E3918000,0,CRS3035RES1000mN2533000E3918000,598987,17,3,0.6,6.6,0.6,655913.5,925.2,2.1,5.4,4.5,1.8,0.6,0.6,0,0,0.6,0,0.3,1.5,1.8,3.5,3.6,2.4,2.7,0.6,0,0.3,7.5,"69034,69384"
CRS3035RES200mN2533400E3915400,0,CRS3035RES1000mN2533000E3915000,0,CRS3035RES1000mN2533000E3915000,598904,289,29,22,5,10,4806920.2,7170,90,10,6,36,1,57,0,86,22,11,29,27,22,52,51,38,31,6,0,35,100,"69389,69081"
CRS3035RES200mN2533400E3915600,0,CRS3035RES1000mN2533000E3915000,0,CRS3035RES1000mN2533000E3915000,598907,360.5,35,24,62,25,6269766.2,8992,115,12,6,51,3,67,0,52,33,18.5,31.5,34.5,38,87,60,39,15,4,0,41,127,"69389,69081"
CRS3035RES200mN2533400E3915800,0,CRS3035RES1000mN2533000E3915000,0,CRS3035RES1000mN2533000E3915000,598900,177,33,8,2,10,2661313.5,3881,71,2,1,0,1,71,0,13,14,8,14.5,27.5,27,47,27,4,7,1,0,33,73,"69389,69081"
CRS3035RES200mN2533400E3916000,0,CRS3035RES1000mN2533000E3916000,0,CRS3035RES1000mN2533000E3916000,598965,729,97,41,95,27,12794458.7,17903,275,0,0,0,0,275,0,161,51,30,59,72.5,57.5,199,130,53,54,19,4,55,275,69389
CRS3035RES200mN2533400E3916400,0,CRS3035RES1000mN2533000E3916000,0,CRS3035RES1000mN2533000E3916000,598966,727,126,42,0,47,10695465.6,17383,298,0,0,298,0,0,0,297,40.5,28.5,58.5,77.5,50,106,154,89,79,43,1,100,298,69389
CRS3035RES200mN2533400E3916600,0,CRS3035RES1000mN2533000E3916000,0,CRS3035RES1000mN2533000E3916000,598963,515,121,7,202,23,12277919.4,20130,268,0,0,156,112,0,0,0,32,14,17,29,31,116,100,51,83,42,0,22,268,69389
CRS3035RES200mN2533400E3916800,0,CRS3035RES1000mN2533000E3916000,0,CRS3035RES1000mN2533000E3916000,598959,410,48,20,104,24,7737404.8,10808,167,0,105,62,0,0,0,6,23,10,25,40,33,86,95,35,51,7,5,31,167,69389
CRS3035RES200mN2533400E3917000,0,CRS3035RES1000mN2533000E3917000,0,CRS3035RES1000mN2533000E3917000,598926,432,69,20,34,21,7687774,12399,159,21,25,95,0,60,0,115,42,16,38.5,42.5,18,117,79,25,37,16,1,44,180,69389
CRS3035RES200mN2533400E3917200,1,CRS3035RES1000mN2533000E3917000,0,CRS3035RES1000mN2533000E3917000,598913,12,2.3,0.4,3,0.7,344850.2,461.7,4.5,1.2,3.9,0.6,0,1.2,0,0.9,0.3,0.3,1.1,1.1,0.8,3.5,1.9,2.1,0.5,0.4,0,0.8,5.7,69389
CRS3035RES200mN2533400E3917800,0,CRS3035RES1000mN2533000E3917000,0,CRS3035RES1000mN2533000E3917000,598918,134.5,19,1,46,7,4298129.9,5943,63,0,0,0,63,0,0,0,3.5,5,5,12,11,14,34,15,31,4,0,4,63,"69384,69389"
CRS3035RES200mN2533400E3918000,0,CRS3035RES1000mN2533000E3918000,0,CRS3035RES1000mN2533000E3918000,599004,300.5,66,6,102,7,11043886.9,13325,139,11,1,0,140,9,0,0,11,1,13.5,24,21,45,77,37,55,16,0,6,150,"69384,69034"
CRS3035RES200mN2533400E3918200,0,CRS3035RES1000mN2533000E3918000,0,CRS3035RES1000mN2533000E3918000,598996,215,38,3,53,12,7193294.6,8032,87,13,5,1,0,94,0,0,15,3,7,20,15,52,53,24,20,6,0,3,100,"69034,69384"
CRS3035RES200mN2533600E3915200,1,CRS3035RES1000mN2533000E3915000,0,CRS3035RES1000mN2533000E3915000,598895,2,0.1,0.2,0.4,0.1,69553.6,88,0.1,0.5,0.1,0.2,0.1,0.2,0,0,0,0,0.2,0.2,0.3,0.2,0.6,0.1,0.2,0.2,0,0,0.6,"69081,69389"
CRS3035RES200mN2533600E3915400,0,CRS3035RES1000mN2533000E3915000,0,CRS3035RES1000mN2533000E3915000,598898,73,19,2,0,9,1065246.4,2259,36,0,0,35,1,0,0,35,3,2,6,8,6,10,11,14,10,3,0,13,36,"69389,69081"
CRS3035RES200mN2533600E3915600,0,CRS3035RES1000mN2533000E3915000,0,CRS3035RES1000mN2533000E3915000,598912,760.5,120,49,30,48,11381239.9,19422,300,0,0,300,0,0,0,264,38.5,32,63,93,42,142,131,89,83,47,0,101,300,69389
CRS3035RES200mN2533600E3915800,0,CRS3035RES1000mN2533000E3915000,0,CRS3035RES1000mN2533000E3915000,598909,382,89,15,19,26,6013762.5,10504,177,0,0,91,42,44,0,144,25.5,18,39.5,28,23,74,69,25,49,31,0,55,177,"69389,69040"
CRS3035RES200mN2533600E3916000,0,CRS3035RES1000mN2533000E3916000,0,CRS3035RES1000mN2533000E3916000,598964,758,77,49,67,45,12336219,19090,269,0,0,107,0,162,0,189,75,35.5,67.5,78,65,193,121,46,52,23,2,75,269,"69389,69040"
CRS3035RES200mN2533600E3916400,0,CRS3035RES1000mN2533000E3916000,0,CRS3035RES1000mN2533000E3916000,598954,213,24,11,27,7,4067314.7,7255,78,0,0,0,37,41,0,41,18,14,24,14,13,55,22,15,20,18,0,9,78,69389
CRS3035RES200mN2533600E3916600,0,CRS3035RES1000mN2533000E3916000,0,CRS3035RES1000mN2533000E3916000,598967,932.5,141,45,82,66,16225860.9,27202,380,0,0,380,0,0,0,276,69.5,41,84.5,84.5,48,168,175,106,100,46,10,88,380,69389
CRS3035RES200mN2533600E3916800,1,CRS3035RES1000mN2533000E3916000,0,CRS3035RES1000mN2533000E3916000,598948,9,0.9,0.2,0.6,0.6,256022.1,342.6,3.1,0.6,0.9,2.8,0,0,0,0,0,0.2,0.5,0.5,1.1,1.5,3,1.5,0.7,0,0,0,3.7,"69389,69194"
CRS3035RES200mN2533600E3917000,0,CRS3035RES1000mN2533000E3917000,0,CRS3035RES1000mN2533000E3917000,598923,263.5,61,9,23,23,4857339.3,7058,127,5,131,1,0,0,0,94,18.5,5,15.5,19.5,19,57,62,21,27,19,0,32,132,"69389,69194"
CRS3035RES200mN2533600E3917400,0,CRS3035RES1000mN2533000E3917000,0,CRS3035RES1000mN2533000E3917000,598915,36,12,1,9,2,759663.2,1178,20,1,17,1,0,3,0,0,2,1,1,1,5,16,3,3,1,3,0,7,21,69389
CRS3035RES200mN2533600E3917600,0,CRS3035RES1000mN2533000E3917000,0,CRS3035RES1000mN2533000E3917000,598916,66,13,4,4,2,1062833.8,2031,23,3,24,0,2,0,0,15,2,1,7,11,6,12,11,8,6,0,2,11,26,69389
CRS3035RES200mN2533600E3917800,0,CRS3035RES1000mN2533000E3917000,0,CRS3035RES1000mN2533000E3917000,598919,122.5,30,0,10,3,3530803.9,3930,70,0,0,0,0,70,0,0,11,0,0,0.5,15,80,9,3,4,0,0,4,70,"69389,69384,69034"
CRS3035RES200mN2533600E3918000,0,CRS3035RES1000mN2533000E3918000,0,CRS3035RES1000mN2533000E3918000,598994,200,40,2,72,15,5039850.9,6509,95,2,0,97,0,0,0,0,13,10,18,12,8,57,54,14,8,6,0,7,97,"69034,69384,69389"
CRS3035RES200mN2533800E3915400,0,CRS3035RES1000mN2533000E3915000,0,CRS3035RES1000mN2533000E3915000,598902,246.5,26,14,5,14,4193774.7,7651,83,4,0,87,0,0,0,82,21,9,28,26,16,40.5,37,19,30,19,1,16,87,"69081,69389,69040"
CRS3035RES200mN2533800E3915600,0,CRS3035RES1000mN2533000E3915000,0,CRS3035RES1000mN2533000E3915000,598905,279,44,17,32,18,5104234.2,8016,109,4,3,52,0,58,0,70,26,8,18.5,37.5,16,54,58,27,23,11,0,36,113,"69389,69040"
CRS3035RES200mN2533800E3915800,0,CRS3035RES1000mN2533000E3915000,0,CRS3035RES1000mN2533000E3915000,598911,590.5,142,19,64,34,10614798.7,18693,284,3,1,148,109,29,0,211,31,17,46.5,45,29,96,101,68,95,53,9,84,287,"69040,69389"
CRS3035RES200mN2533800E3916000,0,CRS3035RES1000mN2533000E3916000,0,CRS3035RES1000mN2533000E3916000,598957,344.5,53,8,41,15,7793832.8,9529,127,22,12,0,2,135,0,51,30,11,28.5,18,19,122,60,31,17,8,0,14,149,"69040,69389"
CRS3035RES200mN2533800E3916200,0,CRS3035RES1000mN2533000E3916000,0,CRS3035RES1000mN2533000E3916000,598956,293,15,19,1,10,6141733.3,7793,93,1,9,47,0,38,0,76,26,17,20,37,19,76,51,21,20,6,0,15,94,"69389,69040"
CRS3035RES200mN2533800E3916400,0,CRS3035RES1000mN2533000E3916000,0,CRS3035RES1000mN2533000E3916000,598960,325.5,85,3,133,20,7924709.2,13469,174,3,2,159,0,16,0,0,8,5,10.5,14,20,59,60,54,64,31,0,15,177,"69389,69040"
CRS3035RES200mN2533800E3916600,0,CRS3035RES1000mN2533000E3916000,0,CRS3035RES1000mN2533000E3916000,598949,38,6,2,5,0,637747.3,1007,10,3,11,2,0,0,0,0,3,0,4,3,2,6,10,4,5,1,0,6,13,"69389,69194,69040"
CRS3035RES200mN2533800E3916800,1,CRS3035RES1000mN2533000E3916000,0,CRS3035RES1000mN2533000E3916000,598948,10,1,0.2,0.6,0.6,284469,380.6,3.5,0.6,1,3.1,0,0,0,0,0,0.2,0.5,0.6,1.2,1.7,3.3,1.7,0.8,0,0,0,4.1,"69194,69389"
CRS3035RES200mN2533800E3917000,0,CRS3035RES1000mN2533000E3917000,0,CRS3035RES1000mN2533000E3917000,598914,34.5,9,2,4,3,806805.7,1306,13,4,15,0,2,0,0,6,1,1,2,1.5,7,9,6,1,3,3,0,6,17,"69194,69389"
CRS3035RES200mN2533800E3917200,0,CRS3035RES1000mN2533000E3917000,0,CRS3035RES1000mN2533000E3917000,598922,331.5,36,22,13,29,5742732.2,8391,115,15,0,129,1,0,0,115,24.5,7,22,29,27,59,60,53,29,21,0,33,130,"69389,69194"
CRS3035RES200mN2533800E3917400,1,CRS3035RES1000mN2533000E3917000,0,CRS3035RES1000mN2533000E3917000,598913,14,2.7,0.5,3.5,0.8,402325.2,538.6,5.2,1.4,4.6,0.6,0,1.4,0,1.1,0.3,0.3,1.3,1.3,0.9,4.1,2.2,2.5,0.6,0.5,0,0.9,6.6,69389
CRS3035RES200mN2533800E3917600,1,CRS3035RES1000mN2533000E3917000,0,CRS3035RES1000mN2533000E3917000,598913,14,2.7,0.5,3.5,0.8,402325.2,538.6,5.2,1.4,4.6,0.6,0,1.4,0,1.1,0.3,0.3,1.3,1.3,0.9,4.1,2.2,2.5,0.6,0.5,0,0.9,6.6,69389
CRS3035RES200mN2533800E3918200,0,CRS3035RES1000mN2533000E3918000,0,CRS3035RES1000mN2533000E3918000,598990,120,23,2,45,6,3351627.7,4749,51,4,3,52,0,0,0,0,9,1,10,8,7,30,26,9,14,6,0,5,55,"69034,69389"
CRS3035RES200mN2534000E3916200,0,CRS3035RES1000mN2534000E3916000,0,CRS3035RES1000mN2534000E3916000,600543,44.5,13,0,8,1,1199666.6,1626,20,6,6,0,1,19,0,0,1,0,0.5,1,5,10,6,7,13,1,0,5,26,"69040,69389"
CRS3035RES200mN2534000E3916400,0,CRS3035RES1000mN2534000E3916000,0,CRS3035RES1000mN2534000E3916000,600538,53,7,2,12,2,1892382.8,2083,13,7,14,0,0,6,0,0,2,1,6,6,5,13,18,2,0,0,0,2,20,"69040,69194,69389"
CRS3035RES200mN2534000E3916600,0,CRS3035RES1000mN2534000E3916000,0,CRS3035RES1000mN2534000E3916000,600528,25.5,5,1,8,2,744382.2,1045,10,3,12,1,0,0,0,0,0,0,1,5.5,0,6,7,3,2,1,0,0,13,"69194,69040,69389"
CRS3035RES200mN2534000E3917200,0,CRS3035RES1000mN2534000E3917000,0,CRS3035RES1000mN2534000E3917000,600500,25.5,5,0,4,1,908856.4,959,9,4,9,0,4,0,0,0,0,0,0,2,5.5,3,6,5,4,0,0,1,13,"69194,69389"
CRS3035RES200mN2534000E3917600,1,CRS3035RES1000mN2534000E3917000,0,CRS3035RES1000mN2534000E3917000,600496,24.5,1.2,1.1,6.8,0.4,973791.9,1367.9,1.3,7.3,0.8,1.6,4.9,1.3,0,0,0.7,0.7,1.9,2.6,2.5,2.1,5.9,3.1,4.2,0.7,0.1,0.2,8.6,69389
CRS3035RES200mN2534000E3918000,0,CRS3035RES1000mN2534000E3918000,0,CRS3035RES1000mN2534000E3918000,600582,59,12,2,6,3,1321959.9,1619,24,2,1,24,1,0,0,20,4,2,7,7,2,13,10,5,4,5,0,2,26,69389
CRS3035RES200mN2534000E3918200,0,CRS3035RES1000mN2534000E3918000,0,CRS3035RES1000mN2534000E3918000,600584,47,16,1,0,4,842394,1462,27,0,0,27,0,0,0,0,4,1,1,3,0,10,13,6,8,0,1,4,27,"69389,69034"
CRS3035RES200mN2534200E3917600,0,CRS3035RES1000mN2534000E3917000,0,CRS3035RES1000mN2534000E3917000,600502,42,1,2,12,3,1069288.4,1143,1,14,1,12,2,0,0,0,2,1,2,7,2,7,9,3,6,3,0,0,15,"69389,69194"
CRS3035RES200mN2534200E3917800,0,CRS3035RES1000mN2534000E3917000,0,CRS3035RES1000mN2534000E3917000,600505,467,88,7,112,19,15153862.6,19123,205,18,2,16,161,44,0,12,16,9.5,21,38.5,39,110,123,30,59,21,0,10,223,69389
CRS3035RES200mN2534200E3918000,0,CRS3035RES1000mN2534000E3918000,0,CRS3035RES1000mN2534000E3918000,600595,175,30,1,65,7,5927745.7,7388,88,0,0,0,88,0,0,0,9,5,4,7,5,36,28,20,45,16,0,1,88,69389
CRS3035RES200mN2534200E3918200,0,CRS3035RES1000mN2534000E3918000,0,CRS3035RES1000mN2534000E3918000,600586,50,19,1,3,4,851259.4,1650,28,1,0,28,1,0,0,25,1,2,6,3,3,7,8,9,6,5,0,7,29,69389
CRS3035RES200mN2534200E3918400,0,CRS3035RES1000mN2534000E3918000,0,CRS3035RES1000mN2534000E3918000,600592,187,15,13,7,12,3202195.1,4605,58,4,3,54,1,4,0,54,24,14,18,20,9,38,35,12,13,4,0,25,62,"69389,69034"
CRS3035RES200mN2534200E3918600,1,CRS3035RES1000mN2534000E3918000,0,CRS3035RES1000mN2534000E3918000,600580,11,1.5,0,3.7,0.7,314032.8,446.3,3.3,1.9,3.9,0.6,0,0.7,0,0,0.5,0,0.4,0.9,0.6,2.8,2,1.7,1.9,0.2,0,0.6,5.2,"69389,69034"
CRS3035RES200mN2534200E3918800,0,CRS3035RES1000mN2534000E3918000,0,CRS3035RES1000mN2534000E3918000,600585,74,10,2,12,4,1933056.1,2325,26,3,15,3,5,6,0,3,4,1,7,9,9,18,18,4,2,2,0,5,29,"69034,69389"
CRS3035RES200mN2534200E3919000,0,CRS3035RES1000mN2534000E3919000,0,CRS3035RES1000mN2534000E3919000,600607,48.5,13,1,13,5,1213829.6,1911,27,1,27,1,0,0,0,0,1,1,3,2,2.5,20,11,4,2,2,0,1,28,"69034,69389"
CRS3035RES200mN2534400E3917600,1,CRS3035RES1000mN2534000E3917000,0,CRS3035RES1000mN2534000E3917000,600496,4,0.2,0.2,1.1,0.1,158986.4,223.3,0.2,1.2,0.1,0.3,0.8,0.2,0,0,0.1,0.1,0.3,0.4,0.4,0.4,1,0.5,0.7,0.1,0,0,1.4,"69194,69389"
CRS3035RES200mN2534400E3917800,1,CRS3035RES1000mN2534000E3917000,0,CRS3035RES1000mN2534000E3917000,600496,23.5,1.1,1,6.5,0.4,934045.3,1312,1.2,7.1,0.8,1.6,4.7,1.2,0,0,0.7,0.7,1.8,2.5,2.4,2,5.6,3,4,0.7,0.1,0.2,8.3,"69389,69194"
CRS3035RES200mN2534400E3918000,0,CRS3035RES1000mN2534000E3918000,0,CRS3035RES1000mN2534000E3918000,600594,159,34,2,60,10,4690151.4,6466,64,14,14,5,55,4,0,0,9,4,5,7.5,14.5,29,34,22,24,10,0,2,78,69389
CRS3035RES200mN2534400E3918200,0,CRS3035RES1000mN2534000E3918000,0,CRS3035RES1000mN2534000E3918000,600591,110.5,10,2,34,2,3672923.9,5583,10,37,17,6,4,20,0,0,1,0,4,8,11.5,22,20,16,25,3,0,1,47,69389
CRS3035RES200mN2534400E3918400,0,CRS3035RES1000mN2534000E3918000,0,CRS3035RES1000mN2534000E3918000,600589,76,18,1,9,2,1725841.3,2617,29,9,9,1,20,8,0,0,5,1,2,4,6,21,17,11,8,1,0,5,38,69389
CRS3035RES200mN2534400E3918600,0,CRS3035RES1000mN2534000E3918000,0,CRS3035RES1000mN2534000E3918000,600587,88.5,10,6,31,2,3609050.2,4805,12,23,25,3,5,2,0,0,2,1,1,11,15,4.5,22,16,10,6,0,0,35,69389
CRS3035RES200mN2534400E3918800,0,CRS3035RES1000mN2534000E3918000,0,CRS3035RES1000mN2534000E3918000,600581,42,13,0,11,2,1092341.6,2078,18,6,20,0,3,1,0,0,2,1,1,3,2,10,11,2,7,2,1,3,24,69389
CRS3035RES200mN2534400E3919000,1,CRS3035RES1000mN2534000E3919000,0,CRS3035RES1000mN2534000E3919000,600603,15,3.4,0.7,3.7,0,541199.1,953.2,4.1,2.7,5.5,1,0,0.3,0,0,1.7,0.3,1,1.4,0.3,2.1,3.4,1,2.4,1.4,0,0.7,6.8,"69389,69034"
CRS3035RES200mN2534400E3919200,1,CRS3035RES1000mN2534000E3919000,0,CRS3035RES1000mN2534000E3919000,600603,9,2,0.4,2.2,0,324719.5,571.9,2.5,1.6,3.3,0.6,0,0.2,0,0,1,0.2,0.6,0.8,0.2,1.2,2.1,0.6,1.5,0.8,0,0.4,4.1,"69389,69034"
CRS3035RES200mN2534400E3919400,1,CRS3035RES1000mN2534000E3919000,0,CRS3035RES1000mN2534000E3919000,600603,19,4.3,0.9,4.8,0,685518.9,1207.4,5.2,3.4,6.9,1.3,0,0.4,0,0,2.2,0.4,1.3,1.7,0.5,2.6,4.3,1.3,3,1.7,0,0.9,8.6,"69034,69389"
CRS3035RES200mN2534600E3917800,0,CRS3035RES1000mN2534000E3917000,0,CRS3035RES1000mN2534000E3917000,600499,32,1,0,12,1,1129416.3,1714,2,11,8,0,3,2,0,0,2,0,1,1,2,2,6,5,8,5,0,0,13,"69194,69389,69191"
CRS3035RES200mN2534600E3918000,0,CRS3035RES1000mN2534000E3918000,0,CRS3035RES1000mN2534000E3918000,600583,59.5,12,4,13,5,1899284,2356,15,12,2,2,8,15,0,0,1,1.5,4,9,5,12,13,5,7,2,0,3,27,"69389,69191"
CRS3035RES200mN2534600E3918200,0,CRS3035RES1000mN2534000E3918000,0,CRS3035RES1000mN2534000E3918000,600600,436.5,73,10,139,37,10290594.4,14047,193,4,0,196,0,1,0,0,31.5,14,24,41,32,91,71,46,61,24,1,11,197,69389
CRS3035RES200mN2534600E3918400,0,CRS3035RES1000mN2534000E3918000,0,CRS3035RES1000mN2534000E3918000,600597,231.5,23,2,71,13,7380878.6,9761,91,7,7,0,64,27,0,0,9,4,13,18.5,18,27,48,35,36,23,0,5,98,69389
CRS3035RES200mN2534600E3918600,0,CRS3035RES1000mN2534000E3918000,0,CRS3035RES1000mN2534000E3918000,600588,65,13,0,18,3,2134330.8,3233,35,0,5,0,1,29,0,0,4,0,1,2,2,16,10,13,14,3,0,5,35,69389
CRS3035RES200mN2534600E3918800,0,CRS3035RES1000mN2534000E3918000,0,CRS3035RES1000mN2534000E3918000,600590,90,17,3,20,3,2388439.5,2939,37,4,40,0,0,1,0,0,7,0,5,7,9,26,23,8,5,0,0,6,41,69389
CRS3035RES200mN2534600E3919000,0,CRS3035RES1000mN2534000E3919000,0,CRS3035RES1000mN2534000E3919000,600617,178.5,44,2,52,10,4721699.2,7265.5,72,21,80,7,0,5,1,11,13,3,5.5,13,13,45,41,26,16,3,0,14,93,69389
CRS3035RES200mN2534600E3919200,0,CRS3035RES1000mN2534000E3919000,0,CRS3035RES1000mN2534000E3919000,600614,162,29,4,34,5,4654624,6208,58,13,49,0,0,22,0,1,10,10,15,11,8,48,33,16,10,0,1,8,71,69389
CRS3035RES200mN2534600E3919400,1,CRS3035RES1000mN2534000E3919000,0,CRS3035RES1000mN2534000E3919000,600603,1,0.2,0,0.2,0,36079.9,63.5,0.3,0.2,0.4,0.1,0,0,0,0,0.1,0,0.1,0.1,0,0.1,0.2,0.1,0.2,0.1,0,0,0.5,"69389,69034"
CRS3035RES200mN2534600E3919600,0,CRS3035RES1000mN2534000E3919000,0,CRS3035RES1000mN2534000E3919000,600609,64,15,4,21,2,1740577.8,2800,26,5,27,0,2,2,0,0,1,0,3,10,6,12,20,4,5,3,0,3,31,"69034,69389"
CRS3035RES200mN2534800E3918000,0,CRS3035RES1000mN2534000E3918000,0,CRS3035RES1000mN2534000E3918000,600596,201,30,5,76,9,6494475.8,9838,77,12,11,4,71,3,0,0,7,4,9,21,15,25,38,27,41,12,2,1,89,"69191,69389"
CRS3035RES200mN2534800E3918200,0,CRS3035RES1000mN2534000E3918000,0,CRS3035RES1000mN2534000E3918000,600593,202,13,8,6,14,5454842.7,7569,66,6,1,1,66,4,0,0,2,6,14,22,26,24,47,27,25,8,1,5,72,69389
CRS3035RES200mN2534800E3918400,0,CRS3035RES1000mN2534000E3918000,0,CRS3035RES1000mN2534000E3918000,600599,305,73,9,111,18,8719034.9,11871,149,6,5,1,128,21,0,0,7,7.5,18.5,30,14,52,57,48,48,23,0,7,155,69389
CRS3035RES200mN2534800E3918600,0,CRS3035RES1000mN2534000E3918000,0,CRS3035RES1000mN2534000E3918000,600601,424,79,6,167,27,12247929.5,17433,207,2,1,0,206,2,0,0,6.5,7.5,21,27,32,55,93,74,84,23,1,9,209,69389
CRS3035RES200mN2534800E3918800,0,CRS3035RES1000mN2534000E3918000,0,CRS3035RES1000mN2534000E3918000,600602,495.5,68,9,164,28,14051382.2,19227,220,1,4,0,217,0,0,18,27.5,15.5,35,36,26.5,74,91,73,94,23,0,18,221,69389
CRS3035RES200mN2534800E3919000,0,CRS3035RES1000mN2534000E3919000,0,CRS3035RES1000mN2534000E3919000,600612,100.5,13,6,30,6,3007939.1,3921,30,8,6,0,0,32,0,0,2,3,11.5,13,9,14,23,14,9,2,0,1,38,69389
CRS3035RES200mN2534800E3919200,0,CRS3035RES1000mN2534000E3919000,0,CRS3035RES1000mN2534000E3919000,600611,74.5,12,2,16,5,2032629,3092,19,16,5,7,7,16,0,16,2,2,3,2.5,9,12,15,14,9,6,0,6,35,69389
CRS3035RES200mN2534800E3919400,0,CRS3035RES1000mN2534000E3919000,0,CRS3035RES1000mN2534000E3919000,600610,97,5,6,27,4,3014311.1,3434,7,24,15,2,1,13,0,0,5,2,6,10,16,12,19,16,7,4,0,3,31,69389
CRS3035RES200mN2535000E3918000,0,CRS3035RES1000mN2535000E3918000,0,CRS3035RES1000mN2535000E3918000,600557,47,3,2,15,1,1881147.4,2771,0,17,6,4,3,4,0,0,0,0,3,3,5,7,7,10,9,3,0,1,17,"69191,69389"
CRS3035RES200mN2535000E3918200,0,CRS3035RES1000mN2535000E3918000,0,CRS3035RES1000mN2535000E3918000,600556,33,6,0,10,2,1065484.3,2633,4,12,6,6,4,0,0,0,0,0,0.5,2.5,5,4,7,5,6,3,0,3,16,"69191,69389"
CRS3035RES200mN2535000E3918400,1,CRS3035RES1000mN2535000E3918000,0,CRS3035RES1000mN2535000E3918000,600548,31,2,1.2,8.9,0.8,1198492,2144.4,0.8,10.4,3.5,1.2,2.8,3.7,0,0,0.8,0.5,1.5,2.8,3.8,2.6,6.3,4.9,5.8,2,0,0.5,11.2,"69389,69191"
CRS3035RES200mN2535000E3918600,0,CRS3035RES1000mN2535000E3918000,0,CRS3035RES1000mN2535000E3918000,600558,57,2,3,18,0,2339248.3,2991,3,17,2,1,4,13,0,0,5,0,1.5,5.5,6,11,10,13,4,1,0,2,20,69389
CRS3035RES200mN2535000E3918800,0,CRS3035RES1000mN2535000E3918000,0,CRS3035RES1000mN2535000E3918000,600563,311.5,23,22,4,20,5640571.1,7711,99,4,1,97,2,3,0,99,15.5,16,27,48.5,26.5,53,55,32,27,11,0,19,103,69389
CRS3035RES200mN2535000E3919000,0,CRS3035RES1000mN2535000E3919000,0,CRS3035RES1000mN2535000E3919000,600574,100.5,6,1,40,3,3304082.4,4080,0,40,2,3,35,0,0,0,2,3,5,9.5,9,8,24,11,27,2,0,1,40,69389
CRS3035RES200mN2535000E3919200,1,CRS3035RES1000mN2535000E3919000,0,CRS3035RES1000mN2535000E3919000,600565,29,1.7,1,8.1,1.4,1037639.8,1442.6,1.2,9.3,3.6,0.3,2.8,3.8,0,0,1.2,1.2,2.8,3.3,1.9,3.8,6.6,3.4,3.8,1,0,0.7,10.5,69389
CRS3035RES200mN2535000E3919400,0,CRS3035RES1000mN2535000E3919000,0,CRS3035RES1000mN2535000E3919000,600577,241,39,13,50,10,4740039.5,7050,96,1,1,0,96,0,0,37,14,7,22,30,8,48,44,22,27,11,8,9,97,"69389,69063"
CRS3035RES200mN2535000E3919800,1,CRS3035RES1000mN2535000E3919000,0,CRS3035RES1000mN2535000E3919000,600565,1,0.1,0,0.3,0,35780.7,49.7,0.1,0.3,0.1,0,0.1,0.2,0,0,0.1,0.1,0.1,0.1,0.1,0.1,0.2,0.1,0.1,0,0,0,0.4,"69034,69063,69389"
CRS3035RES200mN2535200E3918200,0,CRS3035RES1000mN2535000E3918000,0,CRS3035RES1000mN2535000E3918000,600562,156.5,27,2,38,19,4615922,5945,67,9,14,0,1,61,0,21,14.5,1,8.5,16.5,11,47,33,10,13,2,0,7,76,"69191,69389"
CRS3035RES200mN2535200E3918400,0,CRS3035RES1000mN2535000E3918000,0,CRS3035RES1000mN2535000E3918000,600564,368,52,11,132,24,9221064.6,11580,106,58,1,105,56,2,0,0,21,8,30,27.5,17.5,94,61,37,43,29,0,11,164,"69389,69191"
CRS3035RES200mN2535200E3918600,0,CRS3035RES1000mN2535000E3918000,0,CRS3035RES1000mN2535000E3918000,600551,23,3,0,11,1,1000502.2,1827,1,11,1,4,1,6,0,0,0,0,1,1,0,2,3,4,9,3,0,0,12,"69389,69191"
CRS3035RES200mN2535200E3918800,0,CRS3035RES1000mN2535000E3918000,0,CRS3035RES1000mN2535000E3918000,600561,94,3,0,32,0,3936859.4,4307,0,33,0,1,14,18,0,0,3,6,6,3,10,17,11,27,9,2,0,0,33,"69389,69191"
CRS3035RES200mN2535200E3919000,0,CRS3035RES1000mN2535000E3919000,0,CRS3035RES1000mN2535000E3919000,600575,121,7,4,42,2,4195641.7,4965,0,44,4,4,30,6,0,0,4,3,7,11,8,14,26,22,23,3,0,0,44,"69389,69191"
CRS3035RES200mN2535200E3919200,0,CRS3035RES1000mN2535000E3919000,0,CRS3035RES1000mN2535000E3919000,600576,212,19,12,21,14,4349245.5,6704,54,20,0,1,62,11,0,38,10,10,15,29,23,34,48,17,17,9,0,12,74,"69191,69389"
CRS3035RES200mN2535200E3919400,0,CRS3035RES1000mN2535000E3919000,0,CRS3035RES1000mN2535000E3919000,600578,305.5,26,16,1,27,4642640.2,8679,111,0,0,0,105,6,0,105,29,7.5,25,29,30,53,68,31,22,11,0,50,111,"69389,69063"
CRS3035RES200mN2535400E3918800,1,CRS3035RES1000mN2535000E3918000,0,CRS3035RES1000mN2535000E3918000,600548,22,1.4,0.9,6.3,0.5,850542.7,1521.8,0.6,7.4,2.5,0.9,2,2.6,0,0,0.5,0.3,1.1,2,2.7,1.9,4.5,3.5,4.1,1.4,0,0.3,8,"69191,69389"
CRS3035RES200mN2535400E3919000,1,CRS3035RES1000mN2535000E3919000,0,CRS3035RES1000mN2535000E3919000,600565,24,1.4,0.9,6.7,1.1,858736.4,1193.9,1,7.7,3,0.3,2.3,3.1,0,0,1,1,2.3,2.7,1.6,3.1,5.4,2.9,3.1,0.9,0,0.6,8.7,"69191,69389"
CRS3035RES200mN2535400E3919200,0,CRS3035RES1000mN2535000E3919000,0,CRS3035RES1000mN2535000E3919000,600570,60,5,2,22,2,1920162.8,2604,0,23,0,0,17,6,0,0,4,1.5,2.5,3,9,8,8,8,6,9,1,2,23,"69191,69389"
CRS3035RES200mN2535400E3919400,0,CRS3035RES1000mN2535000E3919000,0,CRS3035RES1000mN2535000E3919000,600579,534,60,41,4,36,7624012.2,14270,186,4,3,2,184,1,0,184,43,26,56,67.5,30.5,87,93,53,65,12,1,64,190,"69389,69063,69191"
CRS3035RES200mN2535600E3919400,0,CRS3035RES1000mN2535000E3919000,0,CRS3035RES1000mN2535000E3919000,600571,60,10,3,16,0,1822719,2887,4,20,12,1,1,10,0,0,2,2,4,10,3,11,16,5,5,1,1,1,24,"69191,69063,69389"
