idcar_200m,idcar_1km,idcar_nat,i_est_200,i_est_1km,lcog_geo,ind,men,men_pauv,men_1ind,men_5ind,men_prop,men_fmp,ind_snv,men_surf,men_coll,men_mais,log_av45,log_45_70,log_70_90,log_ap90,log_inc,log_soc,ind_0_3,ind_4_5,ind_6_10,ind_11_17,ind_18_24,ind_25_39,ind_40_54,ind_55_64,ind_65_79,ind_80p,ind_inc
CRS3035RES200mN2525800E3917600,CRS3035RES1000mN2525000E3917000,CRS3035RES1000mN2525000E3917000,1,0,"69387,69149",7,3.1,1,1.5,0.4,1.1,0.2,126314.4,199.1,2.7,0.4,2.9,0.1,0,0.1,0,0.1,0.4,0.2,0.5,0.6,0.7,1.9,1,0.4,0.9,0.3,0.1
CRS3035RES200mN2526200E3918200,CRS3035RES1000mN2526000E3918000,CRS3035RES1000mN2526000E3918000,1,0,69387,5,3,1,2.2,0.1,0.4,0.1,98284.7,127.8,2.8,0.2,0.2,1.1,0,1.7,0,0.3,0.4,0.2,0.4,0.1,1.2,1.9,0.3,0.3,0.1,0.1,0
CRS3035RES200mN2526400E3918000,CRS3035RES1000mN2526000E3918000,CRS3035RES1000mN2526000E3918000,1,0,69387,54,32.2,10.5,23.4,1.6,4,1.6,1061475.3,1380.6,30.6,1.6,2.4,12.1,0,17.7,0,3.2,4,2.4,4.1,1.6,12.9,21,3.2,3.2,0.8,0.8,0
CRS3035RES200mN2526400E3918200,CRS3035RES1000mN2526000E3918000,CRS3035RES1000mN2526000E3918000,1,0,69387,5,3,1,2.2,0.1,0.4,0.1,98284.7,127.8,2.8,0.2,0.2,1.1,0,1.7,0,0.3,0.4,0.2,0.4,0.1,1.2,1.9,0.3,0.3,0.1,0.1,0
CRS3035RES200mN2526400E3919200,CRS3035RES1000mN2526000E3919000,CRS3035RES1000mN2526000E3919000,1,0,69387,4,1.8,0.1,0.5,0.1,1,0.1,103736.7,138,1.8,0,0,0.1,1.2,0.5,0,0.5,0.2,0,0.2,0.2,0.4,0.8,0.8,0.7,0.6,0.1,0
CRS3035RES200mN2526600E3918000,CRS3035RES1000mN2526000E3918000,CRS3035RES1000mN2526000E3918000,1,0,69387,3,1.8,0.6,1.3,0.1,0.2,0.1,58970.8,76.7,1.7,0.1,0.1,0.7,0,1,0,0.2,0.2,0.1,0.2,0.1,0.7,1.2,0.2,0.2,0,0.1,0
CRS3035RES200mN2526600E3918800,CRS3035RES1000mN2526000E3918000,CRS3035RES1000mN2526000E3918000,0,0,69387,55,37,5,29,1,0,1,1007799.7,1735,37,0,37,0,0,0,0,0,1,0,2,3,2,24,10,7,4,2,0
CRS3035RES200mN2526600E3919400,CRS3035RES1000mN2526000E3919000,CRS3035RES1000mN2526000E3919000,1,0,69387,4,1.8,0.1,0.5,0.1,1,0.1,103736.7,138,1.8,0,0,0.1,1.2,0.5,0,0.5,0.2,0,0.2,0.2,0.4,0.8,0.8,0.7,0.6,0.1,0
CRS3035RES200mN2526800E3917600,CRS3035RES1000mN2526000E3917000,CRS3035RES1000mN2526000E3917000,1,0,69387,26,10,0.7,3.3,0.7,2.7,0,795850,859.3,8,2,2,0.7,0,7.3,0,0,2,2,2.7,2.7,0,3.3,6.6,4,0.7,2,0
CRS3035RES200mN2526800E3918200,CRS3035RES1000mN2526000E3918000,CRS3035RES1000mN2526000E3918000,0,0,69387,375.5,157,31,61,20,28,30,7441427.9,10868,157,0,0,0,157,0,0,103,18.5,12.5,46.5,43.5,27.5,90,69,32,29,7,0
CRS3035RES200mN2526800E3918400,CRS3035RES1000mN2526000E3918000,CRS3035RES1000mN2526000E3918000,0,0,69387,320.5,187,27,110,7,27,10,7891945.6,10372,187,0,31,52,0,104,0,0,9,7,20.5,15,25,115,51,21,28,29,0
CRS3035RES200mN2526800E3918600,CRS3035RES1000mN2526000E3918000,CRS3035RES1000mN2526000E3918000,0,0,69387,522.5,205,79,75,38,6,39,8338167.5,12512,205,0,197,6,0,2,0,194,20,18,39,65,37.5,77,92,80,61,33,0
CRS3035RES200mN2526800E3918800,CRS3035RES1000mN2526000E3918000,CRS3035RES1000mN2526000E3918000,0,0,69387,646.5,271,106,99,32,0,60,9730857.4,16380,271,0,271,0,0,0,0,271,31,23,49.5,57.5,46.5,90,113,82,95,59,0
CRS3035RES200mN2526800E3919000,CRS3035RES1000mN2526000E3919000,CRS3035RES1000mN2526000E3919000,1,0,69387,240.5,105.7,4.8,31.4,3.8,61,8.6,6237166.3,8296.1,105.7,0,0,2.8,74.3,28.6,0,27.6,9.5,1.9,11.9,15.2,22.9,48.6,50.5,41,35.2,3.8,0
CRS3035RES200mN2526800E3919200,CRS3035RES1000mN2526000E3919000,CRS3035RES1000mN2526000E3919000,1,0,69387,4,1.8,0.1,0.5,0.1,1,0.1,103736.7,138,1.8,0,0,0.1,1.2,0.5,0,0.5,0.2,0,0.2,0.2,0.4,0.8,0.8,0.7,0.6,0.1,0
CRS3035RES200mN2527000E3918000,CRS3035RES1000mN2527000E3918000,CRS3035RES1000mN2527000E3918000,1,0,69387,1,0.7,0.1,0.5,0,0.2,0,22556.3,32.1,0.7,0,0.7,0,0,0,0,0.4,0,0,0,0,0,0.4,0.2,0.1,0.2,0.1,0
CRS3035RES200mN2527000E3918200,CRS3035RES1000mN2527000E3918000,CRS3035RES1000mN2527000E3918000,0,0,69387,815.5,450,62,244,15,162,30,19693292.9,26706,450,0,0,0,407,43,0,102,44,15.5,42,40,71,292,144,81,74,12,0
CRS3035RES200mN2527000E3918400,CRS3035RES1000mN2527000E3918000,CRS3035RES1000mN2527000E3918000,0,0,69387,216.5,109,27,55,11,37,15,4557392.8,5692,109,0,32,0,0,77,0,19,11,6,15,16.5,32,75,38,12,7,4,0
CRS3035RES200mN2527000E3918600,CRS3035RES1000mN2527000E3918000,CRS3035RES1000mN2527000E3918000,0,0,69387,748,394,58,184,8,152,40,18015291.9,25311,394,0,113,24,92,165,0,123,44.5,16,39.5,28,59,218,134,73,87,49,0
CRS3035RES200mN2527000E3918800,CRS3035RES1000mN2527000E3918000,CRS3035RES1000mN2527000E3918000,0,0,69387,751.5,326,68,119,30,52,55,13789888.1,23172,326,0,1,4,263,58,0,60,34.5,31.5,47.5,68.5,61.5,163,147,67,95,35,1
CRS3035RES200mN2527000E3919000,CRS3035RES1000mN2527000E3919000,CRS3035RES1000mN2527000E3919000,0,0,69387,281.5,149,28,65,3,70,8,7075935.8,8432,149,0,0,54,0,95,0,0,23,7,6.5,8,31,121,34,17,24,10,0
CRS3035RES200mN2527200E3917000,CRS3035RES1000mN2527000E3917000,CRS3035RES1000mN2527000E3917000,1,0,"69142,69382",8.5,3.7,0.5,1.1,0.2,1.6,0.6,251939.4,364.3,3.2,0.5,0.7,0,0,3,0,0,0.6,0.2,0.2,0.4,1.1,2.2,1.4,1.6,0.6,0.2,0
CRS3035RES200mN2527200E3918000,CRS3035RES1000mN2527000E3918000,CRS3035RES1000mN2527000E3918000,0,0,69387,604,217,45,59,35,27,38,13205711.4,16492,217,0,0,0,0,217,0,173,37,21,45,77,58.5,133,111.5,49,45,26,1
CRS3035RES200mN2527200E3918200,CRS3035RES1000mN2527000E3918000,CRS3035RES1000mN2527000E3918000,0,0,69387,651.5,275,51,96,25,68,51,12783894.3,18122,275,0,0,177,72,26,0,124,50.5,20.5,39.5,54.5,60.5,158,113,80,51,24,0
CRS3035RES200mN2527200E3918400,CRS3035RES1000mN2527000E3918000,CRS3035RES1000mN2527000E3918000,0,0,69387,268,153,34,88,3,18,7,5790323.9,7093,153,0,9,6,0,138,0,48,14,11.5,17,3.5,37,114,42,16,11,2,0
CRS3035RES200mN2527200E3918600,CRS3035RES1000mN2527000E3918000,CRS3035RES1000mN2527000E3918000,0,0,69387,316.5,131,10,50,9,79,11,8267396.6,10148,130,1,0,128,0,3,0,23,16,9.5,22.5,32.5,29,66,64,33,32,12,0
CRS3035RES200mN2527200E3918800,CRS3035RES1000mN2527000E3918000,CRS3035RES1000mN2527000E3918000,0,0,69387,801.5,414,76,212,20,75,45,15986137.9,24711,400,14,23,100,184,107,0,257,35.5,18.5,39.5,58,59,200,159,94,96,42,0
CRS3035RES200mN2527200E3919000,CRS3035RES1000mN2527000E3919000,CRS3035RES1000mN2527000E3919000,0,0,69387,751,351,57,152,20,121,31,17044592.4,22617,339,12,63,1,194,93,0,25,52,17,50,46,87,271,130,46,45,7,0
CRS3035RES200mN2527200E3919200,CRS3035RES1000mN2527000E3919000,CRS3035RES1000mN2527000E3919000,0,0,69387,110,68,11,43,2,25,1,2726080.9,3757,68,0,60,0,8,0,0,0,7,1,5,2,10,55,15,4,6,5,0
CRS3035RES200mN2527400E3917000,CRS3035RES1000mN2527000E3917000,CRS3035RES1000mN2527000E3917000,1,0,"69142,69382",4,1.7,0.2,0.5,0.1,0.7,0.3,118559.7,171.4,1.5,0.2,0.3,0,0,1.4,0,0,0.3,0.1,0.1,0.2,0.5,1,0.7,0.7,0.3,0.1,0
CRS3035RES200mN2527400E3917800,CRS3035RES1000mN2527000E3917000,CRS3035RES1000mN2527000E3917000,0,0,69387,494,186,28,55,23,30,29,10620095.1,14375,186,0,0,54,132,0,0,53,33.5,18.5,48.5,54.5,34,112,110,38,31,14,0
CRS3035RES200mN2527400E3918000,CRS3035RES1000mN2527000E3918000,CRS3035RES1000mN2527000E3918000,0,0,69387,1110.5,414,98,131,67,45,78,19886952.3,31938,413,1,15,244,122,33,0,324,50,38,101.5,141,83,208,190,127,116,48,8
CRS3035RES200mN2527400E3918200,CRS3035RES1000mN2527000E3918000,CRS3035RES1000mN2527000E3918000,0,0,69387,1446.5,695,57,278,27,307,70,37478088.4,47244,692,3,16,142,273,264,0,88,68,46.5,73,99,140,427,252,144,138,56,3
CRS3035RES200mN2527400E3918400,CRS3035RES1000mN2527000E3918000,CRS3035RES1000mN2527000E3918000,0,0,69387,255,142,18,79,4,44,11,7041048.1,8594,139,3,2,33,22,85,0,0,11.5,9.5,5.5,15.5,28,87,55,25,8,8,2
CRS3035RES200mN2527400E3918600,CRS3035RES1000mN2527000E3918000,CRS3035RES1000mN2527000E3918000,0,0,69387,330.5,164,18,69,4,54,8,9603628.4,10422,163,1,12,0,0,152,0,4,26,11.5,15.5,9.5,32,152,54,14,11,5,0
CRS3035RES200mN2527400E3918800,CRS3035RES1000mN2527000E3918000,CRS3035RES1000mN2527000E3918000,0,0,69387,367.5,244,41,157,3,87,13,8723907.1,13726,238,6,79,63,87,15,0,10,10.5,6.5,6.5,14.5,34.5,151,54,26,47,17,0
CRS3035RES200mN2527400E3919000,CRS3035RES1000mN2527000E3919000,CRS3035RES1000mN2527000E3919000,0,0,69387,744,378,76,181,17,94,41,16475397.3,23052,373,5,89,18,55,216,0,107,43.5,24.5,52.5,43.5,64,270,107,56,59,24,0
CRS3035RES200mN2527400E3919200,CRS3035RES1000mN2527000E3919000,CRS3035RES1000mN2527000E3919000,0,0,69387,356,191,30,100,9,41,20,8100963.9,10079,191,0,41,0,0,150,0,38,30,7,19,23,36,159,51,15,11,5,0
CRS3035RES200mN2527600E3917000,CRS3035RES1000mN2527000E3917000,CRS3035RES1000mN2527000E3917000,1,0,"69142,69382",38,16.3,2.1,5,0.7,7.1,2.8,1126317.1,1628.7,14.2,2.1,2.8,0,0,13.5,0,0,2.8,0.7,0.7,1.8,5,10,6.4,7.1,2.8,0.7,0
CRS3035RES200mN2527600E3917800,CRS3035RES1000mN2527000E3917000,CRS3035RES1000mN2527000E3917000,0,0,"69387,69382",110,58,4,26,2,11,5,2878969.6,3457,58,0,0,0,3,55,0,0,4,3,2,8,10,45,23,10,4,1,0
CRS3035RES200mN2527600E3918000,CRS3035RES1000mN2527000E3918000,CRS3035RES1000mN2527000E3918000,0,0,69387,667.5,292,11,90,11,173,22,19655749.8,24036,292,0,0,0,138,154,0,60,43,16,32,38.5,41,161,126,84,109,17,0
CRS3035RES200mN2527600E3918200,CRS3035RES1000mN2527000E3918000,CRS3035RES1000mN2527000E3918000,0,0,69387,605,334,39,168,5,174,38,15294410.8,22950,334,0,0,28,202,104,0,66,26.5,8.5,22.5,38.5,59.5,144.5,100,77,80,48,0
CRS3035RES200mN2527600E3918400,CRS3035RES1000mN2527000E3918000,CRS3035RES1000mN2527000E3918000,0,0,69387,996,523,82,247,15,129,58,22871209.6,30232,523,0,25,145,75,278,0,178,56.5,20.5,49.5,56.5,93,351,180,77,77,35,0
CRS3035RES200mN2527600E3918600,CRS3035RES1000mN2527000E3918000,CRS3035RES1000mN2527000E3918000,0,0,69387,1406,633,102,260,47,115,69,34188857.4,38248,633,0,0,0,0,633,0,202,87.5,51.5,139.5,102.5,130,529,238,69,44,7,8
CRS3035RES200mN2527600E3918800,CRS3035RES1000mN2527000E3918000,CRS3035RES1000mN2527000E3918000,0,0,69387,126,81,21,51,2,16,3,3132604.3,4386,81,0,12,17,0,52,0,0,3,3,4,2,20,55,13,10,9,7,0
CRS3035RES200mN2527600E3919000,CRS3035RES1000mN2527000E3919000,CRS3035RES1000mN2527000E3919000,0,0,69387,1464.5,673,55,247,20,236,68,40762991.7,44278,673,0,13,1,0,658,1,108,108,50.5,98.5,98.5,89,580,289,74,66,11,0
CRS3035RES200mN2527600E3919200,CRS3035RES1000mN2527000E3919000,CRS3035RES1000mN2527000E3919000,1,0,69387,99.5,56.5,9.3,28.7,0.9,13.9,2.8,3057965.4,3520.9,54.6,1.9,19.5,0,0,37,0,0.9,3.7,1.9,6,3.7,12,45.4,19.4,3.7,0.9,2.8,0
CRS3035RES200mN2527600E3919800,CRS3035RES1000mN2527000E3919000,CRS3035RES1000mN2527000E3919000,0,0,"69388,69387",128.5,63,16,23,1,0,19,2168639.8,3834,63,0,63,0,0,0,0,0,14,2,9.5,6,16,33,29,8,9,2,0
CRS3035RES200mN2527600E3923000,CRS3035RES1000mN2527000E3923000,CRS3035RES1000mN2527000E3923000,1,0,"69388,69383",5.5,2.5,0.4,1.4,0.4,0.6,0.2,162050.2,207.2,1.9,0.6,2.2,0.3,0,0,0,0,0.4,0.1,0.8,0.5,0.5,1,1.3,0.4,0.4,0.1,0
CRS3035RES200mN2527600E3923200,CRS3035RES1000mN2527000E3923000,CRS3035RES1000mN2527000E3923000,1,0,"69029,69383,69388",5,2.2,0.4,1.3,0.3,0.5,0.2,147318.4,188.4,1.7,0.5,2,0.2,0,0,0,0,0.3,0.1,0.8,0.5,0.4,0.9,1.2,0.4,0.3,0.1,0
CRS3035RES200mN2527800E3917000,CRS3035RES1000mN2527000E3917000,CRS3035RES1000mN2527000E3917000,1,0,"69142,69382",3,1.3,0.2,0.4,0.1,0.6,0.2,88919.8,128.6,1.1,0.2,0.2,0,0,1.1,0,0,0.2,0,0.1,0.1,0.4,0.8,0.5,0.6,0.2,0.1,0
CRS3035RES200mN2527800E3918000,CRS3035RES1000mN2527000E3918000,CRS3035RES1000mN2527000E3918000,0,0,69387,1177,569,72,245,31,280,75,28522169.9,40330,569,0,0,439,130,0,0,126,72,37.5,81,90,81.5,250,227,120,157,60,1
CRS3035RES200mN2527800E3918200,CRS3035RES1000mN2527000E3918000,CRS3035RES1000mN2527000E3918000,0,0,69387,738.5,340,55,137,21,92,49,16360255.4,21630,339,1,9,0,0,331,0,158,49,21,58.5,46,62,225,151,61,58,7,0
CRS3035RES200mN2527800E3918400,CRS3035RES1000mN2527000E3918000,CRS3035RES1000mN2527000E3918000,0,0,69387,698,335,33,146,14,177,30,16872552.5,22886,328,7,34,195,27,79,0,57,51.5,18.5,38,45,62,204,131,62,50,36,0
CRS3035RES200mN2527800E3918600,CRS3035RES1000mN2527000E3918000,CRS3035RES1000mN2527000E3918000,1,0,69387,29,20.6,3.7,14,0,5.6,0.9,654131.7,929.9,19.7,0.9,18.7,0,0.9,1,0,12.2,0.9,0.9,0,0,0,12.2,6.6,2.8,4.7,0.9,0
CRS3035RES200mN2527800E3918800,CRS3035RES1000mN2527000E3918000,CRS3035RES1000mN2527000E3918000,1,0,69387,1,0.7,0.1,0.5,0,0.2,0,22556.3,32.1,0.7,0,0.7,0,0,0,0,0.4,0,0,0,0,0,0.4,0.2,0.1,0.2,0.1,0
CRS3035RES200mN2527800E3919000,CRS3035RES1000mN2527000E3919000,CRS3035RES1000mN2527000E3919000,0,0,69387,458.5,209,31,86,13,60,21,11230680.7,14241,209,0,24,0,52,133,0,83,29,15,24.5,42,32,145,88,53,24,6,0
CRS3035RES200mN2527800E3919200,CRS3035RES1000mN2527000E3919000,CRS3035RES1000mN2527000E3919000,0,0,69387,574,259,58,96,20,53,40,12515827.9,16739,259,0,51,0,0,208,0,83,47,22,41,47,33,177,121,43,34,9,0
CRS3035RES200mN2527800E3919400,CRS3035RES1000mN2527000E3919000,CRS3035RES1000mN2527000E3919000,1,0,69387,8,4.5,0.7,2.3,0.1,1.1,0.2,245866.6,283.1,4.4,0.1,1.5,0,0,3,0,0.1,0.3,0.1,0.5,0.3,1,3.6,1.6,0.3,0.1,0.2,0
CRS3035RES200mN2527800E3920000,CRS3035RES1000mN2527000E3920000,CRS3035RES1000mN2527000E3920000,0,0,"69388,69387",538,268,66,120,11,76,31,10141941.7,15822,268,0,50,143,7,68,0,40,34.5,18,26,32,54.5,166,81,60,46,20,0
CRS3035RES200mN2527800E3920200,CRS3035RES1000mN2527000E3920000,CRS3035RES1000mN2527000E3920000,0,0,"69388,69387",45,32,5,24,0,6,0,961698.3,1448,32,0,32,0,0,0,0,0,1,0,1,1,6,23,10,0,2,1,0
CRS3035RES200mN2527800E3920400,CRS3035RES1000mN2527000E3920000,CRS3035RES1000mN2527000E3920000,1,0,"69388,69387",2,0.9,0.1,0.4,0,0.1,0,56697.7,68.3,0.7,0.2,0.5,0.1,0,0.3,0,0.1,0.1,0,0.1,0.1,0.1,0.3,0.6,0.5,0.1,0.1,0
CRS3035RES200mN2527800E3922600,CRS3035RES1000mN2527000E3922000,CRS3035RES200mN2527800E3922600,0,0,"69388,69383",123.5,76,15,45,1,38,5,3320809.5,4993,70,6,10,27,15,24,0,0,3,2,0,7,17.5,37,17,14,22,4,0
CRS3035RES200mN2527800E3922800,CRS3035RES1000mN2527000E3922000,CRS3035RES200mN2527800E3922800,0,0,"69383,69388",371,172,9,67,12,118,14,11819981.3,15701,161,11,14,129,16,12,1,0,17,8.5,21.5,28,31,67,72,40,57,29,0
CRS3035RES200mN2527800E3923000,CRS3035RES1000mN2527000E3923000,CRS3035RES1000mN2527000E3923000,1,0,"69383,69388",53,23.6,4.1,13.5,3.4,5.4,2,1561574.8,1997.1,18.2,5.4,20.9,2.7,0,0,0,0,3.4,1.3,8.1,5.1,4.7,9.5,12.8,4,3.4,0.7,0
CRS3035RES200mN2527800E3923200,CRS3035RES1000mN2527000E3923000,CRS3035RES1000mN2527000E3923000,1,0,"69383,69029",4,1.8,0.3,1,0.3,0.4,0.2,117854.7,150.7,1.4,0.4,1.6,0.2,0,0,0,0,0.2,0.1,0.6,0.4,0.4,0.7,1,0.3,0.3,0,0
CRS3035RES200mN2528000E3917400,CRS3035RES1000mN2528000E3917000,CRS3035RES1000mN2528000E3917000,0,0,69382,108.5,54,2,24,3,10,3,3257179,3505,54,0,0,0,0,54,0,23,9,3,5.5,4,13,48,18,5,3,0,0
CRS3035RES200mN2528000E3918000,CRS3035RES1000mN2528000E3918000,CRS3035RES200mN2528000E3918000,0,0,"69387,69382",153.5,66,5,23,2,38,7,4585015.8,5231,66,0,0,0,0,66,0,0,5,1.5,14.5,15.5,14,33,37,18,13,2,0
CRS3035RES200mN2528000E3918200,CRS3035RES1000mN2528000E3918000,CRS3035RES200mN2528000E3918200,0,0,69387,353.5,206,38,109,4,59,12,8951769,11457,206,0,5,1,39,161,0,17,19.5,6.5,10.5,9.5,59.5,167,42,13,22,4,0
CRS3035RES200mN2528000E3918400,CRS3035RES1000mN2528000E3918000,CRS3035RES200mN2528000E3918400,0,0,69387,46,20,2,5,2,4,4,1167799.3,1376,20,0,0,0,0,20,0,4,2,2,7,2.5,5.5,15,7,0,3,2,0
CRS3035RES200mN2528000E3918600,CRS3035RES1000mN2528000E3918000,CRS3035RES200mN2528000E3918600,0,0,69387,221,105,19,44,7,6,13,4997988.7,6117,105,0,0,1,0,104,0,47,14,11,19.5,14.5,15,93,39,11,3,1,0
CRS3035RES200mN2528000E3918800,CRS3035RES1000mN2528000E3918000,CRS3035RES200mN2528000E3918800,0,0,69387,737.5,327,41,115,13,167,29,18962838.5,19785,327,0,0,0,0,327,0,70,93.5,28,53,33,40,357,106,17,10,0,0
CRS3035RES200mN2528000E3919000,CRS3035RES1000mN2528000E3919000,CRS3035RES1000mN2528000E3919000,0,0,69387,375,193,12,81,3,76,12,11035870.5,12117,193,0,0,0,0,192,1,36,37,7.5,20.5,10,21,208,50,12,8,1,0
CRS3035RES200mN2528000E3919200,CRS3035RES1000mN2528000E3919000,CRS3035RES1000mN2528000E3919000,0,0,69387,354.5,175,20,67,8,26,24,8968173.6,11631,175,0,4,30,48,93,0,9,22,6.5,17.5,19.5,30,149,68,15,21,6,0
CRS3035RES200mN2528000E3919400,CRS3035RES1000mN2528000E3919000,CRS3035RES1000mN2528000E3919000,1,0,69387,22,11.2,2,6,0.4,5.2,0,612864.7,603.6,8,3.2,10.4,0,0,0.4,0.4,0,1.6,0.8,1.2,0.4,2.4,8.4,2.4,2,2.4,0.4,0
CRS3035RES200mN2528000E3919600,CRS3035RES1000mN2528000E3919000,CRS3035RES1000mN2528000E3919000,1,0,69387,7,3.6,0.6,1.9,0.1,1.7,0,195002.4,192.1,2.6,1,3.3,0,0,0.1,0.2,0,0.5,0.2,0.4,0.1,0.8,2.7,0.8,0.6,0.8,0.1,0
CRS3035RES200mN2528000E3919800,CRS3035RES1000mN2528000E3919000,CRS3035RES1000mN2528000E3919000,0,0,69387,49,20,8,8,2,3,3,824963.7,1259,18,2,19,0,0,1,0,0,3,1,7.5,2,5.5,10,14,2,3,1,0
CRS3035RES200mN2528000E3920000,CRS3035RES1000mN2528000E3920000,CRS3035RES1000mN2528000E3920000,0,0,69387,410,247,54,145,6,67,20,9009198.5,13834,244,3,202,11,0,34,0,34,21.5,8,16,14.5,45,155,77,30,33,10,0
CRS3035RES200mN2528000E3920200,CRS3035RES1000mN2528000E3920000,CRS3035RES1000mN2528000E3920000,0,0,69387,896.5,540,111,355,19,52,41,18441745,27112,528,12,60,74,12,394,0,102,40,30.5,52.5,45,112.5,354,126,53,45,30,8
CRS3035RES200mN2528000E3920400,CRS3035RES1000mN2528000E3920000,CRS3035RES1000mN2528000E3920000,0,0,"69387,69388",562,287,43,129,8,61,21,14526272.4,17026,287,0,12,2,4,269,0,21,35,17.5,37,28,61.5,264,84,16,16,3,0
CRS3035RES200mN2528000E3920600,CRS3035RES1000mN2528000E3920000,CRS3035RES1000mN2528000E3920000,0,0,"69388,69387",1241,577,115,270,46,118,56,28384684.7,34790,577,0,0,0,0,576,1,220,74,43,102.5,105,145.5,417,222,65,52,14,1
CRS3035RES200mN2528000E3922400,CRS3035RES1000mN2528000E3922000,CRS3035RES200mN2528000E3922400,0,0,"69383,69388",105,62,5,34,1,35,5,2981334.2,4259,62,0,0,62,0,0,0,0,4,2,4.5,2.5,10,37,16,9,13,7,0
CRS3035RES200mN2528000E3922800,CRS3035RES1000mN2528000E3922000,CRS3035RES200mN2528000E3922800,0,0,69383,180.5,104,19,64,5,32,12,4981172.7,7188,81,23,47,42,8,7,0,18,5,1,8,18.5,23,42,30,22,26,5,0
CRS3035RES200mN2528000E3923000,CRS3035RES1000mN2528000E3923000,CRS3035RES1000mN2528000E3923000,0,0,69383,100,37,1,8,5,33,0,4113749.4,5897,4,33,35,1,1,0,0,0,0,1,5,10,18,3,14,29,15,5,0
CRS3035RES200mN2528000E3923200,CRS3035RES1000mN2528000E3923000,CRS3035RES1000mN2528000E3923000,0,0,69383,148,52,7,8,9,47,2,5662253.9,6088,16,36,33,17,0,1,1,0,4,2,10,22,13,8,35,15,30,9,0
CRS3035RES200mN2528000E3923400,CRS3035RES1000mN2528000E3923000,CRS3035RES1000mN2528000E3923000,0,0,"69029,69383",68,29,1,10,2,21,4,2184182.5,2439,17,12,27,1,0,1,0,1,4,2,2,8,7,13,13,14,4,1,0
CRS3035RES200mN2528200E3917800,CRS3035RES1000mN2528000E3917000,CRS3035RES1000mN2528000E3917000,0,0,69382,287,184,58,119,3,2,24,4697048.9,8200,184,0,184,0,0,0,0,172,5,4,8,14,18,28,64,37,76,33,0
CRS3035RES200mN2528200E3919000,CRS3035RES1000mN2528000E3919000,CRS3035RES1000mN2528000E3919000,0,0,69387,259,125,5,55,5,52,8,7120847.7,8137,125,0,0,0,0,125,0,15,22.5,8,15,14.5,20,112,46,12,8,1,0
CRS3035RES200mN2528200E3919200,CRS3035RES1000mN2528000E3919000,CRS3035RES1000mN2528000E3919000,0,0,69387,868,487,75,274,21,70,45,20044169.4,25972,487,0,141,0,26,320,0,115,52.5,25,42,39.5,103,362,137,49,51,7,0
CRS3035RES200mN2528200E3919400,CRS3035RES1000mN2528000E3919000,CRS3035RES1000mN2528000E3919000,1,0,69387,19,9.7,1.7,5.2,0.3,4.5,0,529292.3,521.3,6.9,2.8,9,0,0,0.3,0.4,0,1.4,0.7,1,0.3,2.1,7.3,2.1,1.7,2.1,0.3,0
CRS3035RES200mN2528200E3919800,CRS3035RES1000mN2528000E3919000,CRS3035RES1000mN2528000E3919000,0,0,69387,355.5,216,41,128,3,82,7,8030605.9,12260,216,0,93,123,0,0,0,0,19.5,6.5,13,3.5,32,165,45,18,35,18,0
CRS3035RES200mN2528200E3920000,CRS3035RES1000mN2528000E3920000,CRS3035RES1000mN2528000E3920000,0,0,69387,947.5,523,111,278,17,247,36,23856875.1,32959,519,4,170,35,261,57,0,8,39,17,32,55.5,111,282,154,83,125,49,0
CRS3035RES200mN2528200E3920200,CRS3035RES1000mN2528000E3920000,CRS3035RES1000mN2528000E3920000,1,0,69387,86.5,37.3,6.8,17,5.4,11.5,3.4,2267046.5,2727.3,37.3,0,10.8,0,6.8,19.7,0,6.8,4.7,6.1,8.1,8.5,7.5,29.2,16.3,3.4,0.7,2,0
CRS3035RES200mN2528200E3921800,CRS3035RES1000mN2528000E3921000,CRS3035RES200mN2528200E3921800,0,0,"69388,69383",970.5,488,64,227,22,179,29,29965089.1,34134,484,4,104,0,11,373,0,11,42.5,20.5,52.5,56,107,289,188,110,81,23,1
CRS3035RES200mN2528200E3922000,CRS3035RES1000mN2528000E3922000,CRS3035RES200mN2528200E3922000,0,0,"69383,69388",283,169,19,95,2,59,18,7612402.6,10088,165,4,78,81,10,0,0,0,11,6,10.5,19.5,34,99,44,18,31,10,0
CRS3035RES200mN2528200E3922200,CRS3035RES1000mN2528000E3922000,CRS3035RES200mN2528200E3922200,0,0,"69383,69388",321,157,28,74,5,54,13,8036552.9,10197,153,4,25,11,79,42,0,7,29,9,23.5,15.5,25,105,69,24,11,10,0
CRS3035RES200mN2528200E3922800,CRS3035RES1000mN2528000E3922000,CRS3035RES200mN2528200E3922800,0,0,69383,326,171,16,84,6,80,18,9032223.7,11206,146,25,19,148,0,4,0,0,15,5,14,25,46,81,66,26,38,10,0
CRS3035RES200mN2528200E3923000,CRS3035RES1000mN2528000E3923000,CRS3035RES1000mN2528000E3923000,0,0,69383,72.5,26,1,4,3,21,2,2986864.6,3243,4,22,17,0,6,3,0,0,0,0,4,7.5,9,5,15,12,16,4,0
CRS3035RES200mN2528200E3923200,CRS3035RES1000mN2528000E3923000,CRS3035RES1000mN2528000E3923000,0,0,69383,515.5,223,67,98,28,32,32,10358192,15327,199,24,203,12,0,8,0,166,36,15,33,63.5,37,90,110,54,59,18,0
CRS3035RES200mN2528200E3923400,CRS3035RES1000mN2528000E3923000,CRS3035RES1000mN2528000E3923000,0,0,"69383,69029",106.5,36,2,6,8,32,1,4252211.4,4954,3,33,24,7,2,3,0,0,3,2,7,14.5,13,5,26,10,23,3,0
CRS3035RES200mN2528400E3917000,CRS3035RES1000mN2528000E3917000,CRS3035RES1000mN2528000E3917000,1,0,"69142,69382",23,8.6,0.7,2.2,1.4,7.9,0,1127211.7,1442.5,6.5,2.1,2.1,0,0,6.5,0,0,0.7,0,0.7,2.2,1.4,1.4,5.8,2.9,7.2,0.7,0
CRS3035RES200mN2528400E3917400,CRS3035RES1000mN2528000E3917000,CRS3035RES1000mN2528000E3917000,0,0,69382,1032,435,57,146,37,99,54,29488762.7,32222,435,0,0,0,0,435,0,107,74.5,36,82.5,86.5,64.5,295,243,80,63,7,0
CRS3035RES200mN2528400E3917600,CRS3035RES1000mN2528000E3917000,CRS3035RES1000mN2528000E3917000,0,0,69382,693.5,318,36,119,15,78,34,18897759.9,21853,318,0,33,64,0,212,9,61,51,24,47.5,46,40,254,115,48,51,17,0
CRS3035RES200mN2528400E3917800,CRS3035RES1000mN2528000E3917000,CRS3035RES1000mN2528000E3917000,0,0,69382,861.5,527,99,330,9,100,56,19781747.4,30229,527,0,327,58,33,109,0,224,37.5,12,33,32,96,237,160,97,107,50,0
CRS3035RES200mN2528400E3918000,CRS3035RES1000mN2528000E3918000,CRS3035RES200mN2528400E3918000,0,0,69382,635.5,324,53,148,15,80,40,14678534.5,21414,323,1,89,47,93,95,0,64,35,10.5,25.5,44.5,53,175,101,62,86,41,2
CRS3035RES200mN2528400E3918600,CRS3035RES1000mN2528000E3918000,CRS3035RES200mN2528400E3918600,0,0,69387,361,221,27,133,2,85,9,10139061.9,12550,221,0,0,0,0,221,0,0,20,6,9,9.5,36.5,154,59,28,28,11,0
CRS3035RES200mN2528400E3918800,CRS3035RES1000mN2528000E3918000,CRS3035RES200mN2528400E3918800,0,0,69387,1116.5,575,84,273,18,115,51,28961218.1,33152,575,0,17,0,0,558,0,118,66,31.5,64.5,58.5,90,503,177,64,54,8,0
CRS3035RES200mN2528400E3919000,CRS3035RES1000mN2528000E3919000,CRS3035RES1000mN2528000E3919000,0,0,69387,820.5,394,90,180,31,55,39,17685328,22235,394,0,42,0,0,352,0,195,60,20,66.5,62,77,314,126,54,28,13,0
CRS3035RES200mN2528400E3919200,CRS3035RES1000mN2528000E3919000,CRS3035RES1000mN2528000E3919000,1,0,69387,7,3.6,0.6,1.9,0.1,1.7,0,195002.4,192.1,2.6,1,3.3,0,0,0.1,0.2,0,0.5,0.2,0.4,0.1,0.8,2.7,0.8,0.6,0.8,0.1,0
CRS3035RES200mN2528400E3919600,CRS3035RES1000mN2528000E3919000,CRS3035RES1000mN2528000E3919000,0,0,69387,745.5,398,70,216,18,122,29,18174351,23919,394,4,150,0,39,209,0,54,36.5,19.5,41.5,50.5,71.5,257,141,61,50,17,0
CRS3035RES200mN2528400E3919800,CRS3035RES1000mN2528000E3919000,CRS3035RES1000mN2528000E3919000,0,0,69387,1276,616,92,259,30,134,46,32161223.4,39984,615,1,20,87,0,509,0,129,79.5,33,86,64.5,115,543,196,69,64,25,1
CRS3035RES200mN2528400E3920000,CRS3035RES1000mN2528000E3920000,CRS3035RES1000mN2528000E3920000,0,0,69387,1673.5,817,126,411,57,158,83,37877083.2,48503,817,0,115,0,173,529,0,232,122.5,49.5,128.5,128,125,529,262,116,89,124,0
CRS3035RES200mN2528400E3920400,CRS3035RES1000mN2528000E3920000,CRS3035RES1000mN2528000E3920000,1,0,69387,41,17.7,3.2,8,2.6,5.5,1.6,1074553.8,1292.7,17.7,0,5.2,0,3.2,9.3,0,3.2,2.3,2.9,3.9,4,3.5,13.8,7.7,1.6,0.3,1,0
CRS3035RES200mN2528400E3920600,CRS3035RES1000mN2528000E3920000,CRS3035RES1000mN2528000E3920000,0,0,"69387,69388",494,208,53,70,21,4,52,8609939.2,13665,208,0,0,90,21,97,0,167,19,16,51.5,56.5,47,90,94,47,57,16,0
CRS3035RES200mN2528400E3921400,CRS3035RES1000mN2528000E3921000,CRS3035RES200mN2528400E3921400,0,0,"69388,69383",267,144,23,67,4,58,19,7858524.6,9785,141,3,84,0,37,23,0,0,9,3.5,9,15.5,33,59,54,28,40,16,0
CRS3035RES200mN2528400E3921600,CRS3035RES1000mN2528000E3921000,CRS3035RES200mN2528400E3921600,0,0,"69388,69383",245.5,138,18,75,2,65,10,7673647.1,10096,134,4,44,12,82,0,0,0,12,4,9.5,16,23,49,43,27,36,26,0
CRS3035RES200mN2528400E3921800,CRS3035RES1000mN2528000E3921000,CRS3035RES200mN2528400E3921800,0,0,"69383,69388",866.5,445,36,201,15,246,30,27710290.9,34255,435,10,63,204,47,131,0,0,37.5,16.5,34,47,81.5,215,171,89,116,58,1
CRS3035RES200mN2528400E3922000,CRS3035RES1000mN2528000E3922000,CRS3035RES200mN2528400E3922000,0,0,69383,146.5,82,15,44,2,39,8,3831642.4,5453,82,0,1,72,9,0,0,11,10,2,10.5,4,11,41,22,15,20,11,0
CRS3035RES200mN2528400E3922200,CRS3035RES1000mN2528000E3922000,CRS3035RES200mN2528400E3922200,0,0,69383,710,426,57,254,14,162,22,19816747,27015,391,35,92,38,152,144,0,9,21,5.5,21.5,47,86,215,124,85,77,28,0
CRS3035RES200mN2528400E3922400,CRS3035RES1000mN2528000E3922000,CRS3035RES200mN2528400E3922400,0,0,69383,363,198,31,113,12,42,21,9446936.8,12841,169,29,127,7,23,41,0,27,10,3,16,31,69,98,65,30,28,13,0
CRS3035RES200mN2528400E3922600,CRS3035RES1000mN2528000E3922000,CRS3035RES200mN2528400E3922600,0,0,69383,377.5,197,29,109,16,76,16,10117461.1,13335,162,35,98,36,14,49,0,42,14,4,22,33.5,37,79,93,35,44,16,0
CRS3035RES200mN2528400E3922800,CRS3035RES1000mN2528000E3922000,CRS3035RES200mN2528400E3922800,0,0,69383,319,157,20,66,4,81,17,9868943.7,12557,126,31,80,38,0,39,0,5,20,3,14.5,19.5,36,76,59,29,47,14,1
CRS3035RES200mN2528400E3923000,CRS3035RES1000mN2528000E3923000,CRS3035RES1000mN2528000E3923000,0,0,69383,180,88,8,35,1,54,9,6170734.6,8188,47,41,50,26,2,10,0,0,7,3,9,8.5,19.5,37,30,28,32,6,0
CRS3035RES200mN2528400E3923200,CRS3035RES1000mN2528000E3923000,CRS3035RES1000mN2528000E3923000,0,0,69383,182,84,8,28,9,52,6,6643740.4,8203,35,49,63,13,3,5,0,0,1,4,9,17,13,34,31,18,41,14,0
CRS3035RES200mN2528400E3923400,CRS3035RES1000mN2528000E3923000,CRS3035RES1000mN2528000E3923000,0,0,69383,97.5,47,2,19,1,34,2,3478771.4,3970,29,18,20,22,0,5,0,0,2,1,5,5.5,8,17,17,16,16,10,0
CRS3035RES200mN2528400E3923600,CRS3035RES1000mN2528000E3923000,CRS3035RES1000mN2528000E3923000,0,0,"69029,69383",129,87,9,66,2,6,1,3001233,4353,84,3,2,0,66,19,0,4,4,4,5,3,6,33,33,24,15,2,0
CRS3035RES200mN2528600E3917400,CRS3035RES1000mN2528000E3917000,CRS3035RES1000mN2528000E3917000,0,0,69382,461,201,10,75,14,72,9,14064878.5,13418,201,0,0,0,0,201,0,28,29,17,40.5,35.5,24,170,97,31,14,2,1
CRS3035RES200mN2528600E3917600,CRS3035RES1000mN2528000E3917000,CRS3035RES1000mN2528000E3917000,0,0,69382,641.5,286,37,125,24,96,46,15044508.9,18163,286,0,0,0,0,281,5,95,41,23,57,67,49.5,199,120,41,39,5,0
CRS3035RES200mN2528600E3917800,CRS3035RES1000mN2528000E3917000,CRS3035RES1000mN2528000E3917000,0,0,69382,521.5,281,49,148,12,57,27,13767672.7,17333,278,3,143,39,23,76,0,20,33,9,28.5,34,38,162,107,43,52,15,0
CRS3035RES200mN2528600E3918000,CRS3035RES1000mN2528000E3918000,CRS3035RES200mN2528600E3918000,0,0,69382,1038.5,514,55,226,20,242,55,28480254.6,36995,513,1,95,68,104,247,0,59,44,21,51,80.5,85,238,183,120,146,70,0
CRS3035RES200mN2528600E3918200,CRS3035RES1000mN2528000E3918000,CRS3035RES200mN2528600E3918200,0,0,"69382,69387",218.5,166,30,137,2,33,9,4703847.8,7708,166,0,64,19,57,26,0,81,6,2,4,10.5,17,46,32,26,45,30,0
CRS3035RES200mN2528600E3918600,CRS3035RES1000mN2528000E3918000,CRS3035RES200mN2528600E3918600,0,0,69387,478.5,234,41,106,14,51,31,10223920.1,14816,234,0,60,92,3,79,0,23,26,9,36,46.5,43,138,99,43,31,7,0
CRS3035RES200mN2528600E3918800,CRS3035RES1000mN2528000E3918000,CRS3035RES200mN2528600E3918800,0,0,69387,44,25,1,14,1,9,3,1130108.9,1712,25,0,24,1,0,0,0,0,1,0,0,2,7,19,8,3,3,1,0
CRS3035RES200mN2528600E3919000,CRS3035RES1000mN2528000E3919000,CRS3035RES1000mN2528000E3919000,0,0,69387,220,129,27,70,3,31,3,5251597.1,7209,129,0,62,50,0,17,0,0,9,2.5,8.5,9,36,91,27,13,18,6,0
CRS3035RES200mN2528600E3919200,CRS3035RES1000mN2528000E3919000,CRS3035RES1000mN2528000E3919000,0,0,69387,434.5,187,21,71,11,93,18,11330593.8,15656,187,0,22,165,0,0,0,22,26,11.5,26.5,32.5,36,92,96,39,51,23,1
CRS3035RES200mN2528600E3919400,CRS3035RES1000mN2528000E3919000,CRS3035RES1000mN2528000E3919000,0,0,69387,843.5,417,37,191,19,202,24,24418301.2,31360,411,6,116,245,23,33,0,0,48,22,46,44.5,63,244,148,74,92,60,2
CRS3035RES200mN2528600E3919600,CRS3035RES1000mN2528000E3919000,CRS3035RES1000mN2528000E3919000,0,0,69387,1033,483,54,185,16,173,48,28613401,32943,483,0,26,72,85,300,0,79,74.5,35.5,68,58.5,62.5,365,183,64,94,28,0
CRS3035RES200mN2528600E3919800,CRS3035RES1000mN2528000E3919000,CRS3035RES1000mN2528000E3919000,0,0,69387,857,468,71,246,21,183,38,21542303.6,28176,467,1,66,90,0,312,0,83,48,13,42.5,53.5,71,306,153,63,52,55,0
CRS3035RES200mN2528600E3920000,CRS3035RES1000mN2528000E3920000,CRS3035RES1000mN2528000E3920000,0,0,69387,606,303,35,129,13,171,25,16650419.8,21134,303,0,0,90,135,78,0,0,26,14,27.5,33.5,71,186,91,69,52,36,0
CRS3035RES200mN2528600E3920400,CRS3035RES1000mN2528000E3920000,CRS3035RES1000mN2528000E3920000,0,0,69387,605,255,19,87,24,80,41,15043317.2,18153,255,0,65,0,120,70,0,54,30.5,20.5,56,60.5,53.5,146,130,51,50,7,0
CRS3035RES200mN2528600E3920600,CRS3035RES1000mN2528000E3920000,CRS3035RES1000mN2528000E3920000,0,0,"69387,69388",447,259,65,153,3,57,19,11203277.9,13102,258,1,7,22,74,156,0,0,22,7.5,16.5,29,84,163,76,16,24,9,0
CRS3035RES200mN2528600E3921200,CRS3035RES1000mN2528000E3921000,CRS3035RES200mN2528600E3921200,0,0,"69388,69383",398.5,200,12,86,8,110,8,13394557.7,15798,200,0,1,0,107,91,1,0,18,6,17.5,26,38,112,61,39,56,25,0
CRS3035RES200mN2528600E3921400,CRS3035RES1000mN2528000E3921000,CRS3035RES200mN2528600E3921400,0,0,"69383,69388",451,242,16,120,8,134,25,13003669.9,16850,240,2,23,101,72,46,0,0,31,4.5,19.5,22.5,36.5,135,68,44,56,34,0
CRS3035RES200mN2528600E3921600,CRS3035RES1000mN2528000E3921000,CRS3035RES200mN2528600E3921600,0,0,69383,347.5,192,14,92,3,107,9,11196891.3,14916,188,4,17,33,108,34,0,0,9,5,16.5,18,26,77,66,37,59,33,1
CRS3035RES200mN2528600E3921800,CRS3035RES1000mN2528000E3921000,CRS3035RES200mN2528600E3921800,0,0,69383,679.5,321,58,139,20,124,39,17328623.7,24439,320,1,1,135,112,73,0,132,29,15.5,47.5,66.5,53,106,130,79,100,53,0
CRS3035RES200mN2528600E3922000,CRS3035RES1000mN2528000E3922000,CRS3035RES200mN2528600E3922000,0,0,69383,71,56,15,46,0,11,0,1481621,2346,56,0,43,0,0,13,0,9,3,0,2,0,18,33,8,4,2,1,0
CRS3035RES200mN2528600E3922200,CRS3035RES1000mN2528000E3922000,CRS3035RES200mN2528600E3922200,0,0,69383,268,149,20,83,2,66,12,7608411.4,9584,125,24,84,2,1,62,0,26,12.5,3,16.5,16,28,77,61,24,21,9,0
CRS3035RES200mN2528600E3922400,CRS3035RES1000mN2528000E3922000,CRS3035RES200mN2528600E3922400,0,0,69383,575.5,351,57,215,6,123,20,15491952.4,20121,339,12,178,41,22,110,0,14,26,11.5,13.5,36,61.5,199,111,39,59,19,0
CRS3035RES200mN2528600E3922600,CRS3035RES1000mN2528000E3922000,CRS3035RES200mN2528600E3922600,0,0,69383,560.5,259,15,102,17,142,26,17399271.3,21120,223,36,60,5,94,100,0,14,24,11,34,41,47.5,121,112,52,78,39,1
CRS3035RES200mN2528600E3922800,CRS3035RES1000mN2528000E3922000,CRS3035RES200mN2528600E3922800,0,0,69383,277.5,126,9,58,14,64,6,9541247,10064,89,37,59,36,0,31,0,0,14.5,9,13.5,22.5,33,48,58,28,33,18,0
CRS3035RES200mN2528600E3923000,CRS3035RES1000mN2528000E3923000,CRS3035RES1000mN2528000E3923000,0,0,69383,364.5,139,7,30,8,104,7,13950356.1,14298,77,62,37,26,38,38,0,0,9,10,24,35.5,34,43,79,43,60,27,0
CRS3035RES200mN2528600E3923200,CRS3035RES1000mN2528000E3923000,CRS3035RES1000mN2528000E3923000,0,0,69383,143.5,62,2,19,5,44,3,5453483.1,5782,30,32,26,30,6,0,0,0,5,3,11,9.5,9,20,22,29,24,11,0
CRS3035RES200mN2528600E3923400,CRS3035RES1000mN2528000E3923000,CRS3035RES1000mN2528000E3923000,1,0,69383,9,3.5,0.2,1,0.5,2.6,0.2,341630.6,412.7,0.9,2.6,1.4,1.1,0.1,0.9,0,0,0,0,0.5,1.2,0.7,1.4,1.9,1.6,1.7,0,0
CRS3035RES200mN2528600E3923600,CRS3035RES1000mN2528000E3923000,CRS3035RES1000mN2528000E3923000,1,0,"69383,69029",64,25.1,1.6,7.3,3.2,18.6,1.6,2429372.9,2935.1,6.5,18.6,9.7,8.1,0.8,6.5,0,0,0,0,3.2,8.9,4.9,9.7,13.8,11.3,12.2,0,0
CRS3035RES200mN2528800E3914600,CRS3035RES1000mN2528000E3914000,CRS3035RES1000mN2528000E3914000,0,0,"69202,69385",252,120,6,48,7,92,8,7126153.4,10421,104,16,4,65,48,3,0,0,15,4,4,20,19,40,47,24,48,31,0
CRS3035RES200mN2528800E3914800,CRS3035RES1000mN2528000E3914000,CRS3035RES1000mN2528000E3914000,0,0,"69385,69202",111.5,48,4,19,3,34,1,3373188.7,4747,15,33,19,12,4,13,0,1,3,4,7.5,10,9,20,16,18,21,3,0
CRS3035RES200mN2528800E3915000,CRS3035RES1000mN2528000E3915000,CRS3035RES1000mN2528000E3915000,0,0,"69202,69385",72,25,1,4,4,21,0,2595883,2806,0,25,6,4,8,7,0,2,1,2,4,8,9,4,15,10,16,3,0
CRS3035RES200mN2528800E3917200,CRS3035RES1000mN2528000E3917000,CRS3035RES1000mN2528000E3917000,0,0,"69142,69382",58,28,0,11,1,20,0,2066579.3,2914,28,0,5,0,0,23,0,0,2,3,0.5,2.5,5,5,11,8,19,2,0
CRS3035RES200mN2528800E3917600,CRS3035RES1000mN2528000E3917000,CRS3035RES1000mN2528000E3917000,0,0,69382,938,369,23,111,25,97,39,27106486.5,29708,369,0,0,0,180,189,0,47,66,34.5,75.5,92,70,238,268,62,22,9,1
CRS3035RES200mN2528800E3917800,CRS3035RES1000mN2528000E3917000,CRS3035RES1000mN2528000E3917000,0,0,69382,852.5,413,68,198,31,128,45,21408246,27228,411,2,112,42,7,252,0,105,41,20,59,68.5,93,234,175,72,62,28,0
CRS3035RES200mN2528800E3918000,CRS3035RES1000mN2528000E3918000,CRS3035RES200mN2528800E3918000,0,0,69382,438.5,244,33,133,9,87,8,11851566.1,15832,244,0,142,7,46,49,0,0,17,8.5,17.5,13,44.5,151,62,39,46,33,7
CRS3035RES200mN2528800E3918200,CRS3035RES1000mN2528000E3918000,CRS3035RES200mN2528800E3918200,0,0,69382,304,164,32,82,9,17,13,7129385,9082,164,0,29,0,0,134,1,52,13,3,17.5,21.5,28,141,42,10,24,4,0
CRS3035RES200mN2528800E3918400,CRS3035RES1000mN2528000E3918000,CRS3035RES200mN2528800E3918400,0,0,"69382,69387",55,38,8,26,0,8,4,1116935.1,2197,38,0,38,0,0,0,0,0,2,1,2,2,7,23,11,5,2,0,0
CRS3035RES200mN2528800E3918600,CRS3035RES1000mN2528000E3918000,CRS3035RES200mN2528800E3918600,0,0,"69387,69382",193.5,91,21,44,8,45,5,5820930.9,7205,91,0,32,32,0,27,0,0,5,3,9.5,20,28,32,37,15,29,15,0
CRS3035RES200mN2528800E3918800,CRS3035RES1000mN2528000E3918000,CRS3035RES200mN2528800E3918800,0,0,69387,699,414,60,238,8,152,21,19440972.3,28092,413,1,235,116,20,42,1,0,38.5,12.5,18,23.5,75.5,246,114,55,72,44,0
CRS3035RES200mN2528800E3919000,CRS3035RES1000mN2528000E3919000,CRS3035RES1000mN2528000E3919000,0,0,69387,811.5,484,98,301,17,117,32,19683610.6,27463,481,3,317,84,20,63,0,67,24,17,33.5,47,72,312,146,61,66,26,7
CRS3035RES200mN2528800E3919200,CRS3035RES1000mN2528000E3919000,CRS3035RES1000mN2528000E3919000,0,0,69387,1263.5,711,95,381,17,227,48,34124847.8,42274,710,1,294,164,6,247,0,62,73.5,39,48.5,38.5,114,549,186,76,90,49,0
CRS3035RES200mN2528800E3919400,CRS3035RES1000mN2528000E3919000,CRS3035RES1000mN2528000E3919000,0,0,69387,1107.5,680,76,401,11,223,36,30234869.6,41644,679,1,492,39,23,126,0,7,51,14,31,33,92.5,476,174,73,94,69,0
CRS3035RES200mN2528800E3919600,CRS3035RES1000mN2528000E3919000,CRS3035RES1000mN2528000E3919000,0,0,69387,1022,614,152,404,24,167,34,22938619.8,32166,613,1,145,214,84,170,1,158,54.5,20.5,50,59.5,112.5,287,156,75,125,82,0
CRS3035RES200mN2528800E3919800,CRS3035RES1000mN2528000E3919000,CRS3035RES1000mN2528000E3919000,0,0,69387,1111,580,63,271,18,307,42,31524416.5,40332,579,1,65,81,163,263,8,38,60,33,56,49.5,73.5,330,179,124,146,60,0
CRS3035RES200mN2528800E3920000,CRS3035RES1000mN2528000E3920000,CRS3035RES1000mN2528000E3920000,0,0,69387,961,506,73,252,14,195,34,26535952.7,32810,506,0,2,0,221,283,0,21,58,28,43.5,43,101.5,340,156,59,84,48,0
CRS3035RES200mN2528800E3920200,CRS3035RES1000mN2528000E3920000,CRS3035RES1000mN2528000E3920000,0,0,69387,573,307,42,156,14,79,31,14168550.2,19333,304,3,60,29,127,91,0,53,34.5,11.5,23.5,31,56.5,185,99,54,59,19,0
CRS3035RES200mN2528800E3920400,CRS3035RES1000mN2528000E3920000,CRS3035RES1000mN2528000E3920000,0,0,69387,1179.5,641,86,324,18,284,33,33489804.7,40704,640,1,69,12,289,271,0,29,52,23,62.5,58,92,386,199,100,169,38,0
CRS3035RES200mN2528800E3920600,CRS3035RES1000mN2528000E3920000,CRS3035RES1000mN2528000E3920000,0,0,"69387,69388",1002,482,72,207,30,191,48,25407320,36043,481,1,44,70,297,71,0,127,49.5,25.5,55.5,76.5,91,247,182,89,132,54,0
CRS3035RES200mN2528800E3920800,CRS3035RES1000mN2528000E3920000,CRS3035RES1000mN2528000E3920000,0,0,"69388,69387,69383",127,71,7,41,3,25,5,3552182.5,4776,70,1,21,6,39,5,0,0,5,5,7.5,5.5,11,44,19,16,8,6,0
CRS3035RES200mN2528800E3921000,CRS3035RES1000mN2528000E3921000,CRS3035RES200mN2528800E3921000,0,0,"69383,69388",289,166,30,102,8,53,8,7979594,9846,160,6,36,58,0,72,0,0,14,5,11.5,14.5,50,107,40,18,15,14,0
CRS3035RES200mN2528800E3921200,CRS3035RES1000mN2528000E3921000,CRS3035RES200mN2528800E3921200,0,0,"69383,69388",980,470,34,201,21,237,29,32726928,34768,459,11,41,0,8,421,0,0,34.5,22,44.5,72,106,235,231,110,93,32,0
CRS3035RES200mN2528800E3921400,CRS3035RES1000mN2528000E3921000,CRS3035RES200mN2528800E3921400,0,0,69383,1080,538,30,218,15,300,35,36797660.6,41293,535,3,17,31,70,420,0,0,42,21.5,38,71.5,87,285,228,111,147,49,0
CRS3035RES200mN2528800E3921600,CRS3035RES1000mN2528000E3921000,CRS3035RES200mN2528800E3921600,0,0,69383,826,426,25,183,8,277,28,27499099.5,33077,420,6,4,96,248,78,0,0,42.5,22,42,34.5,40,192,119,77,191,66,0
CRS3035RES200mN2528800E3921800,CRS3035RES1000mN2528000E3921000,CRS3035RES200mN2528800E3921800,0,0,69383,889.5,441,34,178,12,211,45,26944840.2,31460,435,6,58,75,164,144,0,53,38,17.5,45.5,64.5,67,250,160,98,120,29,0
CRS3035RES200mN2528800E3922000,CRS3035RES1000mN2528000E3922000,CRS3035RES200mN2528800E3922000,0,0,69383,421,210,50,101,14,55,33,8831608.7,13418,206,4,4,110,0,96,0,86,18,10.5,24,44.5,37,99,87,37,43,20,1
CRS3035RES200mN2528800E3922200,CRS3035RES1000mN2528000E3922000,CRS3035RES200mN2528800E3922200,0,0,69383,308.5,163,13,74,5,83,17,9156610.2,12111,146,17,36,35,1,91,0,0,16,8,12,18,24.5,83,60,39,32,16,0
CRS3035RES200mN2528800E3922400,CRS3035RES1000mN2528000E3922000,CRS3035RES200mN2528800E3922400,0,0,69383,460,208,32,79,17,58,26,12796041.1,16382,170,38,72,70,10,56,0,57,28.5,20.5,29,43.5,37.5,94,87,44,46,30,0
CRS3035RES200mN2528800E3922600,CRS3035RES1000mN2528000E3922000,CRS3035RES200mN2528800E3922600,0,0,69383,558.5,281,32,129,10,100,30,16654671.6,19625,254,27,104,41,16,120,0,21,29.5,8,26.5,39.5,56,159,111,55,50,24,0
CRS3035RES200mN2528800E3922800,CRS3035RES1000mN2528000E3922000,CRS3035RES200mN2528800E3922800,0,0,69383,543.5,296,26,154,14,128,29,16378869.7,20011,285,11,61,82,29,123,1,3,24.5,12.5,21.5,36,49,137,114,53,55,40,1
CRS3035RES200mN2528800E3923000,CRS3035RES1000mN2528000E3923000,CRS3035RES1000mN2528000E3923000,0,0,69383,354.5,186,14,91,7,97,17,11637993.4,14434,164,22,49,1,85,50,1,8,11,4,15,20.5,38,70,68,43,47,38,0
CRS3035RES200mN2528800E3923200,CRS3035RES1000mN2528000E3923000,CRS3035RES1000mN2528000E3923000,0,0,69383,575.5,262,63,116,22,50,39,12842754.5,18963,217,45,245,13,1,3,0,202,32,16,45,57.5,29,85,105,80,87,39,0
CRS3035RES200mN2528800E3923400,CRS3035RES1000mN2528000E3923000,CRS3035RES1000mN2528000E3923000,0,0,69383,118,40,2,6,6,39,0,5055660,5237,2,38,31,2,2,5,0,0,5,3,6,12,13,8,32,19,16,4,0
CRS3035RES200mN2528800E3923600,CRS3035RES1000mN2528000E3923000,CRS3035RES1000mN2528000E3923000,0,0,"69383,69029",109,40,4,5,3,33,3,4169620.5,5255,6,34,24,3,3,10,0,0,7,4,5,10,7,20,15,19,20,2,0
CRS3035RES200mN2529000E3914400,CRS3035RES1000mN2529000E3914000,CRS3035RES1000mN2529000E3914000,0,0,"69202,69385,69089",52.5,16,1,1,4,14,0,2029502.7,1898,0,16,1,14,1,0,0,0,2,3,9,3.5,3,3,10,9,6,4,0
CRS3035RES200mN2529000E3914600,CRS3035RES1000mN2529000E3914000,CRS3035RES1000mN2529000E3914000,0,0,"69385,69202",120,46,4,12,3,45,2,4789107,5288,3,43,17,14,4,11,0,0,0,5,10,14,9,13,23,18,16,12,0
CRS3035RES200mN2529000E3914800,CRS3035RES1000mN2529000E3914000,CRS3035RES1000mN2529000E3914000,0,0,69385,150,56,1,14,10,53,2,5214740.1,6104,0,56,7,24,7,18,0,0,3,6,17,14,11,10,31,17,22,19,0
CRS3035RES200mN2529000E3915000,CRS3035RES1000mN2529000E3915000,CRS3035RES1000mN2529000E3915000,0,0,"69385,69202",292,109,2,29,12,91,6,9804995.9,10975,46,63,11,13,42,43,0,0,12,9,21,32,30,37,68,32,36,15,0
CRS3035RES200mN2529000E3915200,CRS3035RES1000mN2529000E3915000,CRS3035RES1000mN2529000E3915000,0,0,"69385,69202",285.5,131,17,44,5,46,27,6348721.4,9435,125,6,7,74,1,49,0,52,18,13.5,14.5,24,24,60,46.5,36,34,15,0
CRS3035RES200mN2529000E3915400,CRS3035RES1000mN2529000E3915000,CRS3035RES1000mN2529000E3915000,0,0,"69202,69385",328.5,152,10,62,7,88,22,8254964.8,10777,140,12,15,126,6,5,0,1,18.5,6,20,38,17,74,65,41,31,18,0
CRS3035RES200mN2529000E3916800,CRS3035RES1000mN2529000E3916000,CRS3035RES200mN2529000E3916800,0,0,"69202,69385",216.5,92,11,33,11,54,12,6092925.8,8493,87,5,11,21,31,29,0,30,11,8,24,11.5,14,34,40,26,35,13,0
CRS3035RES200mN2529000E3917000,CRS3035RES1000mN2529000E3917000,CRS3035RES1000mN2529000E3917000,0,0,"69202,69385,69142",278.5,143,8,68,6,77,5,10083724,11967,137,6,7,42,2,92,0,19,9,5,10,19.5,19,58,68,33,44,13,0
CRS3035RES200mN2529000E3917200,CRS3035RES1000mN2529000E3917000,CRS3035RES1000mN2529000E3917000,0,0,"69142,69385,69202",106.5,59,7,33,3,39,2,3326848.6,5278,54,5,35,1,23,0,0,0,3,1,3.5,7,7,17,20,18,22,8,0
CRS3035RES200mN2529000E3917400,CRS3035RES1000mN2529000E3917000,CRS3035RES1000mN2529000E3917000,1,0,"69142,69382,69385",1,0.5,0.1,0.1,0,0.4,0,41074.1,58.5,0.5,0,0.1,0,0,0.4,0,0,0,0,0,0.1,0.1,0,0.2,0.1,0.3,0.2,0
CRS3035RES200mN2529000E3917600,CRS3035RES1000mN2529000E3917000,CRS3035RES1000mN2529000E3917000,0,0,"69382,69385,69142",77,42,2,23,3,10,1,2456418,3557,42,0,42,0,0,0,0,0,1,2,2,4,6,19,19,11,8,5,0
CRS3035RES200mN2529000E3917800,CRS3035RES1000mN2529000E3917000,CRS3035RES1000mN2529000E3917000,0,0,69382,341,181,22,94,12,46,15,9221421.5,11532,180,1,25,1,0,155,0,9,18,6,16.5,26.5,29,124,58,22,34,7,0
CRS3035RES200mN2529000E3918000,CRS3035RES1000mN2529000E3918000,CRS3035RES1000mN2529000E3918000,1,0,69382,8,3.1,0.4,0.7,0.4,1.5,0,259884.1,382.7,3.1,0,3.1,0,0,0,0,0,0.4,0.2,0.2,1.1,0.7,1.8,1.4,0.4,1.3,0.5,0
CRS3035RES200mN2529000E3918200,CRS3035RES1000mN2529000E3918000,CRS3035RES1000mN2529000E3918000,0,0,69382,27,23,10,19,0,0,2,459257.8,948,23,0,23,0,0,0,0,0,0,0.5,1.5,0,12,9,2,0,1,1,0
CRS3035RES200mN2529000E3918400,CRS3035RES1000mN2529000E3918000,CRS3035RES1000mN2529000E3918000,0,0,69382,207.5,122,27,72,3,40,14,5009962.8,8204,122,0,54,23,0,45,0,29,4.5,4.5,14,14,24.5,40,45,24,25,12,0
CRS3035RES200mN2529000E3918800,CRS3035RES1000mN2529000E3918000,CRS3035RES1000mN2529000E3918000,0,0,69387,478.5,238,25,111,10,92,10,15437377.3,19969,238,0,172,0,52,14,0,0,21,9,20,28.5,56,134,83,47,55,25,0
CRS3035RES200mN2529000E3919000,CRS3035RES1000mN2529000E3919000,CRS3035RES200mN2529000E3919000,0,0,69387,553.5,304,47,165,11,75,19,14371179.7,18779,304,0,152,5,49,98,0,49,20,6,28,39,63.5,210,84,46,32,24,1
CRS3035RES200mN2529000E3919200,CRS3035RES1000mN2529000E3919000,CRS3035RES200mN2529000E3919200,0,0,69387,774,456,85,263,10,104,23,19856279,26962,456,0,209,167,7,72,1,27,34.5,9,34,35.5,93,316,125,43,54,30,0
CRS3035RES200mN2529000E3919400,CRS3035RES1000mN2529000E3919000,CRS3035RES200mN2529000E3919400,0,0,69387,955,560,118,330,16,148,34,24968290.6,33171,554,6,210,37,81,231,1,32,40,27.5,47,33.5,108,376,140,62,87,34,0
CRS3035RES200mN2529000E3919600,CRS3035RES1000mN2529000E3919000,CRS3035RES200mN2529000E3919600,0,0,69387,1102.5,688,97,431,12,255,32,30619912.4,41190,684,4,437,24,180,46,1,2,45,21.5,32,37,110,413,168,86,128,62,0
CRS3035RES200mN2529000E3919800,CRS3035RES1000mN2529000E3919000,CRS3035RES200mN2529000E3919800,0,0,69387,944,543,99,315,17,220,37,24716789.2,32772,538,5,264,18,200,61,0,19,47.5,15.5,38.5,56.5,92,339,143,71,100,41,0
CRS3035RES200mN2529000E3920000,CRS3035RES1000mN2529000E3920000,CRS3035RES1000mN2529000E3920000,0,0,69387,1004,495,79,218,24,146,39,26545629.4,32285,490,5,81,77,60,277,0,99,71.5,24,53.5,67,77,358,170,71,83,28,1
CRS3035RES200mN2529000E3920200,CRS3035RES1000mN2529000E3920000,CRS3035RES1000mN2529000E3920000,0,0,69387,979,475,71,215,28,144,39,24488464.8,30693,467,8,98,16,48,313,0,79,48,28.5,72,64.5,85,346,173,65,77,20,0
CRS3035RES200mN2529000E3920400,CRS3035RES1000mN2529000E3920000,CRS3035RES1000mN2529000E3920000,0,0,"69387,69383",1188.5,688,105,391,11,190,63,30222370.4,38222,688,0,99,46,235,308,0,81,67,22,49,54.5,128.5,493,183.5,86,76,29,0
CRS3035RES200mN2529000E3920600,CRS3035RES1000mN2529000E3920000,CRS3035RES1000mN2529000E3920000,0,0,"69387,69383",1176,501,72,206,63,130,57,28871297.3,38589,501,0,74,39,142,246,0,194,81,33.5,95.5,125,106,311,251,86,66,20,1
CRS3035RES200mN2529000E3920800,CRS3035RES1000mN2529000E3920000,CRS3035RES1000mN2529000E3920000,0,0,"69383,69387,69388",384.5,161,21,56,15,60,19,9537782.3,11334,161,0,0,0,37,124,0,36,33.5,17,27.5,28.5,28,127,62,32,27,2,0
CRS3035RES200mN2529000E3921000,CRS3035RES1000mN2529000E3921000,CRS3035RES200mN2529000E3921000,0,0,69383,612,258,67,96,33,0,61,10221248.8,16943,258,0,0,180,78,0,0,213,35.5,28.5,63,68,37,110,109,60,60,41,0
CRS3035RES200mN2529000E3921200,CRS3035RES1000mN2529000E3921000,CRS3035RES200mN2529000E3921200,0,0,69383,665.5,375,79,218,12,117,26,17659623.2,22030,354,21,123,86,40,126,0,80,21,9.5,35.5,44.5,88,176,132,57,71,31,0
CRS3035RES200mN2529000E3921400,CRS3035RES1000mN2529000E3921000,CRS3035RES200mN2529000E3921400,0,0,69383,804,373,36,143,19,215,36,24421533.7,27512,372,1,30,10,213,120,0,41,43.5,12,57,53,68.5,215,178,104,60,13,0
CRS3035RES200mN2529000E3921600,CRS3035RES1000mN2529000E3921000,CRS3035RES200mN2529000E3921600,0,0,69383,561.5,254,26,100,11,102,31,16713457.6,18211,249,5,24,39,0,191,0,40,35.5,22,48,43,45,165,119,41,36,7,0
CRS3035RES200mN2529000E3921800,CRS3035RES1000mN2529000E3921000,CRS3035RES200mN2529000E3921800,0,0,69383,677.5,359,43,174,15,120,34,18484448.9,23864,336,23,118,33,30,178,0,48,32.5,23.5,37.5,36.5,77.5,218,123,62,46,21,0
CRS3035RES200mN2529000E3922000,CRS3035RES1000mN2529000E3922000,CRS3035RES200mN2529000E3922000,0,0,69383,1267.5,589,106,251,45,110,89,26167672.4,36398,585,4,145,72,286,86,0,243,64,28.5,103.5,118,117.5,363,262,104,79,28,0
CRS3035RES200mN2529000E3922200,CRS3035RES1000mN2529000E3922000,CRS3035RES200mN2529000E3922200,0,0,69383,405,184,12,66,11,134,13,12015314.7,14351,167,17,29,105,28,22,0,3,27,10.5,22,24,33.5,86,80,50,46,26,0
CRS3035RES200mN2529000E3922400,CRS3035RES1000mN2529000E3922000,CRS3035RES200mN2529000E3922400,0,0,69383,356,146,13,55,16,69,8,11467498.6,12068,105,41,27,5,20,94,0,26,24,8,24.5,31.5,36,85,70,28,36,12,1
CRS3035RES200mN2529000E3922600,CRS3035RES1000mN2529000E3922000,CRS3035RES200mN2529000E3922600,0,0,69383,381.5,181,13,81,9,112,10,12683856.2,14433,141,40,56,54,17,54,0,6,16,7,29,29,31.5,84,72,33,48,32,0
CRS3035RES200mN2529000E3922800,CRS3035RES1000mN2529000E3922000,CRS3035RES200mN2529000E3922800,0,0,69383,360,161,12,56,9,99,9,12008690.1,14100,109,52,80,8,31,40,2,6,16.5,13,14,30.5,25,68,73,48,52,20,0
CRS3035RES200mN2529000E3923000,CRS3035RES1000mN2529000E3923000,CRS3035RES1000mN2529000E3923000,0,0,69383,524.5,244,19,108,14,97,15,16417503.8,18614,220,24,68,30,43,102,1,21,19.5,15.5,35.5,48,49,120,110,50,50,26,1
CRS3035RES200mN2529000E3923200,CRS3035RES1000mN2529000E3923000,CRS3035RES1000mN2529000E3923000,0,0,69383,487.5,236,24,94,12,127,22,15418196.8,19241,189,47,118,24,32,62,0,18,9.5,10,27,46,40,70,118,61,59,47,0
CRS3035RES200mN2529000E3923400,CRS3035RES1000mN2529000E3923000,CRS3035RES1000mN2529000E3923000,0,0,69383,356.5,181,13,83,8,100,9,12069920.1,14826,143,38,37,37,37,70,0,0,17,9,18,14.5,30,91,68,42,36,31,0
CRS3035RES200mN2529000E3923600,CRS3035RES1000mN2529000E3923000,CRS3035RES1000mN2529000E3923000,0,0,"69383,69029",338.5,145,9,47,10,87,17,11103222.8,13320,97,48,65,32,25,23,0,11,15,1.5,29,36,28,54,85,33,32,25,0
CRS3035RES200mN2529000E3923800,CRS3035RES1000mN2529000E3923000,CRS3035RES1000mN2529000E3923000,0,0,"69029,69383,69266",93,56,9,32,1,27,6,1867225,3150,51,5,27,29,0,0,0,0,4,1.5,2,2,6.5,29,9,13,21,5,0
CRS3035RES200mN2529200E3914200,CRS3035RES1000mN2529000E3914000,CRS3035RES1000mN2529000E3914000,0,0,"69089,69385",105,32,0,2,8,32,2,3914202,4742,1,31,5,9,4,14,0,0,3,6,12,18.5,4.5,7,27,9,11,7,0
CRS3035RES200mN2529200E3914400,CRS3035RES1000mN2529000E3914000,CRS3035RES1000mN2529000E3914000,0,0,"69385,69202,69089",64,21,1,1,3,16,3,2521995,3544,4,17,8,1,2,10,0,0,2,3,8,4,5,10,16,8,7,1,0
CRS3035RES200mN2529200E3914600,CRS3035RES1000mN2529000E3914000,CRS3035RES1000mN2529000E3914000,0,0,69385,137,51,0,8,8,44,1,5302616.2,6180,6,45,15,7,19,10,0,0,3,4,12,10,6,16,27,16,30,12,1
CRS3035RES200mN2529200E3914800,CRS3035RES1000mN2529000E3914000,CRS3035RES1000mN2529000E3914000,0,0,69385,151.5,52,4,8,11,47,2,5818669.8,6282,4,48,9,13,13,17,0,0,7,4,10,18,15.5,18,29,12,25,13,0
CRS3035RES200mN2529200E3915000,CRS3035RES1000mN2529000E3915000,CRS3035RES1000mN2529000E3915000,0,0,69385,379,167,27,67,11,42,29,8300158.7,12637,140,27,5,158,3,1,0,115,25,11,24,41,26,46,70,45,52,39,0
CRS3035RES200mN2529200E3915200,CRS3035RES1000mN2529000E3915000,CRS3035RES1000mN2529000E3915000,0,0,69385,186,91,6,36,4,71,13,4497755.3,6299,89,2,3,87,0,1,0,1,6,3,13,12,14,44,37,22,16,19,0
CRS3035RES200mN2529200E3915400,CRS3035RES1000mN2529000E3915000,CRS3035RES1000mN2529000E3915000,0,0,"69385,69202",646.5,277,72,104,32,80,57,12053548.9,19874,268,9,4,203,62,8,0,154,35,25,53.5,77.5,37.5,99,119,80,89,30,1
CRS3035RES200mN2529200E3915600,CRS3035RES1000mN2529000E3915000,CRS3035RES1000mN2529000E3915000,0,0,"69202,69385",150,65,4,26,6,57,5,4799602.7,6407,55,10,9,0,18,38,0,0,2,1,3,12,23,18,25,23,23,20,0
CRS3035RES200mN2529200E3915800,CRS3035RES1000mN2529000E3915000,CRS3035RES1000mN2529000E3915000,1,0,"69202,69385",21,7.9,0,1.9,0.9,6.6,0,842744.7,1242.6,1.3,6.6,1.9,1.9,0.6,3.5,0,0,0.3,0.6,1.9,2.4,1.3,2.2,4.7,1.6,5.7,0.3,0
CRS3035RES200mN2529200E3916600,CRS3035RES1000mN2529000E3916000,CRS3035RES200mN2529200E3916600,0,0,"69202,69385",178.5,90,1,35,3,31,8,6145972,6906,69,21,15,2,3,70,0,0,5,2,6,15.5,12,51,34,22,27,4,0
CRS3035RES200mN2529200E3916800,CRS3035RES1000mN2529000E3916000,CRS3035RES200mN2529200E3916800,0,0,"69202,69385",622.5,276,19,97,15,172,36,20135353.4,23624,259,17,0,88,42,146,0,38,28,18,47,52.5,34.5,109.5,130,68,80,55,0
CRS3035RES200mN2529200E3917000,CRS3035RES1000mN2529000E3917000,CRS3035RES1000mN2529000E3917000,0,0,"69385,69202",307,143,9,55,9,55,14,11790597.5,13760,141,2,4,0,88,51,0,0,10,5,14.5,39.5,21,45,79,30,45,18,0
CRS3035RES200mN2529200E3917200,CRS3035RES1000mN2529000E3917000,CRS3035RES1000mN2529000E3917000,0,0,"69385,69142",55,22,1,6,1,18,0,2040831.4,2879,14,8,12,5,5,0,0,0,1,2,2,6,4,7,9,8,10,6,0
CRS3035RES200mN2529200E3917400,CRS3035RES1000mN2529000E3917000,CRS3035RES1000mN2529000E3917000,0,0,"69385,69142",169,82,11,33,2,36,8,5444985.4,6774,72,10,50,0,1,31,0,7,6.5,4,8,15.5,10,50,41,14,16,4,0
CRS3035RES200mN2529200E3917600,CRS3035RES1000mN2529000E3917000,CRS3035RES1000mN2529000E3917000,0,0,"69385,69382",143.5,84,13,50,2,41,4,3655500.6,5527,84,0,39,25,0,20,0,0,10,3,4,5.5,14,40,28,13,14,12,0
CRS3035RES200mN2529200E3917800,CRS3035RES1000mN2529000E3917000,CRS3035RES1000mN2529000E3917000,0,0,"69382,69385",192.5,111,26,66,4,28,11,4015479.8,6376,111,0,111,0,0,0,0,44,11.5,1,6.5,14.5,20,62,34,19,17,7,0
CRS3035RES200mN2529200E3918000,CRS3035RES1000mN2529000E3918000,CRS3035RES1000mN2529000E3918000,0,0,69382,235,102,17,51,14,53,9,6891778.4,8932,101,1,102,0,0,0,0,0,18,6,13.5,22.5,36,35,44,21,25,14,0
CRS3035RES200mN2529200E3918200,CRS3035RES1000mN2529000E3918000,CRS3035RES1000mN2529000E3918000,0,0,69382,231.5,127,19,71,7,44,6,6757653.5,9408,127,0,99,0,28,0,0,0,8,5,13.5,16,21,60,30,32,30,13,3
CRS3035RES200mN2529200E3918400,CRS3035RES1000mN2529000E3918000,CRS3035RES1000mN2529000E3918000,0,0,69382,810,423,69,204,17,151,39,23639477.2,34419,421,2,371,11,20,21,0,44,29,15,28,55.5,74,201,144.5,84,126,53,0
CRS3035RES200mN2529200E3918600,CRS3035RES1000mN2529000E3918000,CRS3035RES1000mN2529000E3918000,0,0,"69382,69387",504.5,248,40,125,17,63,18,14001927.9,20119,248,0,230,4,13,1,0,55,23.5,9,33,42,43,107,105,58,57,25,2
CRS3035RES200mN2529200E3919000,CRS3035RES1000mN2529000E3919000,CRS3035RES200mN2529200E3919000,0,0,69387,151,84,13,45,0,7,4,4012462.5,5205,84,0,84,0,0,0,0,0,8,4,7,7,14,71,27,8,4,1,0
CRS3035RES200mN2529200E3919200,CRS3035RES1000mN2529000E3919000,CRS3035RES200mN2529200E3919200,0,0,69387,269.5,187,70,135,2,20,13,5374872.4,9134,186,1,125,17,12,33,0,89,5,3,9,9.5,31,106,52,20,21,13,0
CRS3035RES200mN2529200E3919400,CRS3035RES1000mN2529000E3919000,CRS3035RES200mN2529200E3919400,0,0,69387,668.5,414,94,271,12,95,18,14785245.1,20023,408,6,304,75,23,12,0,31,29.5,25,25.5,25.5,74,326,86,30,32,15,0
CRS3035RES200mN2529200E3919600,CRS3035RES1000mN2529000E3919000,CRS3035RES200mN2529200E3919600,0,0,69387,1042.5,595,100,340,16,189,37,26812324.6,34658,593,2,472,20,2,99,2,67,56,14,42,47,105.5,449,154,68,88,19,0
CRS3035RES200mN2529200E3919800,CRS3035RES1000mN2529000E3919000,CRS3035RES200mN2529200E3919800,0,0,69387,866,479,64,253,8,174,27,24983558.5,30848,475,4,315,30,33,101,0,24,41.5,13,37.5,44,73,332,166,65,57,37,0
CRS3035RES200mN2529200E3920000,CRS3035RES1000mN2529000E3920000,CRS3035RES1000mN2529000E3920000,0,0,"69387,69383",1039,574,54,302,16,252,29,32262956.8,40377,569,5,164,31,92,287,0,1,45,9.5,44.5,57.5,79.5,380,174,83,109,57,0
CRS3035RES200mN2529200E3920200,CRS3035RES1000mN2529000E3920000,CRS3035RES1000mN2529000E3920000,0,0,"69387,69383",1050,564,52,278,18,297,45,32834209.8,41822,563,1,139,85,305,35,0,12,23,17,54,65,96,283,208,101,130,73,0
CRS3035RES200mN2529200E3920400,CRS3035RES1000mN2529000E3920000,CRS3035RES1000mN2529000E3920000,0,0,"69383,69387",1067.5,643,85,373,10,216,37,30029430.7,39174,642,1,135,31,118,359,0,5,56,15,40,32.5,97,454,178,69,81,44,1
CRS3035RES200mN2529200E3920600,CRS3035RES1000mN2529000E3920000,CRS3035RES1000mN2529000E3920000,0,0,69383,818.5,400,19,156,8,131,30,26495247.5,27200,400,0,0,0,0,400,0,31,61.5,30,49,39,32,364,138,58,39,8,0
CRS3035RES200mN2529200E3920800,CRS3035RES1000mN2529000E3920000,CRS3035RES1000mN2529000E3920000,1,0,69383,1,0.5,0.1,0.3,0,0.1,0,27076.2,28.4,0.5,0,0.4,0,0,0.1,0,0,0,0.1,0,0,0.1,0.4,0.1,0.2,0,0.1,0
CRS3035RES200mN2529200E3921200,CRS3035RES1000mN2529000E3921000,CRS3035RES200mN2529200E3921200,0,0,69383,1097,568,93,285,23,167,54,26726999.1,33741,565,3,125,25,0,418,0,185,48.5,21,79,68.5,92,336,229,98,93,32,0
CRS3035RES200mN2529200E3921400,CRS3035RES1000mN2529000E3921000,CRS3035RES200mN2529200E3921400,0,0,69383,826.5,417,75,202,22,163,37,22947808.1,26986,416,1,132,0,85,200,0,70,20.5,18,49.5,66.5,74,209,160,112,89,28,0
CRS3035RES200mN2529200E3921600,CRS3035RES1000mN2529000E3921000,CRS3035RES200mN2529200E3921600,0,0,69383,1037.5,576,65,325,23,158,43,26847726.8,34156,571,5,73,13,217,273,0,63,38,28,50.5,64.5,84.5,303,182,86,107,94,0
CRS3035RES200mN2529200E3921800,CRS3035RES1000mN2529000E3921000,CRS3035RES200mN2529200E3921800,0,0,69383,633,295,33,117,14,145,22,17940845.3,21484,265,30,85,43,47,120,0,10,25,14.5,31.5,54.5,42.5,174,143,68,54,20,6
CRS3035RES200mN2529200E3922000,CRS3035RES1000mN2529000E3922000,CRS3035RES200mN2529200E3922000,0,0,69383,249,118,7,50,5,84,9,8204512.4,10215,83,35,53,16,22,27,0,0,16,8,14,9,20,57,49,29,33,14,0
CRS3035RES200mN2529200E3922200,CRS3035RES1000mN2529000E3922000,CRS3035RES200mN2529200E3922200,0,0,69383,291.5,135,5,55,11,80,14,8588369.2,10664,113,22,28,6,36,64,1,18,16,5.5,12,23.5,33.5,72,51,37,30,11,0
CRS3035RES200mN2529200E3922400,CRS3035RES1000mN2529000E3922000,CRS3035RES200mN2529200E3922400,0,0,69383,251,108,15,43,10,41,14,6207850.2,8008,88,20,70,0,2,36,0,31,9,5.5,16.5,20.5,20.5,70,55,30,17,7,0
CRS3035RES200mN2529200E3922600,CRS3035RES1000mN2529000E3922000,CRS3035RES200mN2529200E3922600,0,0,69383,496,218,17,82,18,81,25,14098037.5,15984,202,16,48,0,1,169,0,25,26.5,14,29,43.5,52,137,108,51,26,9,0
CRS3035RES200mN2529200E3922800,CRS3035RES1000mN2529000E3922000,CRS3035RES200mN2529200E3922800,0,0,"69383,69266",641.5,320,35,152,16,133,41,17120957.1,23830,305,15,132,12,51,124,1,109,36,20.5,27.5,56.5,53,134,120,69,96,29,0
CRS3035RES200mN2529200E3923000,CRS3035RES1000mN2529000E3923000,CRS3035RES1000mN2529000E3923000,0,0,"69383,69266",676,324,51,152,19,107,43,17784656.5,22211,299,25,127,42,1,154,0,44,42.5,24,39.5,62,62,173,136,65,56,16,0
CRS3035RES200mN2529200E3923200,CRS3035RES1000mN2529000E3923000,CRS3035RES1000mN2529000E3923000,0,0,"69383,69266",790.5,374,43,169,22,142,35,20825361.3,26044,362,12,77,22,32,243,0,27,48.5,20,57.5,73,55.5,214,148,64,75,29,6
CRS3035RES200mN2529200E3923400,CRS3035RES1000mN2529000E3923000,CRS3035RES1000mN2529000E3923000,0,0,"69383,69266",1007.5,488,63,222,26,200,36,26391779.1,34384,482,6,101,13,175,199,0,119,49,26,69,72.5,60,210,195,110,142,69,5
CRS3035RES200mN2529200E3923600,CRS3035RES1000mN2529000E3923000,CRS3035RES1000mN2529000E3923000,0,0,"69266,69383",203,88,10,37,9,34,6,5056526.3,6753,76,12,15,2,13,58,0,0,17,5,18,19,12,55,43,11,13,10,0
CRS3035RES200mN2529200E3923800,CRS3035RES1000mN2529000E3923000,CRS3035RES1000mN2529000E3923000,0,0,"69266,69383",140.5,66,9,22,3,22,6,3548061.4,4790,61,5,5,0,0,61,0,13,9,9,8,5,14.5,55,20,7,13,0,0
CRS3035RES200mN2529400E3914000,CRS3035RES1000mN2529000E3914000,CRS3035RES1000mN2529000E3914000,1,0,"69089,69385",26,8.7,0,1.4,2.2,5.1,1.4,837258.9,1015.4,3.6,5.1,2.2,0.7,0.7,5.1,0,0,0.7,0.7,2.2,2.9,2.9,3.6,6.5,1.4,3.6,1.5,0
CRS3035RES200mN2529400E3914200,CRS3035RES1000mN2529000E3914000,CRS3035RES1000mN2529000E3914000,0,0,"69385,69089",88.5,30,1,5,3,29,1,3566054.9,4105,1,29,0,10,4,16,0,0,2,1,5,11.5,14,4,20,27,2,2,0
CRS3035RES200mN2529400E3914400,CRS3035RES1000mN2529000E3914000,CRS3035RES1000mN2529000E3914000,0,0,69385,109.5,41,2,7,4,39,6,4308479.1,5204,8,33,8,0,9,24,0,0,5,1,9,12,12.5,8,31,23,6,2,0
CRS3035RES200mN2529400E3914600,CRS3035RES1000mN2529000E3914000,CRS3035RES1000mN2529000E3914000,0,0,69385,66,23,1,3,1,20,1,2306217.1,2687,1,22,1,2,1,19,0,0,2,2,6,5,7,7,16,9,11,1,0
CRS3035RES200mN2529400E3914800,CRS3035RES1000mN2529000E3914000,CRS3035RES1000mN2529000E3914000,0,0,69385,372,169,11,67,11,129,20,10240537.4,13089,145,24,11,145,9,4,0,3,16,6,32,31,27,61,93,41,43,22,0
CRS3035RES200mN2529400E3915000,CRS3035RES1000mN2529000E3915000,CRS3035RES1000mN2529000E3915000,0,0,69385,254,117,10,47,5,92,17,5796515.7,8680,113,4,2,84,29,2,0,0,10,9,18,18,19,53,63,22,29,13,0
CRS3035RES200mN2529400E3915200,CRS3035RES1000mN2529000E3915000,CRS3035RES1000mN2529000E3915000,0,0,69385,174.5,80,7,34,4,13,10,4534446.8,5962,76,4,2,0,1,77,0,15,6,7,10,20.5,17,59,34,12,8,1,0
CRS3035RES200mN2529400E3915400,CRS3035RES1000mN2529000E3915000,CRS3035RES1000mN2529000E3915000,0,0,69385,74.5,33,7,10,1,9,7,2020496.4,2417,29,4,4,0,0,29,0,6,3,1,7,7,7.5,16,18,12,3,0,0
CRS3035RES200mN2529400E3915600,CRS3035RES1000mN2529000E3915000,CRS3035RES1000mN2529000E3915000,0,0,69385,176,79,7,22,2,54,12,5019234.5,7150,57,22,14,56,2,7,0,0,9,5.5,12,11.5,10,39,35,24,22,8,0
CRS3035RES200mN2529400E3915800,CRS3035RES1000mN2529000E3915000,CRS3035RES1000mN2529000E3915000,0,0,"69385,69202",107,35,4,7,9,29,3,4111364.4,3899,16,19,26,5,3,1,0,0,4,1,10,19,9,13,26,8,15,2,0
CRS3035RES200mN2529400E3916000,CRS3035RES1000mN2529000E3916000,CRS3035RES200mN2529400E3916000,0,0,"69385,69202",433,200,23,73,8,89,43,9812579.7,13879,198,2,2,85,20,93,0,45,38.5,9,26.5,37.5,22.5,112,84,45,37,21,0
CRS3035RES200mN2529400E3916200,CRS3035RES1000mN2529000E3916000,CRS3035RES200mN2529400E3916200,0,0,"69202,69385",866.5,417,67,166,23,247,75,18475345.8,26336,413,4,1,302,59,55,0,16,51,12.5,46,82,72,205,189,78,99,32,0
CRS3035RES200mN2529400E3916400,CRS3035RES1000mN2529000E3916000,CRS3035RES200mN2529400E3916400,0,0,"69202,69385",119.5,49,2,10,2,45,2,4453157.6,5374,2,47,41,5,2,1,0,0,2,2,3,11.5,10,11,18,20,32,10,0
CRS3035RES200mN2529400E3916600,CRS3035RES1000mN2529000E3916000,CRS3035RES200mN2529400E3916600,0,0,"69385,69202",281.5,133,7,48,3,97,14,10279476.3,12434,108,25,16,35,2,80,0,0,6,4,11.5,22,31,32,70,48,41,16,0
CRS3035RES200mN2529400E3916800,CRS3035RES1000mN2529000E3916000,CRS3035RES200mN2529400E3916800,0,0,69385,341,162,12,74,8,114,12,9420378.4,12078,145,17,7,154,1,0,0,0,13,8,18,37,18,75,66,36,52,18,0
CRS3035RES200mN2529400E3917000,CRS3035RES1000mN2529000E3917000,CRS3035RES1000mN2529000E3917000,0,0,69385,167,85,1,36,3,57,7,5795820,7795,76,9,0,6,78,1,0,0,7,2,7.5,9.5,9,26,30,18,40,18,0
CRS3035RES200mN2529400E3917200,CRS3035RES1000mN2529000E3917000,CRS3035RES1000mN2529000E3917000,0,0,69385,87,42,3,12,2,34,4,3337470.7,4613,39,3,3,33,0,6,0,0,1,1,3,8,3,11,17,5,30,8,0
CRS3035RES200mN2529400E3917400,CRS3035RES1000mN2529000E3917000,CRS3035RES1000mN2529000E3917000,0,0,69385,300,147,8,61,8,91,11,10346364.8,12546,130,17,36,0,110,1,0,0,12,5,9,21,27,67,41,28,65,25,0
CRS3035RES200mN2529400E3917600,CRS3035RES1000mN2529000E3917000,CRS3035RES1000mN2529000E3917000,0,0,69385,58.5,31,2,14,0,14,4,1869185.1,3081,26,5,5,0,24,2,0,0,3,2,2,1.5,3,17,8,7,13,2,0
CRS3035RES200mN2529400E3917800,CRS3035RES1000mN2529000E3917000,CRS3035RES1000mN2529000E3917000,0,0,"69385,69382",124.5,50,14,19,8,0,10,1970886.3,3937,50,0,0,0,50,0,0,50,3,1.5,10,21,10,21,24,18,16,0,0
CRS3035RES200mN2529400E3918000,CRS3035RES1000mN2529000E3918000,CRS3035RES1000mN2529000E3918000,0,0,"69382,69385",413.5,191,24,88,13,82,5,14593980.9,18556,191,0,77,10,85,19,0,0,17.5,8,23,23,40,104,70,45,52,30,1
CRS3035RES200mN2529400E3918200,CRS3035RES1000mN2529000E3918000,CRS3035RES1000mN2529000E3918000,0,0,69382,815,430,46,215,16,176,32,27651802.3,36336,430,0,364,21,5,40,0,1,41,12,37,41.5,77.5,236,129,91,85,65,0
CRS3035RES200mN2529400E3918400,CRS3035RES1000mN2529000E3918000,CRS3035RES1000mN2529000E3918000,0,0,69382,1265.5,615,59,261,30,254,55,40890775.1,53195,613,2,608,7,0,0,0,0,50.5,15.5,40.5,98.5,149.5,315,213,146,156,81,0
CRS3035RES200mN2529400E3918600,CRS3035RES1000mN2529000E3918000,CRS3035RES1000mN2529000E3918000,0,0,69382,1132.5,597,85,310,23,187,41,34477687.3,43468,596,1,591,0,0,6,0,35,61,27.5,47,60.5,114.5,371,200,94,112,45,0
CRS3035RES200mN2529400E3918800,CRS3035RES1000mN2529000E3918000,CRS3035RES1000mN2529000E3918000,1,0,"69382,69387",36,13.9,1.6,3.3,1.6,6.5,0,1169478.6,1722.3,13.9,0,13.9,0,0,0,0,0,1.6,0.8,0.8,4.9,3.3,8.2,6.6,1.6,5.7,2.5,0
CRS3035RES200mN2529400E3919000,CRS3035RES1000mN2529000E3919000,CRS3035RES200mN2529400E3919000,0,0,"69387,69382",48,21,2,9,3,12,1,1830868.2,2210,20,1,18,0,0,3,0,0,2,1,2,9,3,7,10,7,5,2,0
CRS3035RES200mN2529400E3919200,CRS3035RES1000mN2529000E3919000,CRS3035RES200mN2529400E3919200,0,0,69387,1040.5,625,113,375,18,180,34,28291738,39020,624,1,498,10,23,94,0,88,38,14,30,48,112.5,395,165,100,110,28,0
CRS3035RES200mN2529400E3919400,CRS3035RES1000mN2529000E3919000,CRS3035RES200mN2529400E3919400,0,0,69387,1195.5,658,119,362,20,193,45,29467128.1,38622,657,1,387,33,8,230,0,154,71,41,62.5,52,96,475,211,88,84,15,0
CRS3035RES200mN2529400E3919600,CRS3035RES1000mN2529000E3919000,CRS3035RES200mN2529400E3919600,0,0,69387,1475,801,171,432,31,184,58,35308216,48505,800,1,329,160,0,312,0,163,72.5,39,65.5,92,153,523,254,116,112,48,0
CRS3035RES200mN2529400E3919800,CRS3035RES1000mN2529000E3919000,CRS3035RES200mN2529400E3919800,0,0,"69387,69383",1012,555,49,276,12,274,31,32589309.1,41546,555,0,346,86,0,123,0,6,48.5,20,42,45,69.5,347,153,76,109,102,0
CRS3035RES200mN2529400E3920000,CRS3035RES1000mN2529000E3920000,CRS3035RES1000mN2529000E3920000,0,0,"69383,69387",1209.5,672,69,352,25,293,34,38215370,50546,672,0,211,25,241,195,0,29,51,21,48,63.5,89,398,179,108,152,100,0
CRS3035RES200mN2529400E3920200,CRS3035RES1000mN2529000E3920000,CRS3035RES1000mN2529000E3920000,0,0,69383,984.5,553,52,295,8,199,29,28330894.4,36062,552,1,209,48,87,209,0,25,41,27.5,35,52,71,384,158,71,99,46,0
CRS3035RES200mN2529400E3920400,CRS3035RES1000mN2529000E3920000,CRS3035RES1000mN2529000E3920000,0,0,69383,1639,794,89,355,34,235,78,46209428.1,54098,794,0,210,0,59,524,1,99,109,49,100.5,108.5,121,563,331,112,107,36,2
CRS3035RES200mN2529400E3920600,CRS3035RES1000mN2529000E3920000,CRS3035RES1000mN2529000E3920000,0,0,69383,1216,627,109,317,31,156,64,29021549,39489,626,1,51,143,69,364,0,161,79.5,28.5,74.5,81.5,116,415,209,86,86,40,0
CRS3035RES200mN2529400E3921200,CRS3035RES1000mN2529000E3921000,CRS3035RES200mN2529400E3921200,0,0,69383,1109,492,120,200,42,94,74,21991606.4,30553,491,1,30,44,32,386,0,275,68,21.5,92,106,89.5,281,241,109,81,20,0
CRS3035RES200mN2529400E3921400,CRS3035RES1000mN2529000E3921000,CRS3035RES200mN2529400E3921400,0,0,69383,1143,602,69,301,20,269,35,32273853.7,39226,597,5,185,12,87,318,0,5,79,27,49.5,57.5,90,447,205,78,78,32,0
CRS3035RES200mN2529400E3921600,CRS3035RES1000mN2529000E3921000,CRS3035RES200mN2529400E3921600,0,0,69383,769.5,379,36,167,14,194,38,20840882.2,27791,375,4,101,116,73,89,0,9,39.5,24,47,48.5,65.5,215,167,57,74,32,0
CRS3035RES200mN2529400E3921800,CRS3035RES1000mN2529000E3921000,CRS3035RES200mN2529400E3921800,0,0,69383,1225.5,525,77,200,46,108,89,27040789.9,36243,507,18,97,40,30,357,1,242,83.5,36.5,105.5,115.5,103.5,326,250,113,66,24,2
CRS3035RES200mN2529400E3922000,CRS3035RES1000mN2529000E3922000,CRS3035RES200mN2529400E3922000,0,0,"69383,69266",665,348,42,174,15,185,26,18480082.7,25433,315,33,147,77,56,68,0,21,25.5,17,36,43,57.5,195,123,66,61,41,0
CRS3035RES200mN2529400E3922200,CRS3035RES1000mN2529000E3922000,CRS3035RES200mN2529400E3922200,0,0,"69383,69266",622,278,61,118,25,73,43,13005836.6,19189,262,16,85,17,36,140,0,102,32.5,19,53,69.5,44,145,134,69,39,16,1
CRS3035RES200mN2529400E3922400,CRS3035RES1000mN2529000E3922000,CRS3035RES200mN2529400E3922400,0,0,"69266,69383",947,448,49,194,26,201,65,23008685.6,30459,431,17,61,83,125,179,0,69,50,32,59,80.5,80.5,193,214,94,92,52,0
CRS3035RES200mN2529400E3922600,CRS3035RES1000mN2529000E3922000,CRS3035RES200mN2529400E3922600,0,0,"69266,69383",1255.5,627,93,285,21,202,79,31040603,37737,621,6,54,0,60,513,0,79,84,46,76,72.5,115,472,227,86,66,11,0
CRS3035RES200mN2529400E3922800,CRS3035RES1000mN2529000E3922000,CRS3035RES200mN2529400E3922800,0,0,"69266,69383",686.5,321,31,142,23,139,40,17676193.6,22458,312,9,37,0,32,252,0,66,50,14,53.5,46,63,182,144,59,52,23,0
CRS3035RES200mN2529600E3914000,CRS3035RES1000mN2529000E3914000,CRS3035RES1000mN2529000E3914000,0,0,"69385,69244,69089",307.5,143,19,59,5,52,20,7458722.3,10052,142,1,1,2,0,140,0,53,10,10,23,29.5,24,56,87,30,34,4,0
CRS3035RES200mN2529600E3914200,CRS3035RES1000mN2529000E3914000,CRS3035RES1000mN2529000E3914000,0,0,69385,387,164,14,51,10,99,21,11938972.1,14385,157,7,0,0,93,71,0,36,15,4.5,33.5,29.5,32.5,71,77,48,64,12,0
CRS3035RES200mN2529600E3914400,CRS3035RES1000mN2529000E3914000,CRS3035RES1000mN2529000E3914000,0,0,69385,21,12,0,5,0,12,2,942286.5,1218,10,2,0,0,12,0,0,0,0,1,0,1,1,2,6,4,4,2,0
CRS3035RES200mN2529600E3914600,CRS3035RES1000mN2529000E3914000,CRS3035RES1000mN2529000E3914000,1,0,69385,10,3.3,0,0.6,0.8,1.9,0.6,322022.7,390.6,1.4,1.9,0.8,0.3,0.3,1.9,0,0,0.3,0.3,0.8,1.1,1.1,1.4,2.5,0.5,1.4,0.6,0
CRS3035RES200mN2529600E3914800,CRS3035RES1000mN2529000E3914000,CRS3035RES1000mN2529000E3914000,0,0,69385,390,193,16,80,7,107,25,10789822.2,14496,183,10,7,1,121,64,0,0,14.5,9,26.5,22,34,72,80,54,53,25,0
CRS3035RES200mN2529600E3915000,CRS3035RES1000mN2529000E3915000,CRS3035RES1000mN2529000E3915000,0,0,69385,206,89,6,30,7,27,12,6458214.3,8108,70,19,3,5,0,81,0,0,3.5,4,16.5,28,16,28,63,24,19,3,1
CRS3035RES200mN2529600E3915200,CRS3035RES1000mN2529000E3915000,CRS3035RES1000mN2529000E3915000,0,0,69385,539.5,226,50,81,25,38,45,10812988.3,16175,211,15,6,176,25,19,0,175,25.5,11,37,73,44,90,104,63,74,18,0
CRS3035RES200mN2529600E3915400,CRS3035RES1000mN2529000E3915000,CRS3035RES1000mN2529000E3915000,0,0,69385,141.5,69,19,30,5,1,15,2775601.2,4718,69,0,0,69,0,0,0,57,6,4.5,11,6,14,23,28,25,18,5,1
CRS3035RES200mN2529600E3915600,CRS3035RES1000mN2529000E3915000,CRS3035RES1000mN2529000E3915000,1,0,69385,45.5,17.1,0,4.1,2.1,14.4,0,1825946.8,2692.4,2.7,14.4,4.1,4.1,1.4,7.5,0,0,0.7,1.4,4.1,5.1,2.7,4.8,10.3,3.4,12.3,0.7,0
CRS3035RES200mN2529600E3915800,CRS3035RES1000mN2529000E3915000,CRS3035RES1000mN2529000E3915000,0,0,69385,171,72,2,22,5,53,2,6629887.8,7727,37,35,31,2,3,36,0,0,6,2,5,14,14,24,23,28,35,20,0
CRS3035RES200mN2529600E3916000,CRS3035RES1000mN2529000E3916000,CRS3035RES200mN2529600E3916000,0,0,69385,246,143,9,81,6,98,6,7533713,10361,136,7,5,0,125,13,0,0,7,2,7,7,17,39,43,34,55,35,0
CRS3035RES200mN2529600E3916200,CRS3035RES1000mN2529000E3916000,CRS3035RES200mN2529600E3916200,0,0,69385,391,175,8,74,8,123,14,11143452.6,14477,170,5,3,2,112,58,0,12,14,7,18,30,51,49,85,45,69,22,1
CRS3035RES200mN2529600E3916400,CRS3035RES1000mN2529000E3916000,CRS3035RES200mN2529600E3916400,0,0,69385,438,192,11,73,12,112,36,11450458,14660,180,12,8,79,58,47,0,0,14,11,31.5,61.5,34,62,107,51,33,33,0
CRS3035RES200mN2529600E3916600,CRS3035RES1000mN2529000E3916000,CRS3035RES200mN2529600E3916600,0,0,69385,229,110,9,42,5,86,15,5197169.9,7862,107,3,2,97,0,11,0,0,6,3,9.5,23.5,17,46,47,27,34,16,0
CRS3035RES200mN2529600E3916800,CRS3035RES1000mN2529000E3916000,CRS3035RES200mN2529600E3916800,0,0,69385,413,243,23,140,6,116,14,10755043.7,15887,235,8,5,59,156,23,0,75,15,11,18.5,13,14.5,61,67,58,98,57,0
CRS3035RES200mN2529600E3917000,CRS3035RES1000mN2529000E3917000,CRS3035RES1000mN2529000E3917000,0,0,69385,204.5,93,10,33,4,59,12,5329512.6,6344,91,2,1,92,0,0,0,0,15,6,9,11.5,12,58,38,25,20,10,0
CRS3035RES200mN2529600E3917200,CRS3035RES1000mN2529000E3917000,CRS3035RES1000mN2529000E3917000,1,0,69385,34,16.5,1.9,4.9,0,12.6,1,1396520.8,1989.5,15.5,1,1.9,0,0,14.6,0,0,0,0,1,4.8,1.9,1,7.8,1.9,10.7,4.9,0
CRS3035RES200mN2529600E3917400,CRS3035RES1000mN2529000E3917000,CRS3035RES1000mN2529000E3917000,0,0,69385,255.5,109,20,45,13,51,10,7018545.1,8634,102,7,23,27,0,59,0,19,15,10,18,23.5,31,65,51,23,19,0,0
CRS3035RES200mN2529600E3917600,CRS3035RES1000mN2529000E3917000,CRS3035RES1000mN2529000E3917000,0,0,69385,119,52,3,19,4,33,6,3756095.6,5130,42,10,13,1,0,38,0,7,2,3,8,10,19,19,26,14,13,5,0
CRS3035RES200mN2529600E3917800,CRS3035RES1000mN2529000E3917000,CRS3035RES1000mN2529000E3917000,0,0,69385,193.5,109,13,59,3,51,8,5967151.7,7159,107,2,62,0,0,47,0,0,5,1,9,11.5,16,68,39,24,14,6,0
CRS3035RES200mN2529600E3918000,CRS3035RES1000mN2529000E3918000,CRS3035RES1000mN2529000E3918000,0,0,"69385,69382",228,100,6,37,8,49,13,6562605.5,9132,100,0,54,15,31,0,0,18,9,4,14.5,16,29.5,40,48,23,35,9,0
CRS3035RES200mN2529600E3918200,CRS3035RES1000mN2529000E3918000,CRS3035RES1000mN2529000E3918000,0,0,69382,793.5,368,37,159,22,140,26,27905314.4,37680,366,2,336,12,19,0,1,26,24.5,13.5,33.5,63.5,95,179,140.5,105,93,46,0
CRS3035RES200mN2529600E3918400,CRS3035RES1000mN2529000E3918000,CRS3035RES1000mN2529000E3918000,0,0,69382,1036.5,498,67,229,40,185,48,32785066.7,45343,496,2,478,6,0,14,0,46,38.5,21.5,66,79.5,121,258,170,104,114,64,0
CRS3035RES200mN2529600E3918600,CRS3035RES1000mN2529000E3918000,CRS3035RES1000mN2529000E3918000,0,0,69382,749,365,35,171,25,146,24,25545877.9,34557,364,1,337,28,0,0,0,0,31,8.5,36.5,58,82,202,107,69,99,56,0
CRS3035RES200mN2529600E3918800,CRS3035RES1000mN2529000E3918000,CRS3035RES1000mN2529000E3918000,0,0,69382,167,75,3,27,6,33,4,6451090.6,8313,75,0,75,0,0,0,0,0,6,4,5,20.5,12.5,29,36,12,21,21,0
CRS3035RES200mN2529600E3919200,CRS3035RES1000mN2529000E3919000,CRS3035RES200mN2529600E3919200,0,0,69387,548,320,59,177,9,61,28,14768072.4,18724,320,0,258,0,16,46,0,14,26,12,15.5,22.5,48,254,83,30,43,14,0
CRS3035RES200mN2529600E3919400,CRS3035RES1000mN2529000E3919000,CRS3035RES200mN2529600E3919400,0,0,"69387,69383",1141,687,139,416,17,203,37,28018009.9,38966,687,0,624,4,40,19,0,22,48,21,39.5,57,109.5,503,180,69,77,37,0
CRS3035RES200mN2529600E3919600,CRS3035RES1000mN2529000E3919000,CRS3035RES200mN2529600E3919600,0,0,"69383,69387",1188,662,105,368,26,211,46,30985119.3,44913,660,2,391,65,115,91,0,101,61.5,28,37,70.5,101,440,209,88,110,42,1
CRS3035RES200mN2529600E3919800,CRS3035RES1000mN2529000E3919000,CRS3035RES200mN2529600E3919800,0,0,"69383,69387",1058,570,58,288,17,233,25,32363526,40384,568,2,252,198,5,115,0,24,72,23.5,40.5,44.5,74.5,388,176,86,103,48,2
CRS3035RES200mN2529600E3920000,CRS3035RES1000mN2529000E3920000,CRS3035RES1000mN2529000E3920000,0,0,69383,579,298,53,144,10,105,35,14735517.3,20295,297,1,57,0,59,182,0,97,29,16,30,32,45,168,107,62,69,21,0
CRS3035RES200mN2529600E3920200,CRS3035RES1000mN2529000E3920000,CRS3035RES1000mN2529000E3920000,0,0,69383,1102.5,629,118,374,24,116,73,24182390.7,35033,629,0,171,44,94,320,0,124,59,24,56.5,69.5,118.5,306,216,105,96,51,1
CRS3035RES200mN2529600E3920400,CRS3035RES1000mN2529000E3920000,CRS3035RES1000mN2529000E3920000,0,0,69383,1036,561,71,306,19,179,44,28527556.5,34376,561,0,184,68,0,309,0,2,48,27.5,59,70.5,87,369,191,82,80,21,1
CRS3035RES200mN2529600E3920600,CRS3035RES1000mN2529000E3920000,CRS3035RES1000mN2529000E3920000,0,0,69383,1250.5,678,103,372,30,183,60,31502948.4,40573,678,0,164,51,79,384,0,150,49,29.5,60,63.5,120.5,423,231,99,110,64,1
CRS3035RES200mN2529600E3920800,CRS3035RES1000mN2529000E3920000,CRS3035RES1000mN2529000E3920000,1,0,69383,32,16.5,1.9,8.7,1,2.9,1,866438.2,907.6,16.5,0,12.6,0,0,3.9,0,0,0,1.9,1,0,4.8,12.6,4.9,4.9,0,1.9,0
CRS3035RES200mN2529600E3921000,CRS3035RES1000mN2529000E3921000,CRS3035RES200mN2529600E3921000,0,0,69383,394.5,192,16,93,14,27,25,9293418.1,11723,192,0,0,0,0,192,0,80,27.5,13,32,36,20,131,96,20,14,4,1
CRS3035RES200mN2529600E3921200,CRS3035RES1000mN2529000E3921000,CRS3035RES200mN2529600E3921200,0,0,69383,1177,585,58,257,25,269,54,32740945.4,40355,579,6,65,326,46,145,3,82,47,39.5,78.5,76,97,359,208,104,117,51,0
CRS3035RES200mN2529600E3921400,CRS3035RES1000mN2529000E3921000,CRS3035RES200mN2529600E3921400,0,0,69383,865.5,503,77,291,10,172,46,22744505.2,27695,492,11,211,0,62,229,1,28,41,17.5,39.5,43.5,80,327,175,63,57,22,0
CRS3035RES200mN2529600E3921600,CRS3035RES1000mN2529000E3921000,CRS3035RES200mN2529600E3921600,0,0,69383,837.5,405,67,165,17,179,59,21589483.9,27671,395,10,19,42,108,236,0,57,46,22.5,56,74,65,247,162,72,68,25,0
CRS3035RES200mN2529600E3921800,CRS3035RES1000mN2529000E3921000,CRS3035RES200mN2529600E3921800,0,0,69383,969,518,69,268,19,154,48,24934977.8,30533,511,7,99,47,43,329,0,45,59.5,41,56.5,60,75,350,170,72,67,18,0
CRS3035RES200mN2529600E3922000,CRS3035RES1000mN2529000E3922000,CRS3035RES200mN2529600E3922000,0,0,"69383,69266",450.5,254,41,128,6,111,25,10817119.3,15145,245,9,137,38,64,15,0,12,18,5.5,17.5,27.5,46,150,88,42,33,23,0
CRS3035RES200mN2529800E3914000,CRS3035RES1000mN2529000E3914000,CRS3035RES1000mN2529000E3914000,0,0,"69244,69385",359,151,12,51,10,83,17,9099885.9,13112,132,19,2,11,88,50,0,34,19.5,13,26.5,20,33,76,74,29,44,24,0
CRS3035RES200mN2529800E3914200,CRS3035RES1000mN2529000E3914000,CRS3035RES1000mN2529000E3914000,0,0,"69385,69244",303,169,25,93,3,74,11,7163616.8,9261,169,0,0,108,37,24,0,36,11,8.5,14.5,16,20,70,63,35,52,13,0
CRS3035RES200mN2529800E3914400,CRS3035RES1000mN2529000E3914000,CRS3035RES1000mN2529000E3914000,0,0,"69385,69244",1066,510,42,200,28,288,52,26098119.8,40311,510,0,0,0,272,238,0,13,52,27,62,70.5,81.5,225,194,117,200,36,1
CRS3035RES200mN2529800E3914600,CRS3035RES1000mN2529000E3914000,CRS3035RES1000mN2529000E3914000,0,0,"69385,69244",546,272,22,126,12,179,27,13457607,21703,272,0,0,0,272,0,0,2,19,14.5,28.5,37,43,108,124,57,79,36,0
CRS3035RES200mN2529800E3914800,CRS3035RES1000mN2529000E3914000,CRS3035RES1000mN2529000E3914000,0,0,"69385,69244",228,104,11,33,5,43,19,6107774.6,7353,104,0,0,0,15,89,0,17,12.5,4,18,14.5,22,63,43,22,19,9,1
CRS3035RES200mN2529800E3915000,CRS3035RES1000mN2529000E3915000,CRS3035RES1000mN2529000E3915000,0,0,69385,239,114,2,43,6,70,15,7439208.6,9873,110,4,0,0,45,69,0,7,8,6,12,16,19,51,53,39,27,8,0
CRS3035RES200mN2529800E3915200,CRS3035RES1000mN2529000E3915000,CRS3035RES1000mN2529000E3915000,0,0,69385,363,199,10,89,4,142,21,12072470.5,16410,189,10,14,29,123,33,0,0,9,3.5,10,17,32.5,62,76,56,72,25,0
CRS3035RES200mN2529800E3915400,CRS3035RES1000mN2529000E3915000,CRS3035RES1000mN2529000E3915000,0,0,69385,546.5,269,10,111,8,203,18,19526813.1,27415,266,3,2,59,64,134,10,0,17,9,17.5,43,40,58,113,70,125,54,0
CRS3035RES200mN2529800E3915600,CRS3035RES1000mN2529000E3915000,CRS3035RES1000mN2529000E3915000,0,0,69385,318,142,2,51,7,114,9,10681625.8,13440,129,13,5,1,59,77,0,0,13,2,15,26.5,22.5,28,64,50,63,34,0
CRS3035RES200mN2529800E3915800,CRS3035RES1000mN2529000E3915000,CRS3035RES1000mN2529000E3915000,0,0,69385,282.5,135,8,55,9,96,11,10338398.4,14339,119,16,14,3,32,86,0,0,3.5,4,11,24,24,34,48,36,66,32,0
CRS3035RES200mN2529800E3916000,CRS3035RES1000mN2529000E3916000,CRS3035RES200mN2529800E3916000,0,0,69385,450.5,226,13,94,8,166,23,14058616.9,20892,213,13,11,47,151,17,0,0,13,2,23,44.5,27,38,86,43,97,77,0
CRS3035RES200mN2529800E3916200,CRS3035RES1000mN2529000E3916000,CRS3035RES200mN2529800E3916200,0,0,69385,369,179,19,75,12,102,26,9744133.8,13542,164,15,4,106,49,20,0,28,11,11.5,23.5,32,28,59,76,37,62,28,1
CRS3035RES200mN2529800E3916400,CRS3035RES1000mN2529000E3916000,CRS3035RES200mN2529800E3916400,0,0,69385,481.5,236,15,110,11,155,18,14848234.2,18325,219,17,10,89,86,51,0,0,26,13,32.5,25.5,40.5,101,92,52,68,31,0
CRS3035RES200mN2529800E3916600,CRS3035RES1000mN2529000E3916000,CRS3035RES200mN2529800E3916600,0,0,69385,386,211,29,119,7,104,17,10210505.8,13277,208,3,7,55,121,28,0,53,10,9,15,33,27,66,73,37,55,60,1
CRS3035RES200mN2529800E3916800,CRS3035RES1000mN2529000E3916000,CRS3035RES200mN2529800E3916800,0,0,69385,78,36,4,15,2,22,2,2482185.4,3123,35,1,4,32,0,0,0,0,4,3,2,6,7,15,12,8,18,3,0
CRS3035RES200mN2529800E3917000,CRS3035RES1000mN2529000E3917000,CRS3035RES1000mN2529000E3917000,0,0,69385,89.5,37,2,11,4,16,6,3014383.6,3353,30,7,12,1,1,23,0,8,1,2,4.5,12,9,13,29,10,8,1,0
CRS3035RES200mN2529800E3917200,CRS3035RES1000mN2529000E3917000,CRS3035RES1000mN2529000E3917000,0,0,69385,207.5,102,25,50,7,49,11,5302576.8,7291,83,19,94,1,3,4,0,4,9,5,11,15.5,18,33,42,31,31,12,0
CRS3035RES200mN2529800E3917400,CRS3035RES1000mN2529000E3917000,CRS3035RES1000mN2529000E3917000,0,0,69385,368.5,195,32,97,9,99,18,10283623.7,14142,183,12,125,0,68,2,0,1,11,5.5,16.5,32,45.5,69,78,46,34,31,0
CRS3035RES200mN2529800E3917600,CRS3035RES1000mN2529000E3917000,CRS3035RES1000mN2529000E3917000,0,0,69385,447.5,219,22,96,9,149,18,15167848.7,16608,211,8,53,0,154,12,0,11,19,13.5,34.5,30.5,30,79,95,58,64,24,0
CRS3035RES200mN2529800E3917800,CRS3035RES1000mN2529000E3917000,CRS3035RES1000mN2529000E3917000,0,0,69385,77,35,4,14,3,9,4,2316914.8,3333,34,1,34,1,0,0,0,0,0,1,4,8,12,11,19,16,4,2,0
CRS3035RES200mN2529800E3918000,CRS3035RES1000mN2529000E3918000,CRS3035RES1000mN2529000E3918000,0,0,"69385,69382",288.5,168,20,95,7,58,16,8538633.3,11690,166,2,100,11,0,57,0,5,9,1.5,12.5,18.5,22,91,61,31,30,12,0
CRS3035RES200mN2529800E3918200,CRS3035RES1000mN2529000E3918000,CRS3035RES1000mN2529000E3918000,0,0,"69382,69385",635.5,288,24,112,26,140,19,23645066.4,34131,288,0,287,0,0,1,0,7,21,9,29,53,73.5,113,121,67,113,36,0
CRS3035RES200mN2529800E3918400,CRS3035RES1000mN2529000E3918000,CRS3035RES1000mN2529000E3918000,0,0,69382,498,262,27,136,14,104,14,17310993.4,22348,259,3,192,16,0,46,8,18,22,8,23.5,32,42.5,156,67,42,77,28,0
CRS3035RES200mN2529800E3918600,CRS3035RES1000mN2529000E3918000,CRS3035RES1000mN2529000E3918000,0,0,69382,833,417,42,206,34,169,27,29539980.3,40998,416,1,393,18,0,6,0,25,24,17.5,51,73,71.5,163,183,67,124,59,0
CRS3035RES200mN2529800E3918800,CRS3035RES1000mN2529000E3918000,CRS3035RES1000mN2529000E3918000,0,0,69382,180.5,92,11,46,6,43,3,6240089.6,10234,92,0,91,1,0,0,0,0,9,4,7.5,9,20,44,31,17,25,12,2
CRS3035RES200mN2529800E3919000,CRS3035RES1000mN2529000E3919000,CRS3035RES200mN2529800E3919000,0,0,"69382,69387",108.5,57,9,28,1,23,3,3453687.6,6137,55,2,57,0,0,0,0,0,0,0,4.5,4,17,26,23,11,12,11,0
CRS3035RES200mN2529800E3919400,CRS3035RES1000mN2529000E3919000,CRS3035RES200mN2529800E3919400,0,0,"69383,69387",728,427,66,252,9,97,19,20771429.5,27897,427,0,390,0,0,37,0,9,38,12.5,21.5,34.5,81.5,305,123,33,61,18,0
CRS3035RES200mN2529800E3919600,CRS3035RES1000mN2529000E3919000,CRS3035RES200mN2529800E3919600,0,0,69383,1061,548,218,295,40,78,47,19045223.1,29278,548,0,390,0,83,75,0,165,43,16,57.5,72.5,126,306,149,75,158,58,0
CRS3035RES200mN2529800E3919800,CRS3035RES1000mN2529000E3919000,CRS3035RES200mN2529800E3919800,0,0,69383,1096,611,99,345,27,199,40,29688047.4,38205,611,0,447,18,31,112,3,53,63,23,45.5,61.5,85,418,205,77,91,26,1
CRS3035RES200mN2529800E3920000,CRS3035RES1000mN2529000E3920000,CRS3035RES1000mN2529000E3920000,0,0,69383,1569.5,833,162,434,36,234,74,38219640.1,49097,832,1,412,51,152,217,1,198,87.5,38.5,78,102.5,105,545,286,137,134,48,8
CRS3035RES200mN2529800E3920200,CRS3035RES1000mN2529000E3920000,CRS3035RES1000mN2529000E3920000,0,0,69383,600.5,340,40,178,7,133,24,16656835.5,21569,340,0,136,54,64,86,0,19,34,6,23,25,47.5,222,98,57,70,18,0
CRS3035RES200mN2529800E3920400,CRS3035RES1000mN2529000E3920000,CRS3035RES1000mN2529000E3920000,0,0,69383,375,223,32,132,6,74,18,10330711.9,12851,223,0,35,22,32,134,0,0,20.5,11.5,10.5,16.5,41,145,62,29,28,11,0
CRS3035RES200mN2529800E3920600,CRS3035RES1000mN2529000E3920000,CRS3035RES1000mN2529000E3920000,0,0,69383,1409,732,125,361,27,141,84,33282429.5,44378,732,0,151,227,145,209,0,391,93.5,37,79,80,96.5,420,244,128,164,67,0
CRS3035RES200mN2529800E3921000,CRS3035RES1000mN2529000E3921000,CRS3035RES200mN2529800E3921000,0,0,69383,321.5,201,33,131,4,81,13,8784208.7,11770,201,0,75,18,1,107,0,0,9,3.5,15,25.5,39.5,110,54,25,27,13,0
CRS3035RES200mN2529800E3921200,CRS3035RES1000mN2529000E3921000,CRS3035RES200mN2529800E3921200,0,0,69383,762,396,45,186,9,190,25,24109991.5,29102,393,3,112,42,33,209,0,22,27.5,14.5,33,45.5,69.5,201,153,81,94,43,0
CRS3035RES200mN2529800E3921400,CRS3035RES1000mN2529000E3921000,CRS3035RES200mN2529800E3921400,0,0,69383,1131,583,49,293,21,256,33,33315463.7,37896,577,6,66,31,27,458,1,0,68.5,31,55,66,103.5,411,202,91,83,20,0
CRS3035RES200mN2529800E3921600,CRS3035RES1000mN2529000E3921000,CRS3035RES200mN2529800E3921600,0,0,69383,695,310,37,141,38,146,19,17585440.3,22031,305,5,25,46,130,109,0,63,42,19.5,47,65,54.5,159,149,67,71,19,2
CRS3035RES200mN2529800E3921800,CRS3035RES1000mN2529000E3921000,CRS3035RES200mN2529800E3921800,0,0,"69383,69266",1333.5,645,105,278,36,203,75,34573992.4,41304,637,8,167,11,0,467,0,224,61.5,33.5,74,97.5,117,363,295,159,118,14,1
CRS3035RES200mN2529800E3922000,CRS3035RES1000mN2529000E3922000,CRS3035RES200mN2529800E3922000,0,0,"69383,69266",1150,487,78,172,31,197,67,26286676.2,35264,481,6,26,69,66,326,0,143,68.5,37,97,102,68,294.5,215,129,98,39,2
CRS3035RES200mN2529800E3922200,CRS3035RES1000mN2529000E3922000,CRS3035RES200mN2529800E3922200,0,0,"69266,69383",1044.5,460,59,177,37,166,55,23966527.2,29058,459,1,24,121,16,299,0,118,82,40,77.5,93,73,331,210,61,50,27,0
CRS3035RES200mN2530000E3914400,CRS3035RES1000mN2530000E3914000,CRS3035RES200mN2530000E3914400,0,0,"69244,69385",319.5,157,5,64,4,54,26,8270665.5,10580,143,14,4,8,24,121,0,14,15.5,6.5,26.5,21,23,94,62,36,23,12,0
CRS3035RES200mN2530000E3914600,CRS3035RES1000mN2530000E3914000,CRS3035RES200mN2530000E3914600,0,0,"69244,69385",830.5,431,33,194,13,222,53,21212095.7,29266,430,1,1,0,140,290,0,0,46,20.5,39.5,52.5,53,232,139,87,117,44,0
CRS3035RES200mN2530000E3914800,CRS3035RES1000mN2530000E3914000,CRS3035RES200mN2530000E3914800,0,0,"69385,69244",588.5,269,76,109,16,3,54,9272076.8,15283,268,1,1,268,0,0,0,266,54,13.5,45.5,50.5,47,132,87,59,68,31,1
CRS3035RES200mN2530000E3915000,CRS3035RES1000mN2530000E3915000,CRS3035RES1000mN2530000E3915000,1,0,69385,54,20.3,2.1,6.3,2.8,5.6,3.5,1455913,2080.8,13.3,7,6.3,14,0,0,0,11.9,1.4,2.1,0.7,3.5,7.7,10.6,8.4,8.4,7,4.2,0
CRS3035RES200mN2530000E3915200,CRS3035RES1000mN2530000E3915000,CRS3035RES1000mN2530000E3915000,0,0,69385,269.5,134,23,61,7,38,20,5411003.2,8456,134,0,0,79,55,0,0,79,9,7.5,21,24,15,37,57,36,45,18,0
CRS3035RES200mN2530000E3915400,CRS3035RES1000mN2530000E3915000,CRS3035RES1000mN2530000E3915000,0,0,69385,217,81,30,23,10,5,21,3494419.7,5838,80,1,19,0,0,62,0,70,6,6,15,34,26,22,51,29,23,4,1
CRS3035RES200mN2530000E3915600,CRS3035RES1000mN2530000E3915000,CRS3035RES1000mN2530000E3915000,0,0,69385,258,139,2,63,3,90,13,7942229.3,12709,130,9,18,108,0,13,0,0,6,3,6,14.5,19,34,43.5,34,42,56,0
CRS3035RES200mN2530000E3915800,CRS3035RES1000mN2530000E3915000,CRS3035RES1000mN2530000E3915000,0,0,69385,206,113,10,56,1,52,12,5957195.2,8536,102,11,27,8,13,65,0,0,6,3,10.5,7.5,21,41,43,20,31,23,0
CRS3035RES200mN2530000E3916000,CRS3035RES1000mN2530000E3916000,CRS3035RES1000mN2530000E3916000,0,0,69385,356,209,10,118,6,119,15,11583396.3,16243,203,6,9,27,76,97,0,0,11,7,15,17,16,59,54,41,88,48,0
CRS3035RES200mN2530000E3916200,CRS3035RES1000mN2530000E3916000,CRS3035RES1000mN2530000E3916000,0,0,69385,333,188,10,105,4,105,11,10583788.1,15107,174,14,2,14,135,37,0,6,18,7,10.5,18.5,14,64,49,33,80,39,0
CRS3035RES200mN2530000E3916400,CRS3035RES1000mN2530000E3916000,CRS3035RES1000mN2530000E3916000,0,0,69385,305.5,150,13,70,9,99,14,9550238.4,13402,133,17,26,43,0,80,1,12,8,6,18,24,30.5,30,62,49,41,37,0
CRS3035RES200mN2530000E3916600,CRS3035RES1000mN2530000E3916000,CRS3035RES1000mN2530000E3916000,0,0,69385,78,38,5,14,2,21,7,2160616.1,3187,34,4,4,34,0,0,0,0,1,0,5.5,8,7.5,16,20,9,7,4,0
CRS3035RES200mN2530000E3916800,CRS3035RES1000mN2530000E3916000,CRS3035RES1000mN2530000E3916000,0,0,69385,543,256,18,96,9,181,35,16337762.6,20591,254,2,12,67,98,79,0,0,24,7,31.5,40,37.5,101,106,80,87,29,0
CRS3035RES200mN2530000E3917000,CRS3035RES1000mN2530000E3917000,CRS3035RES1000mN2530000E3917000,0,0,69385,309.5,136,23,61,14,59,17,7386602,10247,121,15,75,28,10,23,0,30,21.5,12,18,29.5,34.5,52,79,22,34,7,0
CRS3035RES200mN2530000E3917200,CRS3035RES1000mN2530000E3917000,CRS3035RES1000mN2530000E3917000,0,0,69385,471.5,217,41,100,20,78,27,11432274.4,15368,199,18,156,1,23,37,0,48,26,10.5,32,48,47,103,94,48,41,22,0
CRS3035RES200mN2530000E3917400,CRS3035RES1000mN2530000E3917000,CRS3035RES1000mN2530000E3917000,0,0,69385,405.5,200,38,101,9,70,19,10290655.5,12944,185,15,139,3,56,2,0,35,25,9,25,29.5,37,97,90,39,39,15,0
CRS3035RES200mN2530000E3917600,CRS3035RES1000mN2530000E3917000,CRS3035RES1000mN2530000E3917000,0,0,69385,208.5,100,5,33,3,72,11,7038511.7,9086,98,2,19,0,78,3,0,0,5,5,10,13.5,12,23,39,37,49,14,1
CRS3035RES200mN2530000E3917800,CRS3035RES1000mN2530000E3917000,CRS3035RES1000mN2530000E3917000,0,0,69385,119,60,17,30,4,21,7,2601508.7,4006,59,1,60,0,0,0,0,25,3,1.5,10,11,9.5,21,25,12,17,7,2
CRS3035RES200mN2530000E3918000,CRS3035RES1000mN2530000E3918000,CRS3035RES1000mN2530000E3918000,0,0,69385,497,287,48,166,13,100,24,15221203.6,17716,270,17,271,1,6,9,0,11,18,10,17,31,56,161,115,46,33,9,1
CRS3035RES200mN2530000E3918200,CRS3035RES1000mN2530000E3918000,CRS3035RES1000mN2530000E3918000,0,0,"69385,69382",239.5,124,15,64,6,44,14,7332913.9,8969,124,0,116,5,0,3,0,3,15,4,8.5,25.5,13.5,72,55,11,29,6,0
CRS3035RES200mN2530000E3918400,CRS3035RES1000mN2530000E3918000,CRS3035RES1000mN2530000E3918000,0,0,"69382,69385",734,285,21,97,46,121,17,27810757.1,36173,283,2,271,11,0,1,2,0,31,14,60,69.5,94.5,137,157,67,74,29,1
CRS3035RES200mN2530000E3918600,CRS3035RES1000mN2530000E3918000,CRS3035RES1000mN2530000E3918000,0,0,69382,95,38,3,16,6,14,1,3764075.7,5193,38,0,38,0,0,0,0,0,2,2,3,7,20,21,19,10,3,8,0
CRS3035RES200mN2530000E3918800,CRS3035RES1000mN2530000E3918000,CRS3035RES1000mN2530000E3918000,0,0,69382,360.5,205,26,106,5,54,18,11935397.4,18352,205,0,205,0,0,0,0,0,13,3,12.5,15,43,110,56,40,49,17,2
CRS3035RES200mN2530000E3919000,CRS3035RES1000mN2530000E3919000,CRS3035RES200mN2530000E3919000,0,0,69382,128.5,68,9,40,3,24,7,3608515.5,4471,68,0,66,0,0,2,0,6,7,2,3,15.5,18,27,25,15,11,5,0
CRS3035RES200mN2530000E3919400,CRS3035RES1000mN2530000E3919000,CRS3035RES200mN2530000E3919400,0,0,69383,887,477,81,251,22,133,45,24994269.4,33276,476,1,358,29,40,50,0,96,49.5,14.5,37.5,57.5,87,281,160,72,94,34,0
CRS3035RES200mN2530000E3919600,CRS3035RES1000mN2530000E3919000,CRS3035RES200mN2530000E3919600,0,0,69383,538,275,16,117,11,118,9,19022016.9,23434,275,0,38,137,18,82,0,44,31,10,22,21.5,28.5,150,88,60,84,43,0
CRS3035RES200mN2530000E3919800,CRS3035RES1000mN2530000E3919000,CRS3035RES200mN2530000E3919800,0,0,69383,576.5,329,28,170,7,129,19,17636150.3,22321,329,0,164,49,55,61,0,1,19.5,7,21.5,26,43.5,208,94,43,76,38,0
CRS3035RES200mN2530000E3920000,CRS3035RES1000mN2530000E3920000,CRS3035RES1000mN2530000E3920000,0,0,69383,1413,771,157,428,33,195,68,33305171.6,46386,770,1,240,20,212,299,0,322,73.5,33.5,70,75.5,116.5,407,263,115,172,87,0
CRS3035RES200mN2530000E3920200,CRS3035RES1000mN2530000E3920000,CRS3035RES1000mN2530000E3920000,0,0,69383,494.5,264,66,147,13,70,20,12659942,16927,264,0,67,6,128,63,0,13,25,8,24,42,36.5,149,85,39,66,20,0
CRS3035RES200mN2530000E3920400,CRS3035RES1000mN2530000E3920000,CRS3035RES1000mN2530000E3920000,0,0,69383,442.5,221,29,102,10,27,13,11175617.7,15761,221,0,0,0,221,0,0,30,19.5,11,23,24.5,29.5,166,73,32,39,25,0
CRS3035RES200mN2530000E3920800,CRS3035RES1000mN2530000E3920000,CRS3035RES1000mN2530000E3920000,1,0,69383,1,0.7,0.2,0.5,0,0.2,0,21871.6,34.6,0.7,0,0,0,0.7,0,0,0,0,0,0.1,0,0.1,0.3,0.2,0.2,0.1,0,0
CRS3035RES200mN2530000E3921000,CRS3035RES1000mN2530000E3921000,CRS3035RES1000mN2530000E3921000,0,0,69383,253,100,6,35,13,49,4,6542195,7711,100,0,0,0,100,0,0,26,8,6,20,27,22,65,61,25,15,4,0
CRS3035RES200mN2530000E3921200,CRS3035RES1000mN2530000E3921000,CRS3035RES1000mN2530000E3921000,0,0,69383,684.5,307,41,129,24,95,20,18977131.6,21461,307,0,10,0,43,254,0,62,38,17,42.5,59.5,59.5,185,137,64,64,17,1
CRS3035RES200mN2530000E3921400,CRS3035RES1000mN2530000E3921000,CRS3035RES1000mN2530000E3921000,0,0,69383,1148,532,88,223,37,193,55,28504728.4,37122,528,4,88,9,267,168,0,69,39.5,13,83.5,120.5,85.5,267,266,120,111,40,2
CRS3035RES200mN2530000E3921600,CRS3035RES1000mN2530000E3921000,CRS3035RES1000mN2530000E3921000,0,0,69383,650,337,38,167,12,136,32,16458722.8,22057,337,0,0,23,256,58,0,58,25.5,15.5,32,49,44,156,121,87,79,41,0
CRS3035RES200mN2530000E3921800,CRS3035RES1000mN2530000E3921000,CRS3035RES1000mN2530000E3921000,0,0,"69383,69266",1034.5,535,37,254,20,298,27,31629144.6,37408,532,3,10,0,215,310,0,7,53,14,43.5,60.5,93.5,277,210,129,121,33,0
CRS3035RES200mN2530000E3922000,CRS3035RES1000mN2530000E3922000,CRS3035RES200mN2530000E3922000,0,0,"69266,69383",950.5,439,42,172,24,236,55,23628075,30955,431,8,23,168,34,214,0,45,61,26.5,60.5,74,55.5,251,160,102,93,67,0
CRS3035RES200mN2530200E3914800,CRS3035RES1000mN2530000E3914000,CRS3035RES200mN2530200E3914800,0,0,"69244,69385",223.5,109,4,49,6,77,17,5786817.9,8800,106,3,0,43,62,4,0,0,11,2,14,19,18.5,54,42,22,28,13,0
CRS3035RES200mN2530200E3915000,CRS3035RES1000mN2530000E3915000,CRS3035RES1000mN2530000E3915000,0,0,"69385,69244",957,497,51,233,16,374,77,20725733.9,33630,497,0,7,238,0,252,0,3,44,20,50,79,69,227,173,104,118,71,2
CRS3035RES200mN2530200E3915400,CRS3035RES1000mN2530000E3915000,CRS3035RES1000mN2530000E3915000,0,0,69385,385.5,201,28,94,6,132,35,8633775.9,13937,201,0,0,189,0,12,0,1,16.5,6,20.5,35,36.5,69,91,33,55,23,0
CRS3035RES200mN2530200E3915600,CRS3035RES1000mN2530000E3915000,CRS3035RES1000mN2530000E3915000,0,0,69385,487.5,218,13,87,19,101,25,14569782.4,18509,208,10,5,0,113,100,0,43,22,7.5,21,53,55,70,104,66,66,23,0
CRS3035RES200mN2530200E3915800,CRS3035RES1000mN2530000E3915000,CRS3035RES1000mN2530000E3915000,0,0,69385,254,125,7,49,6,91,13,8815092.5,11448,111,14,10,2,94,19,0,0,6,5.5,12,14.5,21,32,47,30,60,26,0
CRS3035RES200mN2530200E3916000,CRS3035RES1000mN2530000E3916000,CRS3035RES1000mN2530000E3916000,0,0,69385,329.5,147,34,55,10,30,27,7809057.6,10983,114,33,28,56,0,63,0,92,17.5,6,17.5,33.5,35,57,70,44,32,17,0
CRS3035RES200mN2530200E3916200,CRS3035RES1000mN2530000E3916000,CRS3035RES1000mN2530000E3916000,1,0,69385,28,9.7,0,0.6,1.8,8.5,1.8,1046247.2,1425.6,1.8,7.9,7.3,0,1.2,1.2,0,0,1.2,0.6,3,3.7,1.2,3.1,7.3,2.4,3.1,2.4,0
CRS3035RES200mN2530200E3916400,CRS3035RES1000mN2530000E3916000,CRS3035RES1000mN2530000E3916000,1,0,69385,18,6.3,0,0.4,1.2,5.5,1.2,672587.5,916.4,1.2,5.1,4.7,0,0.8,0.8,0,0,0.8,0.4,1.9,2.3,0.8,1.9,4.7,1.6,2,1.6,0
CRS3035RES200mN2530200E3916600,CRS3035RES1000mN2530000E3916000,CRS3035RES1000mN2530000E3916000,0,0,69385,112,48,1,16,3,27,9,3563954.5,4222,42,6,3,0,0,45,0,0,6,5,6,9.5,12.5,22,20,16,13,2,0
CRS3035RES200mN2530200E3916800,CRS3035RES1000mN2530000E3916000,CRS3035RES1000mN2530000E3916000,0,0,"69385,69389",527,243,5,78,7,171,28,15787232.3,19214,234,9,37,109,43,54,0,0,20,10.5,29,33.5,50,108,111,54,71,40,0
CRS3035RES200mN2530200E3917000,CRS3035RES1000mN2530000E3917000,CRS3035RES1000mN2530000E3917000,0,0,"69385,69389",359.5,194,27,98,6,82,20,9315283.5,12796,170,24,182,1,1,10,0,34,6,5,18,29.5,31,88,89,31,45,17,0
CRS3035RES200mN2530200E3917200,CRS3035RES1000mN2530000E3917000,CRS3035RES1000mN2530000E3917000,0,0,"69385,69389",490,259,48,126,10,37,53,10093420.9,15792,252,7,39,217,2,1,0,176,23,10,27,38.5,44.5,97,93,63,66,28,0
CRS3035RES200mN2530200E3917400,CRS3035RES1000mN2530000E3917000,CRS3035RES1000mN2530000E3917000,0,0,69385,45.5,21,5,5,1,2,8,1107794.9,1660,20,1,8,2,5,6,0,6,3,0,5,4.5,5,10,9,5,1,3,0
CRS3035RES200mN2530200E3918000,CRS3035RES1000mN2530000E3918000,CRS3035RES1000mN2530000E3918000,0,0,69385,239,110,9,41,6,46,15,8599183.9,9978,104,6,46,11,0,53,0,0,3,2,9,24,33,48,63,32,20,5,0
CRS3035RES200mN2530200E3918200,CRS3035RES1000mN2530000E3918000,CRS3035RES1000mN2530000E3918000,0,0,69385,889.5,501,88,269,17,149,47,24047378.2,32805,498,3,481,0,4,16,0,77,24,13.5,43,62,85,267,173,91,103,28,0
CRS3035RES200mN2530200E3918400,CRS3035RES1000mN2530000E3918000,CRS3035RES1000mN2530000E3918000,0,0,"69382,69385",53,22,1,6,2,14,0,2187103.9,2947,22,0,22,0,0,0,0,0,3,1,2,3,3,13,5,6,12,5,0
CRS3035RES200mN2530200E3918600,CRS3035RES1000mN2530000E3918000,CRS3035RES1000mN2530000E3918000,0,0,69382,607,317,43,160,17,102,21,20714557.4,28854,317,0,317,0,0,0,0,0,19,6.5,28.5,46,70,171,112,47,75,32,0
CRS3035RES200mN2530200E3918800,CRS3035RES1000mN2530000E3918000,CRS3035RES1000mN2530000E3918000,0,0,69382,823,457,55,243,20,120,35,27902194,37249,455,2,412,29,15,0,1,7,30.5,12,39,53.5,81,241,161,61,104,40,0
CRS3035RES200mN2530200E3919000,CRS3035RES1000mN2530000E3919000,CRS3035RES200mN2530200E3919000,0,0,69382,299,156,14,75,5,43,11,10602955.1,15095,155,1,134,18,4,0,0,0,12,4,10.5,13.5,36,88,41,39,32,23,0
CRS3035RES200mN2530200E3919400,CRS3035RES1000mN2530000E3919000,CRS3035RES200mN2530200E3919400,0,0,69383,531.5,250,20,101,15,109,10,19233838.5,23981,250,0,250,0,0,0,0,0,20,12,23,27.5,47,152,95,55,70,28,2
CRS3035RES200mN2530200E3919600,CRS3035RES1000mN2530000E3919000,CRS3035RES200mN2530200E3919600,0,0,69383,670.5,326,19,133,15,161,20,23836590.6,29258,322,4,167,128,8,22,1,3,46.5,14,39.5,42,38.5,154,138,54,87,57,0
CRS3035RES200mN2530200E3919800,CRS3035RES1000mN2530000E3919000,CRS3035RES200mN2530200E3919800,0,0,69383,564,316,32,163,5,124,18,19341226.9,24174,316,0,150,64,35,67,0,18,32,11.5,16.5,25,29,174,89,54,91,42,0
CRS3035RES200mN2530200E3920000,CRS3035RES1000mN2530000E3920000,CRS3035RES1000mN2530000E3920000,0,0,69383,385.5,215,26,121,9,80,12,11667129.2,13902,215,0,143,0,59,13,0,0,18,7.5,18.5,20.5,30,123,82,37,37,12,0
CRS3035RES200mN2530200E3920200,CRS3035RES1000mN2530000E3920000,CRS3035RES1000mN2530000E3920000,0,0,69383,384,184,34,81,11,47,25,8700856.8,13180,184,0,10,30,144,0,0,95,16,10,18.5,31.5,31,74,69,56,53,25,0
CRS3035RES200mN2530200E3920600,CRS3035RES1000mN2530000E3920000,CRS3035RES1000mN2530000E3920000,1,0,69383,6,4.1,1,2.9,0.1,1,0.2,131229.7,207.3,4.1,0,0,0,4.1,0,0,0,0.1,0,0.5,0.1,0.6,1.7,1.2,1.1,0.6,0.1,0
CRS3035RES200mN2530200E3920800,CRS3035RES1000mN2530000E3920000,CRS3035RES1000mN2530000E3920000,0,0,69383,245,101,34,35,9,11,19,4119842.8,7233,101,0,0,0,101,0,0,29,13,3,19,30,30,45,59,19,21,6,0
CRS3035RES200mN2530200E3921000,CRS3035RES1000mN2530000E3921000,CRS3035RES1000mN2530000E3921000,1,0,69383,161.5,93.7,11.7,52.7,3.9,19.5,17.6,3442856.5,5402.2,93.7,0,0,87.8,0,5.9,0,5.9,10.7,4.4,4.9,9.7,17.6,46.8,24.4,20.5,13.7,7.8,1
CRS3035RES200mN2530200E3921200,CRS3035RES1000mN2530000E3921000,CRS3035RES1000mN2530000E3921000,0,0,69383,565.5,236,33,89,24,59,36,11956090.2,18816,236,0,0,0,45,191,0,168,30,17,43.5,64,43,94,110,47,73,43,1
CRS3035RES200mN2530200E3921400,CRS3035RES1000mN2530000E3921000,CRS3035RES1000mN2530000E3921000,0,0,69383,860.5,407,52,167,17,110,54,21484071.7,30479,407,0,51,54,111,191,0,122,47.5,23.5,46,53,81.5,196,154,105,111,42,1
CRS3035RES200mN2530200E3921600,CRS3035RES1000mN2530000E3921000,CRS3035RES1000mN2530000E3921000,0,0,"69383,69266",1041,489,28,200,18,322,41,30742258.8,38104,489,0,4,0,387,98,0,29,46,20.5,55.5,87.5,77.5,233,228,127,118,48,0
CRS3035RES200mN2530200E3921800,CRS3035RES1000mN2530000E3921000,CRS3035RES1000mN2530000E3921000,0,0,"69266,69383",616,270,44,106,28,116,42,14257811.7,18885,267,3,9,38,71,152,0,91,49,21,41.5,52.5,47,131,126,68,53,27,0
CRS3035RES200mN2530400E3915000,CRS3035RES1000mN2530000E3915000,CRS3035RES1000mN2530000E3915000,0,0,"69244,69385",400.5,206,9,91,4,166,27,12589171.1,17407,204,2,1,75,68,62,0,0,13,5,10.5,30.5,31.5,51,81,63,79,36,0
CRS3035RES200mN2530400E3915200,CRS3035RES1000mN2530000E3915000,CRS3035RES1000mN2530000E3915000,0,0,69385,303,152,8,64,9,120,9,8706880.2,12544,147,5,3,5,140,4,0,0,8,5,19.5,16.5,18,31,56,40,78,31,0
CRS3035RES200mN2530400E3915400,CRS3035RES1000mN2530000E3915000,CRS3035RES1000mN2530000E3915000,0,0,69385,157,77,4,33,3,55,11,4229996.2,6327,76,1,1,76,0,0,0,0,9,3,3,13.5,8.5,23,38,13,32,14,0
CRS3035RES200mN2530400E3915600,CRS3035RES1000mN2530000E3915000,CRS3035RES1000mN2530000E3915000,0,0,69385,178,90,9,39,2,51,13,4933300,7025,84,6,2,1,46,41,0,0,9,3,7,15,11,41,38,22,17,15,0
CRS3035RES200mN2530400E3915800,CRS3035RES1000mN2530000E3915000,CRS3035RES1000mN2530000E3915000,0,0,69385,438.5,211,10,76,7,160,27,13259360.6,17658,209,2,12,154,45,0,0,0,19.5,7,20.5,37,27.5,67,83,66,66,44,1
CRS3035RES200mN2530400E3916000,CRS3035RES1000mN2530000E3916000,CRS3035RES1000mN2530000E3916000,0,0,69385,261.5,144,16,77,6,43,18,5826010.4,9989,141,3,2,33,35,74,0,91,6,5,13.5,19,17,31,51,34,47,38,0
CRS3035RES200mN2530400E3916200,CRS3035RES1000mN2530000E3916000,CRS3035RES1000mN2530000E3916000,0,0,69385,143.5,79,2,34,2,14,11,3860306.9,4662,79,0,0,0,0,79,0,0,7,2.5,7.5,5.5,9,60,22,11,16,3,0
CRS3035RES200mN2530400E3916400,CRS3035RES1000mN2530000E3916000,CRS3035RES1000mN2530000E3916000,0,0,69385,34,11,0,0,1,10,0,1250475.5,1548,0,11,0,5,6,0,0,0,1,1,0,4,3,2,7,6,6,4,0
CRS3035RES200mN2530400E3916600,CRS3035RES1000mN2530000E3916000,CRS3035RES1000mN2530000E3916000,0,0,"69385,69389",62,19,2,5,5,18,1,1738911.2,2389,3,16,7,8,2,2,0,0,3,3,2,10,9,5,15,2,5,8,0
CRS3035RES200mN2530400E3916800,CRS3035RES1000mN2530000E3916000,CRS3035RES1000mN2530000E3916000,0,0,"69389,69385",102,41,1,14,5,34,4,3851139.7,4138,17,24,3,12,9,17,0,0,5,3,7,8,10,20,20,12,14,3,0
CRS3035RES200mN2530400E3917000,CRS3035RES1000mN2530000E3917000,CRS3035RES1000mN2530000E3917000,0,0,"69385,69389",194,90,6,32,5,56,13,5546870.8,7134,85,5,5,2,49,34,0,0,7,4,10.5,24,10.5,40,42,17,32,7,0
CRS3035RES200mN2530400E3917200,CRS3035RES1000mN2530000E3917000,CRS3035RES1000mN2530000E3917000,1,0,69385,14.5,5.9,0.9,2.2,0.9,4.3,0.3,520230.4,655.9,1.9,4,4.3,1.3,0.3,0,0,0,0.3,0,2,2,0.3,1.2,4.3,1.3,3.1,0,0
CRS3035RES200mN2530400E3917400,CRS3035RES1000mN2530000E3917000,CRS3035RES1000mN2530000E3917000,0,0,69385,200.5,105,4,52,1,75,5,6595891.3,8035,104,1,0,1,103,1,0,0,15,2,10,6.5,15,32,39,32,42,7,0
CRS3035RES200mN2530400E3917600,CRS3035RES1000mN2530000E3917000,CRS3035RES1000mN2530000E3917000,0,0,69385,302.5,141,7,56,9,98,15,9688303.1,11868,141,0,0,80,61,0,0,0,8,5.5,8.5,33.5,31,42,57,61,35,21,0
CRS3035RES200mN2530400E3917800,CRS3035RES1000mN2530000E3917000,CRS3035RES1000mN2530000E3917000,0,0,69385,48.5,23,6,10,2,10,3,1260634.9,1543,20,3,23,0,0,0,0,0,0,1,3,5.5,5,11,12,6,3,2,0
CRS3035RES200mN2530400E3918000,CRS3035RES1000mN2530000E3918000,CRS3035RES1000mN2530000E3918000,1,0,69385,1,0.6,0.1,0.4,0,0.2,0,34324.5,66.4,0.5,0.1,0.5,0,0,0.1,0,0,0,0,0,0.1,0.2,0.2,0.1,0.2,0,0.2,0
CRS3035RES200mN2530400E3918200,CRS3035RES1000mN2530000E3918000,CRS3035RES1000mN2530000E3918000,0,0,69385,342.5,170,28,81,11,45,22,9154977.4,13132,169,1,137,21,0,12,0,30,16,8,19.5,37.5,30.5,75,73,28,37,18,0
CRS3035RES200mN2530400E3918400,CRS3035RES1000mN2530000E3918000,CRS3035RES1000mN2530000E3918000,0,0,"69385,69382",125,68,8,35,2,27,7,4004981.9,5980,68,0,68,0,0,0,0,6,2,1.5,1.5,12,16,23,29,13,23,4,0
CRS3035RES200mN2530400E3918600,CRS3035RES1000mN2530000E3918000,CRS3035RES1000mN2530000E3918000,0,0,"69382,69385",338.5,191,24,95,5,51,20,10362572.8,14617,191,0,185,0,6,0,0,30,4,7,9.5,14,47,102,59,37,43,16,0
CRS3035RES200mN2530400E3918800,CRS3035RES1000mN2530000E3918000,CRS3035RES1000mN2530000E3918000,0,0,69382,984,561,85,314,14,128,56,27401646.6,37955,560,1,457,15,65,24,0,84,50,24,37,54.5,104,328,178,63.5,93,51,1
CRS3035RES200mN2530400E3919000,CRS3035RES1000mN2530000E3919000,CRS3035RES200mN2530400E3919000,0,0,69382,599.5,317,30,144,10,120,26,20866488.8,27149,317,0,296,2,15,4,0,19,15,9,18,41.5,61,157,109,63,90,36,0
CRS3035RES200mN2530400E3919200,CRS3035RES1000mN2530000E3919000,CRS3035RES200mN2530400E3919200,0,0,"69382,69383",238,116,21,53,7,36,13,7708806.5,11165,116,0,116,0,0,0,0,7,13,7,10,19,25,59,47,24,21,13,0
CRS3035RES200mN2530400E3919400,CRS3035RES1000mN2530000E3919000,CRS3035RES200mN2530400E3919400,0,0,69383,303.5,151,8,65,9,63,4,11602387.2,16421,151,0,151,0,0,0,0,12,11,6,11.5,16,20,82,51,28,54,24,0
CRS3035RES200mN2530400E3919600,CRS3035RES1000mN2530000E3919000,CRS3035RES200mN2530400E3919600,0,0,69383,839.5,406,54,176,25,182,18,28695556,37501,406,0,265,0,0,140,1,9,51,16,44,50,68.5,244,140,75,115,35,1
CRS3035RES200mN2530400E3919800,CRS3035RES1000mN2530000E3919000,CRS3035RES200mN2530400E3919800,0,0,69383,1096.5,548,43,242,23,265,48,36014595.5,44742,548,0,235,146,50,117,0,58,52.5,17,54.5,72,91.5,254,209,103,154,89,0
CRS3035RES200mN2530400E3920000,CRS3035RES1000mN2530000E3920000,CRS3035RES1000mN2530000E3920000,0,0,69383,1014.5,464,41,188,27,195,43,32347175.9,36646,463,1,50,386,0,28,0,71,48.5,23.5,63.5,83,77,188,218,107,111,95,0
CRS3035RES200mN2530400E3920200,CRS3035RES1000mN2530000E3920000,CRS3035RES1000mN2530000E3920000,0,0,69383,397,208,36,120,14,70,15,10667393.5,11552,208,0,45,3,84,76,0,24,12,13,35,25.5,32.5,125,67,38,39,10,0
CRS3035RES200mN2530400E3920400,CRS3035RES1000mN2530000E3920000,CRS3035RES1000mN2530000E3920000,0,0,69383,277.5,180,23,115,2,49,7,7473850.5,10307,179,1,180,0,0,0,0,0,8,4.5,4.5,4.5,42,129,37,19,26,3,0
CRS3035RES200mN2530400E3920600,CRS3035RES1000mN2530000E3920000,CRS3035RES1000mN2530000E3920000,0,0,"69383,69386",290,145,17,81,11,39,17,6896910.5,10376,144,1,52,49,44,0,0,44,8,5,19,32,29,53,61,28,35,20,0
CRS3035RES200mN2530400E3920800,CRS3035RES1000mN2530000E3920000,CRS3035RES1000mN2530000E3920000,1,0,"69383,69386",52.5,36.2,8.8,25.6,0.9,8.8,1.8,1148259.5,1814.1,36.2,0,0,0,36.2,0,0,0,0.9,0,3.9,0.9,5.3,15,10.6,9.7,5.3,0.9,0
CRS3035RES200mN2530400E3921000,CRS3035RES1000mN2530000E3921000,CRS3035RES1000mN2530000E3921000,0,0,"69383,69386",345,189,36,99,8,36,19,7661509.4,11882,189,0,0,156,0,33,0,30,15.5,2.5,13.5,20.5,39,113,56,37,36,12,0
CRS3035RES200mN2530400E3921200,CRS3035RES1000mN2530000E3921000,CRS3035RES1000mN2530000E3921000,0,0,"69383,69386",895,486,37,247,15,254,26,26189737.1,34824,484,2,66,108,311,1,0,0,37.5,10,36,51.5,71,222,164,96,126,80,1
CRS3035RES200mN2530400E3921400,CRS3035RES1000mN2530000E3921000,CRS3035RES1000mN2530000E3921000,0,0,"69383,69386",1468.5,761,83,358,20,316,56,41377928.2,51355,760,1,164,22,69,506,0,94,79,34,61,84,108.5,508,249,133,144,67,1
CRS3035RES200mN2530400E3921600,CRS3035RES1000mN2530000E3921000,CRS3035RES1000mN2530000E3921000,0,0,"69383,69266,69386",1077,614,118,351,13,183,50,26962392.9,36606,611,3,314,3,88,209,0,26,51.5,27,40.5,63.5,126.5,393,187,80,71,36,1
CRS3035RES200mN2530600E3915000,CRS3035RES1000mN2530000E3915000,CRS3035RES1000mN2530000E3915000,0,0,"69244,69385",313,183,8,102,3,124,17,9142412.2,13712,172,11,4,3,174,2,0,0,6,2,12,17,29,49,70,39,67,22,0
CRS3035RES200mN2530600E3915200,CRS3035RES1000mN2530000E3915000,CRS3035RES1000mN2530000E3915000,0,0,"69385,69244",401,218,12,104,4,160,24,12980601.3,19113,207,11,4,65,148,1,0,0,9,7,8,33,30,56,80,44,80,54,0
CRS3035RES200mN2530600E3915400,CRS3035RES1000mN2530000E3915000,CRS3035RES1000mN2530000E3915000,0,0,69385,562,246,52,96,21,42,51,10901506.3,17982,243,3,0,48,198,0,0,198,29,21.5,47,63.5,32,91,118,59,78,23,0
CRS3035RES200mN2530600E3915600,CRS3035RES1000mN2530000E3915000,CRS3035RES1000mN2530000E3915000,0,0,69385,709.5,385,21,176,7,273,49,19740980.1,29970,385,0,0,385,0,0,0,28,26,10,21.5,44,43,139,127,97,119,83,0
CRS3035RES200mN2530600E3915800,CRS3035RES1000mN2530000E3915000,CRS3035RES1000mN2530000E3915000,0,0,69385,117.5,47,10,18,6,4,9,2067949.6,2659,47,0,0,47,0,0,0,37,6,4,12,16.5,9,18,28,8,14,2,0
CRS3035RES200mN2530600E3916200,CRS3035RES1000mN2530000E3916000,CRS3035RES1000mN2530000E3916000,0,0,69385,1026,408,132,155,62,1,77,16195599.9,30172,408,0,0,0,408,0,0,407,45.5,44,88.5,116,77,176,206,125,120,28,0
CRS3035RES200mN2530600E3916400,CRS3035RES1000mN2530000E3916000,CRS3035RES1000mN2530000E3916000,0,0,"69385,69389",431.5,203,10,74,10,173,16,11996836.9,20853,200,3,0,0,203,0,0,0,20,9,22.5,28,21,70,71,46,86,58,0
CRS3035RES200mN2530600E3916600,CRS3035RES1000mN2530000E3916000,CRS3035RES1000mN2530000E3916000,0,0,"69389,69385",68.5,24,2,5,5,24,2,2265124.8,2441,0,24,0,24,0,0,0,0,4,4,8,5.5,3,5,18,5,8,8,0
CRS3035RES200mN2530600E3916800,CRS3035RES1000mN2530000E3916000,CRS3035RES1000mN2530000E3916000,0,0,69389,332.5,168,17,78,8,110,18,8679171.3,11672,150,18,0,155,8,5,0,0,10,6.5,18.5,26.5,34,86,64,32,37,18,0
CRS3035RES200mN2530600E3917000,CRS3035RES1000mN2530000E3917000,CRS3035RES1000mN2530000E3917000,1,0,"69385,69389",11,4.4,0.7,1.6,0.7,3.3,0.2,394657.6,497.6,1.4,3,3.3,0.9,0.2,0,0,0,0.2,0,1.5,1.5,0.2,0.9,3.3,1,2.4,0,0
CRS3035RES200mN2530600E3917200,CRS3035RES1000mN2530000E3917000,CRS3035RES1000mN2530000E3917000,1,0,"69385,69389",4,1.6,0.3,0.6,0.3,1.2,0.1,143511.8,180.9,0.5,1.1,1.2,0.3,0.1,0,0,0,0.1,0,0.6,0.6,0.1,0.3,1.2,0.3,0.8,0,0
CRS3035RES200mN2530600E3917400,CRS3035RES1000mN2530000E3917000,CRS3035RES1000mN2530000E3917000,0,0,69385,421,207,66,103,16,0,44,6552945,10074,207,0,0,207,0,0,0,207,28,7.5,37.5,52.5,27.5,82,91,43,43,9,0
CRS3035RES200mN2530600E3918000,CRS3035RES1000mN2530000E3918000,CRS3035RES1000mN2530000E3918000,1,0,69385,6,3.7,0.9,2.3,0,1.1,0,205946.9,398.6,2.8,0.9,2.8,0.3,0,0.6,0,0,0,0,0,0.3,1.1,1.4,0.9,1.1,0,1.2,0
CRS3035RES200mN2530600E3918200,CRS3035RES1000mN2530000E3918000,CRS3035RES1000mN2530000E3918000,0,0,69385,423.5,224,37,115,8,75,31,11550287.5,16033,222,2,192,5,18,9,0,26,15,6.5,24,36.5,51.5,113,91,44,37,5,0
CRS3035RES200mN2530600E3918400,CRS3035RES1000mN2530000E3918000,CRS3035RES1000mN2530000E3918000,0,0,69385,842.5,491,87,295,21,133,31,23364418.7,33998,490,1,457,2,14,18,0,63,24,13.5,42.5,45.5,79,279,165,91,86,17,0
CRS3035RES200mN2530600E3918600,CRS3035RES1000mN2530000E3918000,CRS3035RES1000mN2530000E3918000,1,0,"69382,69385",5,3.1,0.7,1.9,0,1,0,171622.4,332.1,2.4,0.7,2.4,0.2,0,0.5,0,0,0,0,0,0.2,0.9,1.2,0.7,1,0,1,0
CRS3035RES200mN2530600E3918800,CRS3035RES1000mN2530000E3918000,CRS3035RES1000mN2530000E3918000,0,0,69382,1011.5,572,82,315,17,175,40,30657486.5,43874,569,3,459,9,88,16,0,56,37,19.5,47,54,98,318,166,86,130,56,0
CRS3035RES200mN2530600E3919000,CRS3035RES1000mN2530000E3919000,CRS3035RES200mN2530600E3919000,0,0,69382,261.5,151,21,83,5,48,12,8252844.9,11207,151,0,150,0,0,0,1,7,12.5,1,11.5,13.5,29,96,45,23,19,11,0
CRS3035RES200mN2530600E3919200,CRS3035RES1000mN2530000E3919000,CRS3035RES200mN2530600E3919200,0,0,"69382,69383",121,68,3,34,1,27,10,3728915.5,5979,68,0,62,6,0,0,0,8,7,3,3,5.5,14.5,37,15,12,22,2,0
CRS3035RES200mN2530600E3919400,CRS3035RES1000mN2530000E3919000,CRS3035RES200mN2530600E3919400,0,0,"69386,69383,69382",239,119,6,57,5,42,9,8549149.3,12021,119,0,118,0,0,0,1,0,8,9,8,17.5,21.5,67,46,20,26,16,0
CRS3035RES200mN2530600E3919600,CRS3035RES1000mN2530000E3919000,CRS3035RES200mN2530600E3919600,0,0,"69386,69383",1257.5,604,45,265,39,265,35,42998506.5,53673,602,2,542,13,8,31,10,27,64,23.5,60,94,98,337,211,128,155,87,0
CRS3035RES200mN2530600E3919800,CRS3035RES1000mN2530000E3919000,CRS3035RES200mN2530600E3919800,0,0,"69386,69383",945,436,26,177,36,245,25,34835919.1,43620,434,2,207,128,34,67,0,0,34,23,51.5,75.5,76,174,187,80,167,77,0
CRS3035RES200mN2530600E3920000,CRS3035RES1000mN2530000E3920000,CRS3035RES1000mN2530000E3920000,0,0,"69386,69383",794,472,22,289,16,246,24,27228390.4,31238,472,0,215,14,186,57,0,12,29,14,31,37.5,47.5,181,124,67,89,174,0
CRS3035RES200mN2530600E3920200,CRS3035RES1000mN2530000E3920000,CRS3035RES1000mN2530000E3920000,0,0,"69386,69383",772.5,366,22,147,19,184,29,25633817.8,29635,366,0,99,76,147,44,0,0,42.5,18,41,49,56,207,140,80,88,51,0
CRS3035RES200mN2530600E3920400,CRS3035RES1000mN2530000E3920000,CRS3035RES1000mN2530000E3920000,0,0,"69386,69383",395,220,21,120,4,85,9,12502086.7,15067,220,0,114,14,31,61,0,38,16.5,3.5,13.5,22.5,34,117,87,35,40,26,0
CRS3035RES200mN2530600E3920600,CRS3035RES1000mN2530000E3920000,CRS3035RES1000mN2530000E3920000,0,0,"69386,69383",1189.5,644,87,354,25,182,67,33141058.5,41696,643,1,297,99,182,65,1,132,59.5,23.5,55,82.5,125,310,240,101,130,62,1
CRS3035RES200mN2530600E3920800,CRS3035RES1000mN2530000E3920000,CRS3035RES1000mN2530000E3920000,0,0,69386,917,448,67,196,26,156,60,25106835.5,33192,448,0,275,173,0,0,0,108,43,22.5,44.5,78.5,72.5,211,189,95,97,64,0
CRS3035RES200mN2530600E3921000,CRS3035RES1000mN2530000E3921000,CRS3035RES1000mN2530000E3921000,0,0,69386,267,134,17,66,9,66,9,8215935.8,9533,134,0,11,0,25,98,0,0,7,5,8,28,27,38,57,25,53,19,0
CRS3035RES200mN2530600E3921200,CRS3035RES1000mN2530000E3921000,CRS3035RES1000mN2530000E3921000,0,0,69386,651.5,365,48,192,8,141,28,19845806,24084,358,7,135,58,92,73,7,28,27.5,15,18.5,30.5,66,223,102,45,82,42,0
CRS3035RES200mN2530600E3921400,CRS3035RES1000mN2530000E3921000,CRS3035RES1000mN2530000E3921000,0,0,69386,977.5,516,88,275,26,112,74,22721067.2,29408,510,6,281,103,21,111,0,135,39,15.5,50.5,101.5,107,284,197,80,76,24,3
CRS3035RES200mN2530600E3921600,CRS3035RES1000mN2530000E3921000,CRS3035RES1000mN2530000E3921000,0,0,"69266,69386",1069,573,97,323,27,127,52,23483816.8,32396,571,2,309,47,83,134,0,173,50.5,23,59,71.5,112,347,195,106,81,23,1
CRS3035RES200mN2530800E3915200,CRS3035RES1000mN2530000E3915000,CRS3035RES1000mN2530000E3915000,0,0,"69385,69244",88,46,1,18,1,34,0,3090158,5081,39,7,3,5,14,24,0,0,1,1,4,6,3,4,14,13,26,16,0
CRS3035RES200mN2530800E3915400,CRS3035RES1000mN2530000E3915000,CRS3035RES1000mN2530000E3915000,0,0,69385,477,210,28,78,18,62,36,10047165.3,16349,210,0,0,157,53,0,0,140,23,9,36.5,49,43.5,70,80,49,79,38,0
CRS3035RES200mN2530800E3915600,CRS3035RES1000mN2530000E3915000,CRS3035RES1000mN2530000E3915000,0,0,"69385,69389",345,166,29,73,9,48,38,6784077.2,10253,166,0,0,166,0,0,0,84,24,13,20,35.5,25.5,69,67,28,36,26,1
CRS3035RES200mN2530800E3915800,CRS3035RES1000mN2530000E3915000,CRS3035RES1000mN2530000E3915000,0,0,"69385,69389",621,266,36,92,27,5,45,11635305.9,19954,263,3,1,2,263,0,0,0,36,31,36.5,61.5,41,94,101,78,95,45,2
CRS3035RES200mN2530800E3916000,CRS3035RES1000mN2530000E3916000,CRS3035RES1000mN2530000E3916000,0,0,"69385,69389",317,166,13,75,5,125,17,8205447.5,12469,166,0,0,0,166,0,0,0,14.5,6,15,19.5,21,57,51,37,60,36,0
CRS3035RES200mN2530800E3916600,CRS3035RES1000mN2530000E3916000,CRS3035RES1000mN2530000E3916000,0,0,69389,1283.5,542,131,195,60,2,120,21564189.7,32292,542,0,0,498,0,44,0,540,106.5,63,107.5,123,84.5,279,217,116,126,56,5
CRS3035RES200mN2530800E3916800,CRS3035RES1000mN2530000E3916000,CRS3035RES1000mN2530000E3916000,0,0,69389,276.5,137,11,52,4,85,17,7408917.9,10485,137,0,0,0,98,39,0,10,20,8,8,16.5,16,81,50,19,49,9,0
CRS3035RES200mN2530800E3917000,CRS3035RES1000mN2530000E3917000,CRS3035RES1000mN2530000E3917000,1,0,"69385,69389",3,1.2,0.2,0.4,0.2,0.9,0.1,107633.9,135.7,0.4,0.8,0.9,0.2,0.1,0,0,0,0.1,0,0.4,0.4,0.1,0.2,0.9,0.3,0.6,0,0
CRS3035RES200mN2530800E3917400,CRS3035RES1000mN2530000E3917000,CRS3035RES1000mN2530000E3917000,1,0,"69385,69389",7,2.8,0.4,1,0.4,2.1,0.1,251145.7,316.6,0.9,1.9,2.1,0.6,0.1,0,0,0,0.1,0,1,1,0.1,0.6,2.1,0.6,1.5,0,0
CRS3035RES200mN2530800E3917600,CRS3035RES1000mN2530000E3917000,CRS3035RES1000mN2530000E3917000,1,0,"69385,69389",7.5,3,0.5,1.1,0.5,2.2,0.2,269084.7,339.3,0.9,2.1,2.2,0.6,0.2,0,0,0,0.2,0,1,1,0.2,0.6,2.2,0.7,1.6,0,0
CRS3035RES200mN2530800E3917800,CRS3035RES1000mN2530000E3917000,CRS3035RES1000mN2530000E3917000,0,0,"69385,69389",43,13,3,3,2,8,0,1434150.6,1782,10,3,13,0,0,0,0,0,4,0,5,5,2,3,7,9,5,0,3
CRS3035RES200mN2530800E3918000,CRS3035RES1000mN2530000E3918000,CRS3035RES1000mN2530000E3918000,1,0,69385,9,5.6,1.3,3.4,0,1.7,0,308920.3,597.9,4.3,1.3,4.3,0.4,0,0.9,0,0,0,0,0,0.4,1.7,2.2,1.3,1.7,0,1.7,0
CRS3035RES200mN2530800E3918200,CRS3035RES1000mN2530000E3918000,CRS3035RES1000mN2530000E3918000,0,0,69385,103.5,55,12,29,2,12,11,2442612.2,3644,54,1,41,13,0,1,0,22,3,0,1,10.5,15,30,22,10,8,4,0
CRS3035RES200mN2530800E3918400,CRS3035RES1000mN2530000E3918000,CRS3035RES1000mN2530000E3918000,0,0,69385,769,447,89,264,17,123,38,19717420.4,27704,447,0,443,0,0,4,0,81,26.5,13.5,34.5,47,75.5,272,159,66,56,19,0
CRS3035RES200mN2530800E3918600,CRS3035RES1000mN2530000E3918000,CRS3035RES1000mN2530000E3918000,0,0,"69381,69385,69382",237.5,127,16,61,2,46,7,7339477.6,10096,127,0,125,0,0,2,0,0,9,4,4,16.5,20,72,47,28,28,9,0
CRS3035RES200mN2530800E3918800,CRS3035RES1000mN2530000E3918000,CRS3035RES1000mN2530000E3918000,0,0,"69381,69382",878.5,525,76,301,11,136,33,24942636.8,35856,525,0,487,11,13,13,1,29,25,7,23.5,39,102,352,154,71,77,27,1
CRS3035RES200mN2530800E3919000,CRS3035RES1000mN2530000E3919000,CRS3035RES200mN2530800E3919000,0,0,"69382,69381",731.5,401,65,219,12,61,29,21026934.8,28661,401,0,380,13,8,0,0,45,21,14,37,37.5,80,274,145,54,50,19,0
CRS3035RES200mN2530800E3919200,CRS3035RES1000mN2530000E3919000,CRS3035RES200mN2530800E3919200,0,0,"69382,69381",131.5,69,11,31,2,15,8,3865277.9,5673,69,0,69,0,0,0,0,19,3,2,6,8.5,17,47,30,9,7,2,0
CRS3035RES200mN2530800E3919400,CRS3035RES1000mN2530000E3919000,CRS3035RES200mN2530800E3919400,0,0,"69386,69382,69381",296.5,137,7,52,11,70,8,10900784.8,14675,137,0,137,0,0,0,0,0,8,4,12.5,31,16,60,56,39,53,17,0
CRS3035RES200mN2530800E3919600,CRS3035RES1000mN2530000E3919000,CRS3035RES200mN2530800E3919600,0,0,69386,1248,668,85,353,25,233,45,39450530.1,46191,666,2,613,11,0,44,0,30,52.5,29,60,82.5,106,386,242,109,122,59,0
CRS3035RES200mN2530800E3919800,CRS3035RES1000mN2530000E3919000,CRS3035RES200mN2530800E3919800,0,0,69386,493,239,18,106,11,102,19,18000153.8,19797,239,0,84,32,33,90,0,10,19,7,21.5,37,47.5,121,98,51,56,35,0
CRS3035RES200mN2530800E3920000,CRS3035RES1000mN2530000E3920000,CRS3035RES1000mN2530000E3920000,0,0,69386,1311.5,616,66,262,35,288,57,40804138.3,47952,616,0,50,36,438,92,0,111,63,28,54.5,112,100,237,260,168,199,90,0
CRS3035RES200mN2530800E3920200,CRS3035RES1000mN2530000E3920000,CRS3035RES1000mN2530000E3920000,0,0,69386,991,486,37,203,20,246,37,31505007.6,37331,485,1,11,126,348,0,1,38,40.5,17,55,63.5,73,229,183,97,136,97,0
CRS3035RES200mN2530800E3920400,CRS3035RES1000mN2530000E3920000,CRS3035RES1000mN2530000E3920000,0,0,69386,1135.5,601,85,312,23,169,58,31823978,40333,601,0,201,142,192,66,0,152,33.5,20,53.5,83.5,86,318,221,140,128,49,3
CRS3035RES200mN2530800E3920600,CRS3035RES1000mN2530000E3920000,CRS3035RES1000mN2530000E3920000,0,0,69386,1000,551,71,307,21,113,43,28093974.3,35255,550,1,432,1,80,38,0,99,35.5,19.5,44.5,70.5,92,303,221,101,73,37,3
CRS3035RES200mN2530800E3920800,CRS3035RES1000mN2530000E3920000,CRS3035RES1000mN2530000E3920000,0,0,69386,470,200,10,59,13,128,24,16732475.9,20024,199,1,182,18,0,0,0,18,20.5,15.5,33,39,39,66,91,60,73,33,0
CRS3035RES200mN2530800E3921000,CRS3035RES1000mN2530000E3921000,CRS3035RES1000mN2530000E3921000,1,0,69386,4,2.3,0.3,1.3,0.1,0.5,0.4,85272,133.8,2.3,0,0,2.2,0,0.1,0,0.1,0.3,0.1,0.1,0.3,0.4,1.2,0.6,0.5,0.3,0.2,0
CRS3035RES200mN2530800E3921200,CRS3035RES1000mN2530000E3921000,CRS3035RES1000mN2530000E3921000,0,0,69386,523,286,28,155,8,112,13,15664953.6,20142,284,2,121,4,51,109,1,1,20,6,18,30,54,147,97,67,65,19,0
CRS3035RES200mN2530800E3921400,CRS3035RES1000mN2530000E3921000,CRS3035RES1000mN2530000E3921000,0,0,"69386,69266",1046,515,66,256,28,229,50,30314846.2,34880,508,7,200,18,27,270,0,18,66.5,31.5,66.5,76,95.5,339,189,89,70,23,0
CRS3035RES200mN2530800E3921600,CRS3035RES1000mN2530000E3921000,CRS3035RES1000mN2530000E3921000,0,0,"69266,69386",847,434,62,218,19,170,44,20034759.2,25368,431,3,129,123,25,157,0,21,35.5,15.5,50,56,78,287,159,63,73,29,1
CRS3035RES200mN2531000E3915200,CRS3035RES1000mN2531000E3915000,CRS3035RES1000mN2531000E3915000,0,0,"69244,69389,69385",198,92,8,34,5,69,12,4682179.3,6774,87,5,5,87,0,0,0,0,8,3,5.5,21.5,20,37,34,31,29,9,0
CRS3035RES200mN2531000E3915400,CRS3035RES1000mN2531000E3915000,CRS3035RES1000mN2531000E3915000,0,0,"69389,69385",517.5,249,35,112,17,171,24,12462737.8,17280,246,3,2,148,98,1,0,2,26,12.5,32.5,27.5,63,129,101,35,71,20,0
CRS3035RES200mN2531000E3915600,CRS3035RES1000mN2531000E3915000,CRS3035RES1000mN2531000E3915000,0,0,"69389,69385",411,193,10,79,11,138,18,10636131.3,15707,193,0,0,3,190,0,0,15,16,11,27.5,30,24.5,85,65,50,75,27,0
CRS3035RES200mN2531000E3915800,CRS3035RES1000mN2531000E3915000,CRS3035RES1000mN2531000E3915000,0,0,69389,118,88,7,75,3,13,1,2960620.9,4333,78,10,0,11,76,1,0,0,0,0,8,5,5,2,11,10,12,65,0
CRS3035RES200mN2531000E3916000,CRS3035RES1000mN2531000E3916000,CRS3035RES1000mN2531000E3916000,1,0,69389,1,0.5,0,0.3,0,0.4,0,27137.2,51,0.1,0.4,0.3,0.1,0,0.1,0,0,0.1,0,0.1,0,0,0.3,0.2,0.1,0,0.2,0
CRS3035RES200mN2531000E3916400,CRS3035RES1000mN2531000E3916000,CRS3035RES1000mN2531000E3916000,1,0,69389,3,1.6,0.1,0.9,0.1,1.2,0,81411.5,153.1,0.4,1.2,1,0.3,0,0.3,0,0,0.3,0.1,0.3,0.1,0,0.8,0.5,0.3,0.1,0.5,0
CRS3035RES200mN2531000E3916600,CRS3035RES1000mN2531000E3916000,CRS3035RES1000mN2531000E3916000,0,0,69389,210,90,17,37,11,0,18,3542882.5,6167,83,7,0,90,0,0,0,19,16,7,14.5,20.5,17,39,34,20,24,18,0
CRS3035RES200mN2531000E3916800,CRS3035RES1000mN2531000E3916000,CRS3035RES1000mN2531000E3916000,0,0,69389,96,48,3,17,0,37,5,2808720.2,3798,48,0,0,0,36,12,0,0,4,1,3,5,5,22,13,9,27,7,0
CRS3035RES200mN2531000E3917000,CRS3035RES1000mN2531000E3917000,CRS3035RES1000mN2531000E3917000,0,0,69389,275,147,11,74,3,100,9,7845604.5,11119,139,8,6,139,0,2,0,1,8,4,14,14,21,74,49,34,37,20,0
CRS3035RES200mN2531000E3917200,CRS3035RES1000mN2531000E3917000,CRS3035RES1000mN2531000E3917000,0,0,69389,210,121,8,64,3,71,8,6311050.9,9376,116,5,9,0,107,4,1,0,10,6,9,10,10,54,42,18,40,11,0
CRS3035RES200mN2531000E3917400,CRS3035RES1000mN2531000E3917000,CRS3035RES1000mN2531000E3917000,0,0,"69389,69385",75,37,8,22,3,13,1,2204415.9,2653,28,9,31,5,0,0,1,0,2,0,5,7,10,24,12,12,2,1,0
CRS3035RES200mN2531000E3917600,CRS3035RES1000mN2531000E3917000,CRS3035RES1000mN2531000E3917000,0,0,"69389,69385,69381",247,142,16,78,1,65,11,7205364.2,9652,134,8,129,3,1,8,1,18,14,4,14.5,10.5,12,96,50,16,26,4,0
CRS3035RES200mN2531000E3917800,CRS3035RES1000mN2531000E3917000,CRS3035RES1000mN2531000E3917000,0,0,"69385,69389,69381",271,133,23,63,9,48,15,7953824.5,10332,117,16,101,0,1,31,0,29,12,4,15.5,29.5,27,75,65,27,16,0,0
CRS3035RES200mN2531000E3918000,CRS3035RES1000mN2531000E3918000,CRS3035RES200mN2531000E3918000,0,0,69385,413,231,39,119,5,121,16,12086772.3,16735,229,2,228,2,1,0,0,39,21,9,13.5,15.5,33,122,85,48,54,12,0
CRS3035RES200mN2531000E3918200,CRS3035RES1000mN2531000E3918000,CRS3035RES200mN2531000E3918200,0,0,69385,202.5,113,17,64,7,41,9,5757803.3,7600,112,1,101,6,0,6,0,0,3,5,10,6,29.5,69,36,18,16,10,0
CRS3035RES200mN2531000E3918400,CRS3035RES1000mN2531000E3918000,CRS3035RES200mN2531000E3918400,0,0,"69385,69381",416,226,32,113,10,73,13,11959009.9,16008,226,0,226,0,0,0,0,0,15,3.5,22,24.5,43,152,65,40,37,14,0
CRS3035RES200mN2531000E3918600,CRS3035RES1000mN2531000E3918000,CRS3035RES200mN2531000E3918600,0,0,"69381,69385",908.5,464,59,214,17,191,34,27434738.3,37807,463,1,442,0,0,17,5,52,39.5,15,48.5,52,85.5,255,171,102,105,34,1
CRS3035RES200mN2531000E3918800,CRS3035RES1000mN2531000E3918000,CRS3035RES200mN2531000E3918800,0,0,69381,544.5,342,55,222,11,92,21,15202159.5,21872,342,0,297,43,0,2,0,59,9,5,15,25,69.5,200,105,44,54,18,0
CRS3035RES200mN2531000E3919000,CRS3035RES1000mN2531000E3919000,CRS3035RES200mN2531000E3919000,0,0,69381,524.5,291,40,151,11,77,31,15521764.6,20920,291,0,277,11,0,3,0,20,18,4,23.5,38,57,190,98,39,42,15,0
CRS3035RES200mN2531000E3919200,CRS3035RES1000mN2531000E3919000,CRS3035RES200mN2531000E3919200,0,0,69381,438.5,240,39,127,10,81,18,13741176,18807,240,0,210,0,0,29,1,14,11,7,13.5,25.5,59.5,169,82,36,25,10,0
CRS3035RES200mN2531000E3919400,CRS3035RES1000mN2531000E3919000,CRS3035RES200mN2531000E3919400,0,0,"69386,69381",306.5,135,6,48,8,69,12,12053382.1,16043,134,1,133,0,0,1,1,0,13.5,5,12,21,33,68,55,45,40,14,0
CRS3035RES200mN2531000E3919600,CRS3035RES1000mN2531000E3919000,CRS3035RES200mN2531000E3919600,0,0,69386,1134,536,37,234,34,198,35,39694062,46776,536,0,536,0,0,0,0,16,53,32,56.5,81.5,92,294,221,123,132,49,0
CRS3035RES200mN2531000E3919800,CRS3035RES1000mN2531000E3919000,CRS3035RES200mN2531000E3919800,0,0,69386,1214.5,602,54,269,28,227,65,42235506.4,47548,601,1,390,23,118,71,0,6,56.5,26.5,59,82,99.5,302,230,142,154,62,1
CRS3035RES200mN2531000E3920000,CRS3035RES1000mN2531000E3920000,CRS3035RES200mN2531000E3920000,0,0,69386,871.5,413,30,181,22,191,35,30202101.8,33844,412,1,200,50,75,87,1,32,39,16,40,66.5,84,224,168,89,93,52,0
CRS3035RES200mN2531000E3920200,CRS3035RES1000mN2531000E3920000,CRS3035RES200mN2531000E3920200,0,0,69386,1726,856,168,412,51,253,125,40913069.3,56340,856,0,263,202,271,120,0,334,72.5,46.5,107,143,138.5,371,332,162.5,214,138,1
CRS3035RES200mN2531000E3920400,CRS3035RES1000mN2531000E3920000,CRS3035RES200mN2531000E3920400,0,0,69386,830.5,541,104,363,12,143,35,22772025.5,29853,540,1,282,56,85,118,0,112,19,9,26,46.5,67,258,137,72,117,79,0
CRS3035RES200mN2531000E3920600,CRS3035RES1000mN2531000E3920000,CRS3035RES200mN2531000E3920600,0,0,69386,1402,839,109,505,20,224,54,40234750,48808,836,3,763,44,10,19,3,60,51,20.5,59.5,62.5,126.5,579,244,118,94,46,1
CRS3035RES200mN2531000E3920800,CRS3035RES1000mN2531000E3920000,CRS3035RES200mN2531000E3920800,0,0,69386,854,408,33,154,15,204,41,29122936.2,36698,406,2,314,92,0,0,2,0,31,24,30,64,73,186,151,98,134,63,0
CRS3035RES200mN2531000E3921000,CRS3035RES1000mN2531000E3921000,CRS3035RES200mN2531000E3921000,0,0,69386,249,115,24,45,6,21,23,5257449.2,8258,115,0,0,14,101,0,0,44,4,7,15,28.5,20.5,55,43,28,32,15,1
CRS3035RES200mN2531000E3921200,CRS3035RES1000mN2531000E3921000,CRS3035RES200mN2531000E3921200,0,0,"69386,69266",838.5,419,38,198,23,225,26,26621943.4,30940,404,15,34,50,238,97,0,13,32,14.5,37.5,68,60.5,181,160,86,132,65,2
CRS3035RES200mN2531000E3921400,CRS3035RES1000mN2531000E3921000,CRS3035RES200mN2531000E3921400,0,0,"69266,69386",790.5,450,88,272,19,141,29,19336971.9,26857,430,20,225,43,46,135,1,61,39,15,43.5,44,90,252,129,75,85,18,0
CRS3035RES200mN2531200E3915200,CRS3035RES1000mN2531000E3915000,CRS3035RES1000mN2531000E3915000,0,0,"69244,69389",110,33,1,5,9,28,1,4567486,4774,3,30,22,8,0,3,0,0,0,2,8,20,19,6,27,13,10,5,0
CRS3035RES200mN2531200E3915400,CRS3035RES1000mN2531000E3915000,CRS3035RES1000mN2531000E3915000,0,0,"69389,69244",159,58,4,19,9,40,7,3383721.6,4592,50,8,8,48,1,1,0,0,10,6.5,14.5,15.5,17.5,30,32,14,13,6,0
CRS3035RES200mN2531200E3915600,CRS3035RES1000mN2531000E3915000,CRS3035RES1000mN2531000E3915000,0,0,69389,474.5,178,31,59,27,59,27,9202285.6,14066,178,0,0,0,176,0,2,110,33,22,37,59.5,40,95,95,36,43,14,0
CRS3035RES200mN2531200E3915800,CRS3035RES1000mN2531000E3915000,CRS3035RES1000mN2531000E3915000,0,0,69389,336.5,148,10,45,9,120,19,8867187,12846,147,1,0,1,147,0,0,0,14,2,18.5,34,26,50,64,47,60,21,0
CRS3035RES200mN2531200E3916000,CRS3035RES1000mN2531000E3916000,CRS3035RES1000mN2531000E3916000,0,0,69389,152,80,28,41,4,0,12,2409188.7,4119,79,1,79,0,0,1,0,79,11,5,6,10,14,34,31,15,18,8,0
CRS3035RES200mN2531200E3916200,CRS3035RES1000mN2531000E3916000,CRS3035RES1000mN2531000E3916000,0,0,69389,681.5,236,71,68,52,2,41,10960322.8,17702,235,1,69,0,149,18,0,234,28.5,27,67,93.5,57.5,97,148,71,65,27,0
CRS3035RES200mN2531200E3916400,CRS3035RES1000mN2531000E3916000,CRS3035RES1000mN2531000E3916000,0,0,69389,437,254,76,151,10,0,41,7051985.5,12888,254,0,169,85,0,0,0,245,12.5,10.5,27.5,34.5,25,67,79,65,67,49,0
CRS3035RES200mN2531200E3916600,CRS3035RES1000mN2531000E3916000,CRS3035RES1000mN2531000E3916000,0,0,69389,283.5,147,36,74,8,36,20,5589722.8,9597,147,0,0,76,0,71,0,89,11,6,16,20.5,26,71,64,33,26,10,0
CRS3035RES200mN2531200E3916800,CRS3035RES1000mN2531000E3916000,CRS3035RES1000mN2531000E3916000,0,0,69389,250.5,101,13,42,14,0,14,4916586.4,6781,101,0,0,0,40,61,0,0,13,8,26.5,34.5,15.5,80,49,14,8,2,0
CRS3035RES200mN2531200E3917000,CRS3035RES1000mN2531000E3917000,CRS3035RES1000mN2531000E3917000,0,0,69389,111.5,60,5,26,1,42,6,3421523,4389,59,1,21,35,0,4,0,0,5.5,1,4.5,7.5,3,29,23,19,16,3,0
CRS3035RES200mN2531200E3917200,CRS3035RES1000mN2531000E3917000,CRS3035RES1000mN2531000E3917000,0,0,69389,318.5,177,29,91,2,95,8,8190862.1,11068,175,2,50,116,6,5,0,1,28,0,12,11.5,17,126,49,24,31,20,0
CRS3035RES200mN2531200E3917400,CRS3035RES1000mN2531000E3917000,CRS3035RES1000mN2531000E3917000,0,0,"69381,69389",165,84,9,39,4,44,9,5306426.2,6443,83,1,59,0,1,24,0,1,3.5,6,10.5,12,14,45,31,29,12,1,1
CRS3035RES200mN2531200E3917600,CRS3035RES1000mN2531000E3917000,CRS3035RES1000mN2531000E3917000,0,0,"69381,69389",79,39,5,14,1,18,4,2730462.4,3651,34,5,7,32,0,0,0,0,3,2,3,3,3,22,13,11,10,9,0
CRS3035RES200mN2531200E3917800,CRS3035RES1000mN2531000E3917000,CRS3035RES1000mN2531000E3917000,0,0,"69381,69385",127.5,63,6,27,5,41,4,4916474.2,6440,60,3,44,0,0,19,0,0,4,1,7.5,11,9,20,23,17,25,10,0
CRS3035RES200mN2531200E3918000,CRS3035RES1000mN2531000E3918000,CRS3035RES200mN2531200E3918000,0,0,"69381,69385",272,122,11,49,9,49,13,8696156.8,11914,122,0,102,20,0,0,0,0,7,3.5,8.5,32,29,58,66,28,27,13,0
CRS3035RES200mN2531200E3918200,CRS3035RES1000mN2531000E3918000,CRS3035RES200mN2531200E3918200,0,0,"69381,69385",379,202,26,105,9,109,15,11288179.4,16928,202,0,202,0,0,0,0,0,12.5,4.5,14.5,15.5,52,103,72,38,43,24,0
CRS3035RES200mN2531200E3918400,CRS3035RES1000mN2531000E3918000,CRS3035RES200mN2531200E3918400,0,0,"69381,69385",1155.5,608,107,307,28,203,61,31297019.8,43185,608,0,448,0,46,114,0,155,46,17,59,87,92,382,218.5,118,95,40,1
CRS3035RES200mN2531200E3918600,CRS3035RES1000mN2531000E3918000,CRS3035RES200mN2531200E3918600,0,0,69381,1011,563,87,299,19,208,49,29471316.4,40326,562,1,525,0,0,37,1,47,37,19,42.5,52,106,322.5,209,86,95,42,0
CRS3035RES200mN2531200E3918800,CRS3035RES1000mN2531000E3918000,CRS3035RES200mN2531200E3918800,0,0,69381,1514,876,184,508,30,257,72,38522427.1,56103,875,1,853,0,21,2,0,132,50.5,25,68.5,92.5,146.5,592,304,110,93,32,0
CRS3035RES200mN2531200E3919000,CRS3035RES1000mN2531000E3919000,CRS3035RES200mN2531200E3919000,0,0,69381,1649.5,978,182,577,33,181,75,39320318.2,58887,978,0,972,4,2,0,0,254,69,28,59,92.5,152,677,323,110,108,31,0
CRS3035RES200mN2531200E3919200,CRS3035RES1000mN2531000E3919000,CRS3035RES200mN2531200E3919200,0,0,69381,135.5,79,9,40,2,36,2,4766095.4,6243,78,1,73,0,0,6,0,0,0,3,5,2.5,15,50,28,11,19,2,0
CRS3035RES200mN2531200E3919400,CRS3035RES1000mN2531000E3919000,CRS3035RES200mN2531200E3919400,0,0,"69386,69381",182.5,81,5,30,9,43,3,7540561.1,10794,81,0,73,7,0,0,1,0,10,4,10,14,13.5,31,33,18,30,19,0
CRS3035RES200mN2531200E3919600,CRS3035RES1000mN2531000E3919000,CRS3035RES200mN2531200E3919600,0,0,69386,714.5,308,21,114,32,163,33,27565746.9,35073,307,1,246,24,0,38,0,14,21,15,31,74,71.5,106,155,89,98,54,0
CRS3035RES200mN2531200E3919800,CRS3035RES1000mN2531000E3919000,CRS3035RES200mN2531200E3919800,0,0,69386,859.5,397,44,158,23,192,33,31215499,36881,396,1,329,68,0,0,0,0,54,14,41.5,63,70,216,162,87,97,55,0
CRS3035RES200mN2531200E3920000,CRS3035RES1000mN2531000E3920000,CRS3035RES200mN2531200E3920000,0,0,69386,1130,560,49,251,24,215,59,37813610.3,46086,560,0,292,164,0,104,0,48,39.5,18.5,52,95,111,257,215,141,128,73,0
CRS3035RES200mN2531200E3920200,CRS3035RES1000mN2531000E3920000,CRS3035RES200mN2531200E3920200,0,0,69386,1074.5,618,72,349,16,175,52,32942340.3,40034,616,2,569,14,17,18,0,88,37.5,13,46.5,62.5,79,387,201,104,111,33,0
CRS3035RES200mN2531200E3920400,CRS3035RES1000mN2531000E3920000,CRS3035RES200mN2531200E3920400,0,0,69386,1301.5,655,82,316,29,250,57,42159936.8,48076,654,1,369,52,101,133,0,60,56,31.5,74,89.5,109.5,347,256,128,153,57,0
CRS3035RES200mN2531200E3920600,CRS3035RES1000mN2531000E3920000,CRS3035RES200mN2531200E3920600,0,0,69386,873,479,55,247,20,181,43,27781782.6,32805,476,3,391,70,0,18,0,11,45,20,38,51,74,292,161,63,75,52,2
CRS3035RES200mN2531200E3920800,CRS3035RES1000mN2531000E3920000,CRS3035RES200mN2531200E3920800,0,0,69386,740.5,373,49,185,21,147,27,23406733.8,28869,372,1,249,64,50,9,1,19,29,12,38.5,55.5,79.5,214,137,65,74,36,0
CRS3035RES200mN2531200E3921000,CRS3035RES1000mN2531000E3921000,CRS3035RES200mN2531200E3921000,0,0,"69386,69266",614.5,348,66,203,15,117,21,16639253.6,22359,343,5,201,41,54,52,0,29,28.5,11,34,31,51,229,93,52,58,27,0
CRS3035RES200mN2531200E3921200,CRS3035RES1000mN2531000E3921000,CRS3035RES200mN2531200E3921200,0,0,"69266,69386",707.5,377,73,193,14,129,34,18807349.2,22664,372,5,139,28,61,149,0,61,41,15.5,23.5,44.5,84,245,92,61,77,24,0
CRS3035RES200mN2531400E3915400,CRS3035RES1000mN2531000E3915000,CRS3035RES1000mN2531000E3915000,0,0,"69244,69389",387.5,172,10,72,14,103,16,10651599.8,14885,162,10,1,120,0,51,0,45,19,14.5,37.5,26.5,27,65,71,51,46,29,1
CRS3035RES200mN2531400E3915600,CRS3035RES1000mN2531000E3915000,CRS3035RES1000mN2531000E3915000,0,0,"69389,69244",477,220,10,73,6,180,24,14210151.3,19852,209,11,0,27,193,0,0,0,16,6,22.5,31.5,39,74,93,55,91,48,1
CRS3035RES200mN2531400E3915800,CRS3035RES1000mN2531000E3915000,CRS3035RES1000mN2531000E3915000,1,0,69389,4,1.1,0.1,0.1,0.3,0.9,0.1,138433.7,122,0.3,0.8,0.4,0.1,0.6,0,0,0,0.2,0.1,0.3,0.5,0.5,0.5,0.9,0.6,0.3,0.1,0
CRS3035RES200mN2531400E3916000,CRS3035RES1000mN2531000E3916000,CRS3035RES1000mN2531000E3916000,0,0,69389,214.5,91,21,36,12,19,17,3791866.4,6881,80,11,37,1,28,25,0,48,16,10,15,14,19.5,41,47,19,28,5,0
CRS3035RES200mN2531400E3916200,CRS3035RES1000mN2531000E3916000,CRS3035RES1000mN2531000E3916000,0,0,69389,228.5,104,24,50,11,28,15,4204206.7,7077,104,0,8,28,0,68,0,49,14.5,9,16.5,26,15.5,57,45,16,17,12,0
CRS3035RES200mN2531400E3916400,CRS3035RES1000mN2531000E3916000,CRS3035RES1000mN2531000E3916000,0,0,69389,314,168,27,82,3,71,7,8204169.4,9907,168,0,3,0,0,165,0,0,13,6,10,17,39,116,55,31,23,4,0
CRS3035RES200mN2531400E3916600,CRS3035RES1000mN2531000E3916000,CRS3035RES1000mN2531000E3916000,0,0,69389,376,197,32,103,7,61,11,9669243,11625,190,7,35,1,9,152,0,11,24,7,14,26,53,129,61,26,25,11,0
CRS3035RES200mN2531400E3916800,CRS3035RES1000mN2531000E3916000,CRS3035RES1000mN2531000E3916000,0,0,69389,175.5,115,20,76,1,37,7,4709842.1,5997,115,0,0,0,0,115,0,0,4,6,1.5,11,24,73,27,12,13,4,0
CRS3035RES200mN2531400E3917000,CRS3035RES1000mN2531000E3917000,CRS3035RES1000mN2531000E3917000,0,0,69389,499.5,250,58,117,11,17,36,9624513.7,14541,250,0,2,212,0,36,0,212,30.5,18,22,37,47,133,79,59,50,23,1
CRS3035RES200mN2531400E3917200,CRS3035RES1000mN2531000E3917000,CRS3035RES1000mN2531000E3917000,0,0,"69389,69381",118,55,18,26,5,20,6,2873215.6,4006,54,1,52,0,0,3,0,17,12,2,12,7,10,38,22,10,3,2,0
CRS3035RES200mN2531400E3917400,CRS3035RES1000mN2531000E3917000,CRS3035RES1000mN2531000E3917000,1,0,"69381,69389",42,16.2,1,3.8,1,5.7,1.9,1496341.6,1377.4,16.2,0,2.9,0,0.9,12.4,0,6.7,1.9,2.9,3.8,3.8,1.9,5.7,11.5,8.6,1.9,0,0
CRS3035RES200mN2531400E3917600,CRS3035RES1000mN2531000E3917000,CRS3035RES1000mN2531000E3917000,0,0,69381,628,283,32,110,20,120,35,18585226,23207,276,7,68,1,65,149,0,82,25.5,19,46,52,47,133.5,129,73,74,28,1
CRS3035RES200mN2531400E3917800,CRS3035RES1000mN2531000E3917000,CRS3035RES1000mN2531000E3917000,0,0,69381,135.5,59,7,22,5,38,8,4524341.7,5631,59,0,11,28,20,0,0,0,3.5,1,5.5,17,18.5,14,30,13,24,9,0
CRS3035RES200mN2531400E3918000,CRS3035RES1000mN2531000E3918000,CRS3035RES200mN2531400E3918000,0,0,69381,104.5,50,1,25,3,16,4,3620993.2,3735,49,1,22,0,0,28,0,0,4,1,6,7,10,27.5,23,17,8,1,0
CRS3035RES200mN2531400E3918200,CRS3035RES1000mN2531000E3918000,CRS3035RES200mN2531400E3918200,0,0,69381,542.5,292,34,148,10,140,28,15127025.7,19791,289,3,289,0,0,3,0,21,12,9,23,50,39.5,157,110,63,69,9,1
CRS3035RES200mN2531400E3918400,CRS3035RES1000mN2531000E3918000,CRS3035RES200mN2531400E3918400,0,0,69381,922,509,74,256,16,194,59,25083971.5,33535,509,0,483,0,0,26,0,20,42,12,38.5,67.5,74,332,197,65,70,24,0
CRS3035RES200mN2531400E3918600,CRS3035RES1000mN2531000E3918000,CRS3035RES200mN2531400E3918600,0,0,69381,508,263,46,131,13,76,37,12480253.9,18264,263,0,251,0,0,12,0,75,18.5,12.5,26,41,44,146,123,39,48,10,0
CRS3035RES200mN2531400E3918800,CRS3035RES1000mN2531000E3918000,CRS3035RES200mN2531400E3918800,0,0,69381,1604,898,202,502,26,266,110,37843472.2,52460,898,0,838,0,22,38,0,233,79,35.5,104.5,107.5,113.5,535,326,153,118,32,0
CRS3035RES200mN2531400E3919000,CRS3035RES1000mN2531000E3919000,CRS3035RES200mN2531400E3919000,0,0,69381,1603,888,146,477,32,273,73,40418799.8,54325,887,1,808,16,22,42,0,130,54,31,69.5,100.5,152,613,334,130,92,27,0
CRS3035RES200mN2531400E3919200,CRS3035RES1000mN2531000E3919000,CRS3035RES200mN2531400E3919200,0,0,69381,573,299,45,144,8,103,23,17163269.3,23713,299,0,289,10,0,0,0,42,19,10,25.5,24.5,57,202,119,47,54,15,0
CRS3035RES200mN2531400E3919400,CRS3035RES1000mN2531000E3919000,CRS3035RES200mN2531400E3919400,0,0,"69386,69381",244.5,119,12,47,3,50,9,9148171.4,12572,119,0,113,0,6,0,0,0,15,9.5,8.5,10.5,16,63,44,22,42,14,0
CRS3035RES200mN2531400E3919600,CRS3035RES1000mN2531000E3919000,CRS3035RES200mN2531400E3919600,0,0,69386,1279.5,597,42,248,43,303,42,45782538.2,56404,596,1,446,65,9,76,1,34,54.5,23.5,66.5,108,106,260,254,134,190,83,0
CRS3035RES200mN2531400E3919800,CRS3035RES1000mN2531000E3919000,CRS3035RES200mN2531400E3919800,0,0,69386,913.5,423,32,170,29,212,37,35016812.7,39114,422,1,182,88,64,87,2,10,35.5,24.5,53,71.5,69,179,187,107,121,64,2
CRS3035RES200mN2531400E3920000,CRS3035RES1000mN2531000E3920000,CRS3035RES200mN2531400E3920000,0,0,69386,1079.5,584,64,297,20,294,49,37134973.6,45743,584,0,64,54,419,45,2,98,26,24,39,77,67.5,212,218,121,164,130,1
CRS3035RES200mN2531400E3920200,CRS3035RES1000mN2531000E3920000,CRS3035RES200mN2531400E3920200,0,0,69386,1003,473,37,199,28,274,34,34168462.2,39705,469,4,140,186,66,80,1,0,42.5,23,54.5,77,83,212,182,105,124,100,0
CRS3035RES200mN2531400E3920400,CRS3035RES1000mN2531000E3920000,CRS3035RES200mN2531400E3920400,0,0,69386,1222.5,545,36,199,34,274,47,45173506.1,48253,542,3,191,107,148,99,0,15,55,31,67.5,116.5,105.5,234,254,118,157,84,0
CRS3035RES200mN2531400E3920600,CRS3035RES1000mN2531000E3920000,CRS3035RES200mN2531400E3920600,0,0,69386,862.5,359,22,107,31,190,34,33351519.4,39612,358,1,189,51,23,95,1,36,40,20,40.5,96,67,121,182,105,128,63,0
CRS3035RES200mN2531400E3920800,CRS3035RES1000mN2531000E3920000,CRS3035RES200mN2531400E3920800,0,0,"69386,69266",38,13,1,2,3,0,3,1084723.3,1725,13,0,13,0,0,0,0,0,1,0,3,7,6,1,15,4,0,1,0
CRS3035RES200mN2531400E3921000,CRS3035RES1000mN2531000E3921000,CRS3035RES200mN2531400E3921000,0,0,"69266,69386",749,342,26,122,19,104,43,21622288.3,23999,329,13,27,0,53,262,0,58,55,22,60,43,50,261,136,58,50,14,0
CRS3035RES200mN2531600E3915600,CRS3035RES1000mN2531000E3915000,CRS3035RES1000mN2531000E3915000,0,0,"69389,69244",167,80,7,32,5,53,7,3912133.3,5914,72,8,0,42,38,0,0,3,11.5,4,6,4.5,21,37,25,21,26,11,0
CRS3035RES200mN2531600E3915800,CRS3035RES1000mN2531000E3915000,CRS3035RES1000mN2531000E3915000,0,0,69389,211,119,10,62,3,95,7,5047291,7768,119,0,0,119,0,0,0,0,9,1,8,9,18,39,37,21,45,24,0
CRS3035RES200mN2531600E3916000,CRS3035RES1000mN2531000E3916000,CRS3035RES1000mN2531000E3916000,1,0,69389,19,9.9,0.8,5.8,0.8,7.4,0,515606.3,969.8,2.5,7.4,6.6,1.6,0,1.7,0,0,1.6,0.8,1.7,0.8,0,5,3.3,1.7,0.8,3.3,0
CRS3035RES200mN2531600E3916200,CRS3035RES1000mN2531000E3916000,CRS3035RES1000mN2531000E3916000,0,0,69389,58.5,32,1,18,2,17,3,1723017.5,2022,28,4,0,0,0,32,0,0,3,1,7,3.5,1,26,9,2,5,1,0
CRS3035RES200mN2531600E3916400,CRS3035RES1000mN2531000E3916000,CRS3035RES1000mN2531000E3916000,0,0,69389,219,138,8,85,1,61,7,6300219.2,7646,136,2,42,0,0,96,0,5,8,5,4,5,25,93,44,22,8,5,0
CRS3035RES200mN2531600E3916600,CRS3035RES1000mN2531000E3916000,CRS3035RES1000mN2531000E3916000,0,0,69389,423.5,200,25,75,4,85,16,12445421.3,13014,195,5,22,0,0,176,2,0,30.5,17.5,20.5,21,34,167,85,21,19,8,0
CRS3035RES200mN2531600E3916800,CRS3035RES1000mN2531000E3916000,CRS3035RES1000mN2531000E3916000,0,0,69389,852.5,376,39,125,23,150,44,21934137.5,25686,376,0,12,0,0,364,0,79,70,33,51,71,41.5,306,158,61,47,14,0
CRS3035RES200mN2531600E3917000,CRS3035RES1000mN2531000E3917000,CRS3035RES1000mN2531000E3917000,0,0,69389,98,50,3,23,1,32,3,3395145.9,4483,48,2,13,23,12,1,1,0,5,2,2,6,9,23,23,11,8,9,0
CRS3035RES200mN2531600E3917200,CRS3035RES1000mN2531000E3917000,CRS3035RES1000mN2531000E3917000,0,0,"69389,69384,69381",246,127,14,61,5,64,8,7018406.6,10033,126,1,51,0,18,58,0,14,13,5.5,12,12.5,13,79,39,31,29,12,0
CRS3035RES200mN2531600E3917400,CRS3035RES1000mN2531000E3917000,CRS3035RES1000mN2531000E3917000,1,0,"69381,69384",2,0.8,0,0.2,0,0.3,0.1,71254.4,65.6,0.8,0,0.1,0,0.1,0.6,0,0.3,0.1,0.1,0.2,0.2,0.1,0.3,0.5,0.4,0.1,0,0
CRS3035RES200mN2531600E3917600,CRS3035RES1000mN2531000E3917000,CRS3035RES1000mN2531000E3917000,0,0,"69381,69384",530,234,13,93,16,156,19,17195151.3,22128,229,5,37,132,51,14,0,1,22,15.5,26,52.5,46,75,122,71,62,38,0
CRS3035RES200mN2531600E3917800,CRS3035RES1000mN2531000E3917000,CRS3035RES1000mN2531000E3917000,0,0,"69381,69384",288.5,128,11,56,7,37,11,9195906.3,9844,125,3,41,32,18,37,0,0,12,5,21.5,31.5,23.5,34,72,22,45,22,0
CRS3035RES200mN2531600E3918000,CRS3035RES1000mN2531000E3918000,CRS3035RES200mN2531600E3918000,0,0,69381,661.5,397,104,235,9,58,49,13835552.6,22584,396,1,337,17,0,43,0,251,18,7.5,29,33,38,119,143,83,113,78,0
CRS3035RES200mN2531600E3918200,CRS3035RES1000mN2531000E3918000,CRS3035RES200mN2531600E3918200,0,0,69381,797,415,63,198,14,159,53,21239188.3,26975,407,8,288,63,24,39,1,68,46,14.5,36,61.5,58,231,181,80,59,30,0
CRS3035RES200mN2531600E3918400,CRS3035RES1000mN2531000E3918000,CRS3035RES200mN2531600E3918400,0,0,69381,826,443,83,226,16,169,52,20468826.5,26116,440,3,374,19,42,8,0,81,34,17.5,44.5,60,53,237,206,82,64,25,3
CRS3035RES200mN2531600E3918600,CRS3035RES1000mN2531000E3918000,CRS3035RES200mN2531600E3918600,0,0,69381,777,409,55,195,13,157,51,19955460.5,26470,405,4,275,7,16,111,0,89,20,15.5,27,74,60.5,195,192,76,87,29,1
CRS3035RES200mN2531600E3918800,CRS3035RES1000mN2531000E3918000,CRS3035RES200mN2531600E3918800,0,0,69381,1063.5,510,92,247,36,176,65,24552700,32825,507,3,397,9,78,26,0,149,50,26,72,95.5,75,308,229,88,88,23,9
CRS3035RES200mN2531600E3919000,CRS3035RES1000mN2531000E3919000,CRS3035RES200mN2531600E3919000,0,0,69381,1078,581,116,289,19,196,68,25391823.4,34479,578,3,484,25,21,50,1,66,55.5,15,50.5,69,80,380,205,93,104,24,2
CRS3035RES200mN2531600E3919200,CRS3035RES1000mN2531000E3919000,CRS3035RES200mN2531600E3919200,0,0,69381,407,199,27,92,9,92,12,12433795.2,17493,198,1,180,6,6,7,0,31,23,10,16.5,26.5,35,105,81,46,48,16,0
CRS3035RES200mN2531600E3919400,CRS3035RES1000mN2531000E3919000,CRS3035RES200mN2531600E3919400,0,0,"69386,69381,69384",62,21,3,5,5,14,0,2310732.6,2966,21,0,21,0,0,0,0,0,3,2,1,6,13,7,16,6,1,7,0
CRS3035RES200mN2531600E3919600,CRS3035RES1000mN2531000E3919000,CRS3035RES200mN2531600E3919600,0,0,69386,948.5,395,17,135,43,200,27,36599322.4,44446,394,1,274,87,29,5,0,12,36,24,68.5,98.5,80.5,161,197,89,137,57,0
CRS3035RES200mN2531600E3919800,CRS3035RES1000mN2531000E3919000,CRS3035RES200mN2531600E3919800,0,0,69386,929,454,33,183,22,260,44,32598484,38545,449,5,137,172,88,57,0,11,33,14.5,46,72,55.5,205,185,108,137,72,1
CRS3035RES200mN2531600E3920000,CRS3035RES1000mN2531000E3920000,CRS3035RES200mN2531600E3920000,0,0,69386,1313,642,41,278,34,358,46,46440393.3,54268,638,4,88,444,109,0,1,0,61,30.5,62.5,86,99,278,264,126,188,118,0
CRS3035RES200mN2531600E3920200,CRS3035RES1000mN2531000E3920000,CRS3035RES200mN2531600E3920200,0,0,69386,612.5,272,21,103,23,168,18,22866934.6,28796,265,7,85,171,0,15,1,0,37.5,16,36,41.5,44.5,119,96,61,96,65,0
CRS3035RES200mN2531600E3920400,CRS3035RES1000mN2531000E3920000,CRS3035RES200mN2531600E3920400,0,0,69386,134.5,73,9,39,3,49,3,5623621.5,9090,65,8,72,0,0,1,0,0,4,2,4,9.5,9,17,24,25,31,9,0
CRS3035RES200mN2531800E3915600,CRS3035RES1000mN2531000E3915000,CRS3035RES1000mN2531000E3915000,1,0,"69244,69389,69081",7,2,0.2,0.2,0.5,1.6,0.1,242259,213.5,0.6,1.4,0.8,0.1,1.1,0,0,0,0.3,0.2,0.6,0.9,0.9,0.8,1.5,1.1,0.5,0.1,0.1
CRS3035RES200mN2531800E3915800,CRS3035RES1000mN2531000E3915000,CRS3035RES1000mN2531000E3915000,0,0,69389,242.5,138,15,73,3,89,14,5544340.5,8448,134,4,11,101,1,25,0,0,6,11,14,7.5,13,86,43,19,28,15,0
CRS3035RES200mN2531800E3916000,CRS3035RES1000mN2531000E3916000,CRS3035RES1000mN2531000E3916000,0,0,69389,49,22,2,9,2,9,3,967054.4,1508,20,2,13,0,0,9,0,0,3,1,1,4.5,7.5,7,12,6,7,0,0
CRS3035RES200mN2531800E3916200,CRS3035RES1000mN2531000E3916000,CRS3035RES1000mN2531000E3916000,0,0,69389,541,252,52,114,21,72,30,12465925.4,16188,229,23,83,0,1,168,0,118,24,20,38.5,48.5,50,141,119,47,42,11,0
CRS3035RES200mN2531800E3916400,CRS3035RES1000mN2531000E3916000,CRS3035RES1000mN2531000E3916000,0,0,69389,1401.5,619,92,230,51,239,70,34505564.1,42933,614,5,5,1,137,476,0,170,110,50,115,102,75.5,428,256,113,104,48,0
CRS3035RES200mN2531800E3916600,CRS3035RES1000mN2531000E3916000,CRS3035RES1000mN2531000E3916000,0,0,69389,750,456,71,285,13,138,38,18400541.8,24838,454,2,148,3,8,297,0,53,47.5,16,28,31,70.5,324,121,53,41,18,0
CRS3035RES200mN2531800E3916800,CRS3035RES1000mN2531000E3916000,CRS3035RES1000mN2531000E3916000,0,0,69389,703,413,88,233,9,98,52,14580608.4,21830,413,0,282,56,25,50,0,66,40.5,18,27,35,88.5,255,113,55,44,27,0
CRS3035RES200mN2531800E3917000,CRS3035RES1000mN2531000E3917000,CRS3035RES1000mN2531000E3917000,0,0,"69389,69384",259,165,37,105,3,57,11,5937819.8,9971,165,0,150,8,0,7,0,4,11.5,3.5,9.5,10,34.5,91,37,28,26,8,0
CRS3035RES200mN2531800E3917200,CRS3035RES1000mN2531000E3917000,CRS3035RES1000mN2531000E3917000,0,0,"69384,69389",48,26,2,13,1,14,0,1544833.5,2054,26,0,7,0,0,19,0,0,3,0,3,2,2,16,11,5,3,3,0
CRS3035RES200mN2531800E3917400,CRS3035RES1000mN2531000E3917000,CRS3035RES1000mN2531000E3917000,0,0,69384,740,357,17,140,13,271,25,25140138.5,31986,355,2,1,1,355,0,0,0,23,9.5,34.5,60,40,116,162,83,166,46,0
CRS3035RES200mN2531800E3917800,CRS3035RES1000mN2531000E3917000,CRS3035RES1000mN2531000E3917000,0,0,"69384,69381",213,103,5,41,6,69,4,8946925.3,11586,98,5,12,0,19,72,0,0,4,4,13,17,12,28,36,20,55,24,0
CRS3035RES200mN2531800E3918000,CRS3035RES1000mN2531000E3918000,CRS3035RES200mN2531800E3918000,0,0,"69384,69381",545,279,34,138,12,141,33,16549353.1,20861,276,3,188,69,0,22,0,25,13,5.5,31,50.5,47,106,130,58,61,41,2
CRS3035RES200mN2531800E3918200,CRS3035RES1000mN2531000E3918000,CRS3035RES200mN2531800E3918200,0,0,"69384,69381",456,239,17,111,9,100,25,13888414.5,17857,235,4,218,2,0,19,0,0,22,9,22.5,35.5,21,114,112,45,56,19,0
CRS3035RES200mN2531800E3918400,CRS3035RES1000mN2531000E3918000,CRS3035RES200mN2531800E3918400,0,0,"69381,69384",899.5,490,67,251,12,158,48,24478461.4,30728,488,2,393,27,11,59,0,64,38,16.5,33.5,70,48,229.5,186,114,112,52,0
CRS3035RES200mN2531800E3918600,CRS3035RES1000mN2531000E3918000,CRS3035RES200mN2531800E3918600,0,0,"69381,69384",730,438,46,266,8,165,46,20417488.3,26545,438,0,249,7,141,41,0,91,39,14,29,52.5,29.5,146,122,67,80,151,0
CRS3035RES200mN2531800E3918800,CRS3035RES1000mN2531000E3918000,CRS3035RES200mN2531800E3918800,0,0,"69381,69384",805,423,50,206,12,152,36,23778684.6,30230,419,4,186,8,57,172,0,48,42.5,21,33,55.5,53,205,151,85,109,50,0
CRS3035RES200mN2531800E3919000,CRS3035RES1000mN2531000E3919000,CRS3035RES200mN2531800E3919000,0,0,"69381,69384",1001,511,55,234,18,248,42,29957991.2,35468,511,0,344,0,115,51,1,54,44,10.5,50,77,60.5,286,206,94,105,68,0
CRS3035RES200mN2531800E3919200,CRS3035RES1000mN2531000E3919000,CRS3035RES200mN2531800E3919200,0,0,"69384,69381",708.5,351,56,146,12,173,31,20632050.5,27807,349,2,316,14,0,21,0,22,37.5,15,28.5,56,55.5,204,140,75,68,28,1
CRS3035RES200mN2531800E3919400,CRS3035RES1000mN2531000E3919000,CRS3035RES200mN2531800E3919400,0,0,"69384,69386,69381",32,15,0,7,1,7,1,866174.8,1166,15,0,0,15,0,0,0,0,1,0,0,5.5,3.5,7,7,2,5,1,0
CRS3035RES200mN2531800E3919600,CRS3035RES1000mN2531000E3919000,CRS3035RES200mN2531800E3919600,0,0,69386,527,239,10,97,20,121,17,20448034.3,26043,239,0,94,136,0,9,0,0,18,9,46,47,35,79,105,44,88,56,0
CRS3035RES200mN2531800E3919800,CRS3035RES1000mN2531000E3919000,CRS3035RES200mN2531800E3919800,0,0,69386,1461.5,661,48,254,43,329,58,50993973.5,61071,658,3,94,235,119,190,23,80,76.5,38.5,77,127,106.5,264,291,138,213,130,0
CRS3035RES200mN2531800E3920000,CRS3035RES1000mN2531000E3920000,CRS3035RES200mN2531800E3920000,0,0,69386,457.5,206,15,79,14,128,16,17999125.2,21979,205,1,19,166,6,14,1,0,16,9,28,44.5,32,70,98,52,59,49,0
CRS3035RES200mN2531800E3920200,CRS3035RES1000mN2531000E3920000,CRS3035RES200mN2531800E3920200,0,0,69386,115,53,2,19,6,35,1,5076299.4,7039,50,3,15,38,0,0,0,0,4,2,6,8,9,12,18,12,27,17,0
CRS3035RES200mN2532000E3915600,CRS3035RES1000mN2532000E3915000,CRS3035RES1000mN2532000E3915000,1,0,"69081,69244,69389",15,5.3,0.4,0.7,1,2.3,0.9,531040.8,629.9,1.9,3.4,2.7,0.7,0.9,1,0,0,0.4,0.4,2,1.9,1.5,1.8,3.2,1.8,1.9,0.1,0
CRS3035RES200mN2532000E3915800,CRS3035RES1000mN2532000E3915000,CRS3035RES1000mN2532000E3915000,0,0,"69389,69081,69244",345.5,190,37,101,6,80,16,8460642.4,10936,188,2,69,37,20,64,0,0,27.5,8.5,17,11.5,28,145,64,26,13,5,0
CRS3035RES200mN2532000E3916000,CRS3035RES1000mN2532000E3916000,CRS3035RES1000mN2532000E3916000,0,0,69389,502,244,62,130,19,54,27,9689242.5,14106,242,2,34,4,0,205,1,138,48,17,30,44,34,164,83,47,25,8,2
CRS3035RES200mN2532000E3916200,CRS3035RES1000mN2532000E3916000,CRS3035RES1000mN2532000E3916000,0,0,69389,149,71,9,36,5,17,6,3419992.4,3731,69,2,25,0,0,46,0,0,9,1.5,11.5,12,16,63,26,2,6,2,0
CRS3035RES200mN2532000E3916400,CRS3035RES1000mN2532000E3916000,CRS3035RES1000mN2532000E3916000,0,0,69389,650.5,338,62,175,18,80,39,13900927.6,19725,338,0,93,0,0,245,0,101,33.5,16,30,50.5,76.5,217,101,59,51,16,0
CRS3035RES200mN2532000E3916600,CRS3035RES1000mN2532000E3916000,CRS3035RES1000mN2532000E3916000,0,0,69389,565.5,318,64,179,12,54,25,12741137.3,19003,316,2,196,0,0,122,0,110,21.5,12.5,25.5,36,54,191,107,48,56,13,1
CRS3035RES200mN2532000E3916800,CRS3035RES1000mN2532000E3916000,CRS3035RES1000mN2532000E3916000,0,0,69389,762,469,71,289,9,124,35,18856313.2,27960,467,2,340,16,11,100,2,12,34,17.5,31.5,28,81,341,122,55,40,12,0
CRS3035RES200mN2532000E3917000,CRS3035RES1000mN2532000E3917000,CRS3035RES1000mN2532000E3917000,0,0,"69389,69384",156.5,85,6,39,1,25,7,4494927.9,6190,85,0,85,0,0,0,0,0,7.5,2.5,6,9.5,10,71,29,11,8,2,0
CRS3035RES200mN2532000E3917200,CRS3035RES1000mN2532000E3917000,CRS3035RES1000mN2532000E3917000,0,0,69384,243.5,111,18,55,10,55,19,5579892.2,8533,111,0,13,64,0,34,0,33,15,5,17.5,29,19,48,46,26,23,14,1
CRS3035RES200mN2532000E3917600,CRS3035RES1000mN2532000E3917000,CRS3035RES1000mN2532000E3917000,1,0,69384,4,2.1,0.1,0.8,0,0.7,0.2,121535.6,172.2,2,0.1,1.1,1,0,0,0,0,0.1,0.1,0.2,0.2,0.3,1.8,1,0.1,0.2,0,0
CRS3035RES200mN2532000E3917800,CRS3035RES1000mN2532000E3917000,CRS3035RES1000mN2532000E3917000,0,0,69384,544.5,261,20,106,18,151,28,18148124.7,26382,259,2,4,159,98,0,0,51,17,12.5,27,53.5,44.5,58,91,63,94,84,0
CRS3035RES200mN2532000E3918000,CRS3035RES1000mN2532000E3918000,CRS3035RES200mN2532000E3918000,0,0,69384,1058,547,39,247,15,314,62,31892472.2,41969,538,9,180,235,10,122,0,6,56.5,13,55.5,71.5,61.5,231,205,129,144,91,0
CRS3035RES200mN2532000E3918200,CRS3035RES1000mN2532000E3918000,CRS3035RES200mN2532000E3918200,0,0,69384,973,467,56,195,20,222,59,28063208,34423,458,9,137,141,43,146,0,51,45.5,17.5,51.5,86,83.5,195,215,126,108,45,0
CRS3035RES200mN2532000E3918400,CRS3035RES1000mN2532000E3918000,CRS3035RES200mN2532000E3918400,0,0,69384,1214.5,621,63,289,14,334,59,35847430.7,41385,616,5,430,47,29,115,0,7,59.5,20.5,55.5,90.5,85.5,281,282,142,143,54,1
CRS3035RES200mN2532000E3918600,CRS3035RES1000mN2532000E3918000,CRS3035RES200mN2532000E3918600,0,0,69384,987,478,77,208,25,152,84,23551973,29775,476,2,225,175,17,61,0,9,48,26,61,87,76.5,202.5,188,124,121,47,6
CRS3035RES200mN2532000E3918800,CRS3035RES1000mN2532000E3918000,CRS3035RES200mN2532000E3918800,0,0,69384,833,476,63,257,11,185,28,23757850.6,29517,471,5,402,0,40,34,0,26,38,18.5,33.5,38.5,54.5,278,158,68,94,52,0
CRS3035RES200mN2532000E3919000,CRS3035RES1000mN2532000E3919000,CRS3035RES200mN2532000E3919000,0,0,"69384,69381",1541.5,799,123,402,31,322,74,42057323.5,47987,796,3,734,15,1,49,0,39,74.5,39,81,116,120.5,483,356.5,125,105,41,0
CRS3035RES200mN2532000E3919200,CRS3035RES1000mN2532000E3919000,CRS3035RES200mN2532000E3919200,0,0,69384,871,409,35,161,14,244,37,25820809.2,29163,400,9,276,115,0,18,0,0,50,20.5,53,65,58.5,202,217,79,74,52,0
CRS3035RES200mN2532000E3919400,CRS3035RES1000mN2532000E3919000,CRS3035RES200mN2532000E3919400,0,0,"69384,69386",301,150,14,65,6,91,14,9470409,12575,147,3,85,8,11,44,2,1,15,4.5,12,18,32.5,84,49,38,44,4,0
CRS3035RES200mN2532000E3919800,CRS3035RES1000mN2532000E3919000,CRS3035RES200mN2532000E3919800,0,0,69386,478.5,209,10,63,11,145,18,20217287.6,26283,203,6,36,163,9,1,0,0,23.5,12.5,20.5,35.5,33.5,70,77,68,75,63,0
CRS3035RES200mN2532000E3920000,CRS3035RES1000mN2532000E3920000,CRS3035RES1000mN2532000E3920000,1,0,69386,52,23.1,1.8,6.2,0.9,14.2,0.9,2026870.9,2876.4,21.3,1.8,4.4,18.7,0,0,0,0,0.9,0,3.1,2.7,6.2,1.8,10.6,8,10.7,8,0
CRS3035RES200mN2532200E3915800,CRS3035RES1000mN2532000E3915000,CRS3035RES1000mN2532000E3915000,0,0,"69081,69389",102.5,41,13,14,5,5,9,1811836.6,2833,40,1,5,1,0,35,0,35,13.5,6,8,8.5,9.5,22,22,7,3,1,2
CRS3035RES200mN2532200E3916000,CRS3035RES1000mN2532000E3916000,CRS3035RES1000mN2532000E3916000,0,0,"69389,69081",109.5,51,13,19,3,8,13,1956704.9,3037,48,3,14,14,0,23,0,23,3,1,8,14.5,16,27,19,11,8,2,0
CRS3035RES200mN2532200E3916200,CRS3035RES1000mN2532000E3916000,CRS3035RES1000mN2532000E3916000,0,0,69389,92,39,12,15,6,5,9,1559502.7,2685,37,2,11,13,0,15,0,15,6,4,9,13,5,16,26,6,4,3,0
CRS3035RES200mN2532200E3916400,CRS3035RES1000mN2532000E3916000,CRS3035RES1000mN2532000E3916000,0,0,69389,657.5,296,87,142,24,66,41,12780645.8,16567,292,4,83,31,0,182,0,94,62,32,53.5,54.5,73.5,213,96,40,23,10,0
CRS3035RES200mN2532200E3916600,CRS3035RES1000mN2532000E3916000,CRS3035RES1000mN2532000E3916000,0,0,69389,531.5,259,42,118,13,77,27,12708221.9,16327,256,3,117,25,0,116,1,33,34,18.5,40.5,38.5,46,175,107,34,26,11,1
CRS3035RES200mN2532200E3916800,CRS3035RES1000mN2532000E3916000,CRS3035RES1000mN2532000E3916000,0,0,69389,528,276,38,157,22,62,24,12142769.6,15500,272,4,95,0,0,181,0,105,23.5,13,39.5,42,52,194,98,25,25,15,1
CRS3035RES200mN2532200E3917200,CRS3035RES1000mN2532000E3917000,CRS3035RES1000mN2532000E3917000,0,0,69384,480.5,241,20,111,9,134,20,13127830.6,18417,239,2,35,104,22,80,0,39,25,9,26.5,36,32,100,113,54,57,27,1
CRS3035RES200mN2532200E3917400,CRS3035RES1000mN2532000E3917000,CRS3035RES1000mN2532000E3917000,0,0,69384,294,159,31,90,7,48,9,7647994.2,12941,158,1,0,16,62,0,81,15,8,11,18,20,12,32,57,39,67,30,0
CRS3035RES200mN2532200E3917600,CRS3035RES1000mN2532000E3917000,CRS3035RES1000mN2532000E3917000,0,0,69384,243.5,127,11,53,4,36,20,7396660.5,9682,125,2,4,54,13,56,0,49,9,1,13.5,21,19,38,52,31,43,16,0
CRS3035RES200mN2532200E3917800,CRS3035RES1000mN2532000E3917000,CRS3035RES1000mN2532000E3917000,0,0,69384,420,228,45,111,9,103,33,11973429.8,20761,227,1,29,86,113,0,0,76,12,11.5,23,34.5,19,38,72,33,107,70,0
CRS3035RES200mN2532200E3918000,CRS3035RES1000mN2532000E3918000,CRS3035RES200mN2532200E3918000,0,0,69384,402,196,10,80,6,130,23,13308307,17109,191,5,56,52,50,38,0,0,11.5,14,20,33,24.5,56,79,51,75,38,0
CRS3035RES200mN2532200E3918200,CRS3035RES1000mN2532000E3918000,CRS3035RES200mN2532200E3918200,0,0,69384,617,281,20,110,18,163,34,18212473.8,21571,269,12,69,83,55,74,0,8,26,15,45.5,58.5,44,92,157,70,71,38,0
CRS3035RES200mN2532200E3918400,CRS3035RES1000mN2532000E3918000,CRS3035RES200mN2532200E3918400,0,0,69384,730.5,343,20,136,19,194,32,24179438.1,27447,334,9,132,0,77,134,0,1,39.5,17,42.5,64.5,45,138,162,80,97,45,0
CRS3035RES200mN2532200E3918600,CRS3035RES1000mN2532000E3918000,CRS3035RES200mN2532200E3918600,0,0,69384,981,454,47,176,22,196,45,28255597.2,33410,453,1,142,0,28,284,0,55,65,24.5,51,75.5,65,224,227,102,98,49,0
CRS3035RES200mN2532200E3918800,CRS3035RES1000mN2532000E3918000,CRS3035RES200mN2532200E3918800,0,0,69384,913.5,495,49,256,11,189,49,26585937.4,30712,481,14,395,0,4,96,0,25,39.5,14.5,36.5,69,62,254,205,98,101,34,0
CRS3035RES200mN2532200E3919000,CRS3035RES1000mN2532000E3919000,CRS3035RES200mN2532200E3919000,0,0,69384,1364,706,77,344,27,318,84,37888424.5,43599,699,7,589,0,9,107,1,38,63,30,79,115.5,96.5,387,328,119,109,35,2
CRS3035RES200mN2532200E3919200,CRS3035RES1000mN2532000E3919000,CRS3035RES200mN2532200E3919200,0,0,69384,994.5,491,51,226,13,279,58,28462063.4,33694,483,8,187,164,48,92,0,48,45,31,58,84,60.5,184,269,121,88,54,0
CRS3035RES200mN2532200E3919400,CRS3035RES1000mN2532000E3919000,CRS3035RES200mN2532200E3919400,0,0,69384,240.5,124,16,62,3,61,7,7365009.7,10233,120,4,115,8,0,1,0,0,10,5,12,14.5,18,75,46,18,28,14,0
CRS3035RES200mN2532200E3920400,CRS3035RES1000mN2532000E3920000,CRS3035RES1000mN2532000E3920000,1,0,69386,6.5,2.9,0.2,0.8,0.1,1.8,0.1,253358.9,359.6,2.7,0.2,0.6,2.3,0,0,0,0,0.1,0,0.4,0.4,0.8,0.2,1.3,1,1.3,1,0
CRS3035RES200mN2532200E3921000,CRS3035RES1000mN2532000E3921000,CRS3035RES1000mN2532000E3921000,0,0,"69266,69386",449,202,77,97,27,0,38,6734720.9,10689,202,0,71,0,131,0,0,95,40,15,40.5,49,46.5,88,83,44,32,10,1
CRS3035RES200mN2532400E3915800,CRS3035RES1000mN2532000E3915000,CRS3035RES1000mN2532000E3915000,0,0,"69081,69389",170.5,57,8,6,7,39,11,5532238.1,5525,45,12,5,0,35,17,0,15,5,2,17,20.5,19,19,39,26,22,0,1
CRS3035RES200mN2532400E3916000,CRS3035RES1000mN2532000E3916000,CRS3035RES1000mN2532000E3916000,0,0,"69389,69081",148.5,71,21,35,8,0,13,2619209.3,3989,64,7,0,54,0,17,0,54,14,5,15,10.5,8,32,25,20,9,10,0
CRS3035RES200mN2532400E3916200,CRS3035RES1000mN2532000E3916000,CRS3035RES1000mN2532000E3916000,1,0,69389,12,3.3,0.6,0.8,1.1,2,0.3,377379.3,478.9,1.1,2.2,3,0,0,0.3,0,0.3,0,0,0.3,1.4,3.3,2.5,1.9,2,0.6,0,0
CRS3035RES200mN2532400E3916400,CRS3035RES1000mN2532000E3916000,CRS3035RES1000mN2532000E3916000,0,0,69389,277.5,134,21,62,6,55,9,6552661.4,7877,130,4,16,20,0,98,0,23,25,8,21.5,15,19,98,51,13,18,9,0
CRS3035RES200mN2532400E3916600,CRS3035RES1000mN2532000E3916000,CRS3035RES1000mN2532000E3916000,0,0,69389,655.5,414,63,257,6,91,26,15782164.3,21733,411,3,218,72,0,124,0,3,28.5,9,21.5,20,70.5,298,92,41,50,25,0
CRS3035RES200mN2532400E3916800,CRS3035RES1000mN2532000E3916000,CRS3035RES1000mN2532000E3916000,0,0,69389,1402.5,649,100,274,45,211,68,35097829.5,44956,647,2,189,25,77,358,0,132,74.5,43,100,108,109,436,281,118,93,38,2
CRS3035RES200mN2532400E3917000,CRS3035RES1000mN2532000E3917000,CRS3035RES1000mN2532000E3917000,0,0,"69389,69384",258,135,9,62,2,83,7,7564656.6,10753,135,0,35,17,24,58,1,1,14,4,5,15,21,70,52,28,35,14,0
CRS3035RES200mN2532400E3917200,CRS3035RES1000mN2532000E3917000,CRS3035RES1000mN2532000E3917000,0,0,"69384,69389",263,143,11,60,0,85,18,7971996.2,11170,138,5,0,39,42,62,0,0,9,6,8.5,9.5,21,62,53,28,47,19,0
CRS3035RES200mN2532400E3917400,CRS3035RES1000mN2532000E3917000,CRS3035RES1000mN2532000E3917000,0,0,69384,294,139,10,53,4,89,20,8134691.3,10345,109,30,26,113,0,0,0,0,20,8,16,25.5,15.5,50,57,29,45,28,0
CRS3035RES200mN2532400E3917600,CRS3035RES1000mN2532000E3917000,CRS3035RES1000mN2532000E3917000,0,0,69384,210,105,7,44,6,73,10,6828568.9,8515,83,22,17,55,1,32,0,0,6,3.5,9,19.5,13,30,42,32,38,17,0
CRS3035RES200mN2532400E3917800,CRS3035RES1000mN2532000E3917000,CRS3035RES1000mN2532000E3917000,0,0,69384,709.5,347,86,155,23,2,73,12307880.3,24137,345,2,60,104,183,0,0,343,24.5,12,47.5,70.5,51,87,135,102,130,50,0
CRS3035RES200mN2532400E3918000,CRS3035RES1000mN2532000E3918000,CRS3035RES200mN2532400E3918000,0,0,69384,260.5,123,7,50,7,91,9,8475153.1,10428,121,2,2,79,28,14,0,0,14,9.5,11,21,11,36,46,23,56,33,0
CRS3035RES200mN2532400E3918200,CRS3035RES1000mN2532000E3918000,CRS3035RES200mN2532400E3918200,0,0,69384,481,231,14,95,10,147,21,16276352.6,18336,230,1,5,108,23,95,0,0,20,9,29,29.5,45.5,82,98,63,57,48,0
CRS3035RES200mN2532400E3918400,CRS3035RES1000mN2532000E3918000,CRS3035RES200mN2532400E3918400,0,0,69384,843,416,26,188,19,224,39,26740665.4,32860,410,6,21,76,100,219,0,28,45,21,54,51.5,47.5,153,168,89,129,85,0
CRS3035RES200mN2532400E3918600,CRS3035RES1000mN2532000E3918000,CRS3035RES200mN2532400E3918600,0,0,69384,639.5,316,32,144,11,104,38,15608746.6,21232,309,7,88,106,36,86,0,130,30,15,29,55.5,35,134,140,75,78,48,0
CRS3035RES200mN2532400E3918800,CRS3035RES1000mN2532000E3918000,CRS3035RES200mN2532400E3918800,0,0,69384,596.5,329,50,180,10,119,31,15341885.7,18404,320,9,265,1,8,55,0,29,26,11.5,25.5,32.5,61,175,140,65,45,15,0
CRS3035RES200mN2532400E3919000,CRS3035RES1000mN2532000E3919000,CRS3035RES200mN2532400E3919000,0,0,69384,1008.5,518,60,244,11,236,60,28060619.9,33414,512,6,318,0,0,198,2,39,59,25.5,52,67.5,62.5,275,213,115,102,37,0
CRS3035RES200mN2532400E3919200,CRS3035RES1000mN2532000E3919000,CRS3035RES200mN2532400E3919200,0,0,69384,727,343,29,135,18,205,43,22795929.1,24433,339,4,203,27,39,74,0,0,36.5,21,48,53,51.5,162,150,97,83,24,1
CRS3035RES200mN2532400E3919400,CRS3035RES1000mN2532000E3919000,CRS3035RES200mN2532400E3919400,0,0,"69384,69034",466,260,61,147,7,115,14,13694253.5,17810,256,4,83,114,0,63,0,5,22,10.5,22.5,25.5,42.5,142,88,33,56,22,2
CRS3035RES200mN2532400E3919600,CRS3035RES1000mN2532000E3919000,CRS3035RES200mN2532400E3919600,0,0,"69034,69384,69386",182.5,95,12,45,2,52,10,5153092.9,7035,94,1,40,25,30,0,0,0,8,3,6,17,15.5,47,35,21,17,13,0
CRS3035RES200mN2532600E3915600,CRS3035RES1000mN2532000E3915000,CRS3035RES1000mN2532000E3915000,0,0,"69081,69389",74,29,3,11,3,25,2,2884464,3597,4,25,8,14,5,2,0,0,2,1,9,7.5,6.5,7,22,9,6,4,0
CRS3035RES200mN2532600E3915800,CRS3035RES1000mN2532000E3915000,CRS3035RES1000mN2532000E3915000,0,0,"69389,69081",743.5,262,119,94,57,2,38,10522082,15126,261,1,0,261,1,0,0,260,47,28,77.5,100,54,120,143,76,61,28,9
CRS3035RES200mN2532600E3916000,CRS3035RES1000mN2532000E3916000,CRS3035RES1000mN2532000E3916000,1,0,69389,10,2.8,0.5,0.7,0.9,1.6,0.2,314482.8,399.1,0.9,1.9,2.6,0,0,0.2,0,0.2,0,0,0.2,1.2,2.8,2.1,1.6,1.6,0.5,0,0
CRS3035RES200mN2532600E3916200,CRS3035RES1000mN2532000E3916000,CRS3035RES1000mN2532000E3916000,0,0,69389,109,60,10,39,4,12,2,2342347.3,3354,58,2,53,0,0,7,0,6,2,1,6,6,16,26,20,12,20,0,0
CRS3035RES200mN2532600E3916400,CRS3035RES1000mN2532000E3916000,CRS3035RES1000mN2532000E3916000,0,0,69389,140,86,13,59,3,19,6,2823978.5,4614,83,3,65,0,9,12,0,19,4,3.5,8,10.5,11,49,29,12,8,4,1
CRS3035RES200mN2532600E3916600,CRS3035RES1000mN2532000E3916000,CRS3035RES1000mN2532000E3916000,0,0,69389,107,61,20,36,3,11,6,2074178.7,3049,60,1,51,10,0,0,0,30,3,2,2,5,17,33,17,9,14,5,0
CRS3035RES200mN2532600E3916800,CRS3035RES1000mN2532000E3916000,CRS3035RES1000mN2532000E3916000,0,0,69389,1294.5,703,116,369,24,181,55,31032536.9,40799,703,0,144,8,16,534,1,155,73,25,65.5,59,163,510,208,78,86,27,0
CRS3035RES200mN2532600E3917000,CRS3035RES1000mN2532000E3917000,CRS3035RES1000mN2532000E3917000,1,0,69389,19.5,10.2,0.5,3.7,0,3.2,1.1,592486.1,839.3,9.6,0.6,5.4,4.8,0,0,0,0,0.5,0.5,1.1,0.8,1.6,8.6,4.8,0.5,1.1,0,0
CRS3035RES200mN2532600E3917200,CRS3035RES1000mN2532000E3917000,CRS3035RES1000mN2532000E3917000,0,0,"69384,69389",252,143,38,82,3,32,10,6750647.6,7597,143,0,17,0,63,63,0,63,16,5,10,13.5,13,91.5,51,28,21,3,0
CRS3035RES200mN2532600E3917400,CRS3035RES1000mN2532000E3917000,CRS3035RES1000mN2532000E3917000,0,0,69384,26,14,2,6,0,11,1,892485.2,1926,10,4,14,0,0,0,0,0,1,0,0,0,3,9,4,4,5,0,0
CRS3035RES200mN2532600E3917600,CRS3035RES1000mN2532000E3917000,CRS3035RES1000mN2532000E3917000,0,0,69384,256.5,124,9,51,5,80,16,7520346.6,10222,119,5,5,48,71,0,0,0,11,3,9.5,26,18,29,55,26,54,25,0
CRS3035RES200mN2532600E3917800,CRS3035RES1000mN2532000E3917000,CRS3035RES1000mN2532000E3917000,0,0,69384,262,88,22,26,20,0,12,4637560.2,7530,88,0,0,88,0,0,0,88,11,4,28,38,29,19,52,32,34,15,0
CRS3035RES200mN2532600E3918000,CRS3035RES1000mN2532000E3918000,CRS3035RES200mN2532600E3918000,0,0,69384,173.5,81,4,32,7,49,3,5903342.1,6551,76,5,1,36,0,44,0,0,1.5,4,9,19,13,27,39,22,29,10,0
CRS3035RES200mN2532600E3918200,CRS3035RES1000mN2532000E3918000,CRS3035RES200mN2532600E3918200,0,0,69384,309,149,12,59,7,87,16,9350613.2,10952,148,1,1,68,17,63,0,13,12,10.5,16.5,33,12,60,72,35,30,28,0
CRS3035RES200mN2532600E3918400,CRS3035RES1000mN2532000E3918000,CRS3035RES200mN2532600E3918400,0,0,69384,900.5,420,73,177,37,24,79,18178677.8,27241,420,0,17,327,0,76,0,0,35.5,35.5,83,83,53.5,151,204,83,134,38,0
CRS3035RES200mN2532600E3918600,CRS3035RES1000mN2532000E3918000,CRS3035RES200mN2532600E3918600,0,0,69384,289.5,159,20,93,6,44,21,7216346.1,10359,154,5,5,65,89,0,0,88,10,5,7,29.5,19,39,44,37,34,65,0
CRS3035RES200mN2532600E3918800,CRS3035RES1000mN2532000E3918000,CRS3035RES200mN2532600E3918800,0,0,"69384,69034",190,113,18,70,1,28,12,4951728.3,6609,111,2,101,0,0,12,0,12,6,4,8,14.5,13.5,60,40,15,20,9,0
CRS3035RES200mN2532600E3919000,CRS3035RES1000mN2532000E3919000,CRS3035RES200mN2532600E3919000,0,0,"69384,69034",622,331,42,172,7,143,19,18714541.2,21916,322,9,52,18,48,212,1,3,26,19,32,33,50,154,133,62,79,34,0
CRS3035RES200mN2532600E3919200,CRS3035RES1000mN2532000E3919000,CRS3035RES200mN2532600E3919200,0,0,"69384,69034",745.5,337,63,141,22,127,50,18998947.3,23734,315,22,134,0,18,184,1,123,32,21,55,79,64.5,166,188,86,44,10,0
CRS3035RES200mN2532600E3919400,CRS3035RES1000mN2532000E3919000,CRS3035RES200mN2532600E3919400,0,0,"69034,69384",643.5,316,45,148,16,199,31,17942986,20779,293,23,237,44,5,30,0,6,39.5,11,34,48.5,60.5,195,149,56,34,15,1
CRS3035RES200mN2532600E3919800,CRS3035RES1000mN2532000E3919000,CRS3035RES200mN2532600E3919800,0,0,"69034,69386",39,17,0,8,2,14,1,1452306.9,1864,17,0,17,0,0,0,0,0,2,0,3,6,3,12,10,2,1,0,0
CRS3035RES200mN2532600E3920200,CRS3035RES1000mN2532000E3920000,CRS3035RES1000mN2532000E3920000,0,0,69386,263,118,3,31,7,97,7,10621888.5,14359,118,0,0,0,0,118,0,0,5.5,1,11,21.5,19,24,52,47,67,15,0
CRS3035RES200mN2532800E3915600,CRS3035RES1000mN2532000E3915000,CRS3035RES1000mN2532000E3915000,0,0,"69081,69389",143,70,12,35,5,13,8,3727371.5,5872,56,14,5,16,49,0,0,56,4,3,6,14,15,15,31,23,22,10,0
CRS3035RES200mN2532800E3915800,CRS3035RES1000mN2532000E3915000,CRS3035RES1000mN2532000E3915000,0,0,69389,768.5,356,118,158,32,59,55,12061513.2,19239,356,0,0,356,0,0,0,261,71.5,28,46,50,41,174,117,76,115,50,0
CRS3035RES200mN2532800E3916000,CRS3035RES1000mN2532000E3916000,CRS3035RES1000mN2532000E3916000,0,0,69389,632,271,57,103,25,85,50,11611170.4,19641,270,1,1,270,0,0,0,116,42,24,44,63.5,41.5,119,112,82,71,33,0
CRS3035RES200mN2532800E3916200,CRS3035RES1000mN2532000E3916000,CRS3035RES1000mN2532000E3916000,1,0,69389,21,5.9,1,1.5,2,3.4,0.5,660413.8,838,2,3.9,5.4,0,0,0.5,0,0.5,0,0,0.5,2.4,5.9,4.4,3.4,3.4,1,0,0
CRS3035RES200mN2532800E3917200,CRS3035RES1000mN2532000E3917000,CRS3035RES1000mN2532000E3917000,1,0,"69389,69384",13,6.8,0.4,2.5,0,2.1,0.7,394990.7,559.5,6.4,0.4,3.6,3.2,0,0,0,0,0.3,0.4,0.7,0.5,1.1,5.7,3.2,0.4,0.7,0,0
CRS3035RES200mN2532800E3917400,CRS3035RES1000mN2532000E3917000,CRS3035RES1000mN2532000E3917000,0,0,"69384,69389",261,120,12,50,8,73,13,7790903.1,10870,118,2,18,0,102,0,0,15,10,2,10.5,27.5,29,34,64,27,41,16,0
CRS3035RES200mN2532800E3917600,CRS3035RES1000mN2532000E3917000,CRS3035RES1000mN2532000E3917000,0,0,69384,176,94,13,45,2,39,18,3767461.7,5442,93,1,1,93,0,0,0,31,11,6,9.5,12.5,6,52,36,15,16,12,0
CRS3035RES200mN2532800E3918000,CRS3035RES1000mN2532000E3918000,CRS3035RES200mN2532800E3918000,0,0,69384,410.5,141,20,37,22,46,27,8891433,11396,134,7,2,52,53,34,0,53,22,21.5,53,65,22,60,105,25,15,22,0
CRS3035RES200mN2532800E3918200,CRS3035RES1000mN2532000E3918000,CRS3035RES200mN2532800E3918200,0,0,69384,981,432,29,160,26,219,48,29446479.5,34114,431,1,0,40,139,253,0,62,51.5,22.5,61.5,108.5,76.5,207.5,225,84,82,60,2
CRS3035RES200mN2532800E3918400,CRS3035RES1000mN2532000E3918000,CRS3035RES200mN2532800E3918400,0,0,"69384,69034",234,93,3,20,9,76,5,9401512.5,10615,51,42,21,7,0,65,0,0,7,4,8,28,18,29,47,38,39,16,0
CRS3035RES200mN2532800E3918600,CRS3035RES1000mN2532000E3918000,CRS3035RES200mN2532800E3918600,0,0,"69034,69384",132,59,1,22,2,22,6,3948894.1,4382,41,18,15,3,1,40,0,15,7,2,8,10.5,12.5,43,30,6,12,1,0
CRS3035RES200mN2532800E3918800,CRS3035RES1000mN2532000E3918000,CRS3035RES200mN2532800E3918800,0,0,"69034,69384",257,127,11,58,4,71,10,7987819.1,8476,126,1,36,3,8,80,0,0,12.5,4,15,15.5,25,54,66,20,32,13,0
CRS3035RES200mN2532800E3919200,CRS3035RES1000mN2532000E3919000,CRS3035RES200mN2532800E3919200,0,0,"69034,69384",198.5,90,8,29,3,69,8,6124064.6,6974,90,0,0,0,72,18,0,0,10,6,12,13,9.5,46,35,26,37,4,0
CRS3035RES200mN2532800E3920200,CRS3035RES1000mN2532000E3920000,CRS3035RES1000mN2532000E3920000,0,0,"69386,69034",258.5,110,8,31,4,42,8,9528076,9440,110,0,0,0,0,110,0,0,15,10,19,18.5,15,66,66,17,24,8,0
CRS3035RES200mN2533000E3915600,CRS3035RES1000mN2533000E3915000,CRS3035RES1000mN2533000E3915000,0,0,"69081,69389",213.5,75,11,26,18,5,13,3855930.2,4708,70,5,2,71,1,1,0,70,9.5,9,33,36,12,33,42,20,9,10,0
CRS3035RES200mN2533000E3915800,CRS3035RES1000mN2533000E3915000,CRS3035RES1000mN2533000E3915000,0,0,"69389,69081",145,56,8,19,9,27,9,2629673.5,3813,56,0,0,30,0,26,0,29,7,2,14,22,13,32,28,9,11,7,0
CRS3035RES200mN2533000E3916000,CRS3035RES1000mN2533000E3916000,CRS3035RES1000mN2533000E3916000,0,0,69389,353,178,18,78,8,141,19,8230410.8,13366,178,0,0,178,0,0,0,0,17,8.5,19.5,22,22,66,56,38,54,50,0
CRS3035RES200mN2533000E3916200,CRS3035RES1000mN2533000E3916000,CRS3035RES1000mN2533000E3916000,0,0,69389,440.5,179,35,78,22,27,22,8102528,12053,179,0,0,0,93,86,0,102,37,18.5,39.5,43,32.5,128,82,34,24,2,0
CRS3035RES200mN2533000E3916400,CRS3035RES1000mN2533000E3916000,CRS3035RES1000mN2533000E3916000,1,0,69389,29,9.2,0.4,1.3,0.9,4.8,1.3,917523.7,1053.6,4.8,4.4,2.6,5.7,0.4,0.5,0,0,0.9,1.3,2.8,4.4,0.9,3,8.7,4.4,2.2,0,0.4
CRS3035RES200mN2533000E3916600,CRS3035RES1000mN2533000E3916000,CRS3035RES1000mN2533000E3916000,0,0,69389,25,14,0,8,0,9,1,610682.4,842,12,2,0,12,2,0,0,0,1,2,1,0,2,8,6,2,1,2,0
CRS3035RES200mN2533000E3917000,CRS3035RES1000mN2533000E3917000,CRS3035RES1000mN2533000E3917000,0,0,69389,417,181,22,66,11,59,22,10236377.2,11713,181,0,0,0,52,129,0,57,35,17,33.5,35,27.5,141,81,20,17,9,1
CRS3035RES200mN2533000E3917200,CRS3035RES1000mN2533000E3917000,CRS3035RES1000mN2533000E3917000,0,0,69389,1043,453,78,175,36,109,67,22215102,32090,453,0,0,0,113,339,1,211,81,46,72,87,78,338,164,84,73,20,0
CRS3035RES200mN2533000E3917400,CRS3035RES1000mN2533000E3917000,CRS3035RES1000mN2533000E3917000,1,0,"69389,69384",18,7.3,1.1,2.7,0.7,4.1,1.1,489877.2,644.4,5,2.3,6.2,0.9,0,0.2,0,1.6,0.7,0.7,1.8,2.7,0.5,3.9,2.7,3.2,1.1,0.7,0
CRS3035RES200mN2533000E3917600,CRS3035RES1000mN2533000E3917000,CRS3035RES1000mN2533000E3917000,1,0,69384,20,8.1,1.3,3,0.8,4.6,1.3,544308,715.9,5.6,2.5,6.8,1,0,0.3,0,1.8,0.8,0.8,2,3,0.5,4.3,3,3.5,1.3,0.8,0
CRS3035RES200mN2533000E3917800,CRS3035RES1000mN2533000E3917000,CRS3035RES1000mN2533000E3917000,0,0,69384,224.5,89,3,22,6,54,16,8790654.7,9106,89,0,0,0,0,89,0,0,6.5,6.5,15,20.5,26,24,57,41,26,2,0
CRS3035RES200mN2533000E3918000,CRS3035RES1000mN2533000E3918000,CRS3035RES1000mN2533000E3918000,0,0,69384,188,58,3,7,10,20,12,5304839.5,5896,3,55,4,0,1,53,0,0,4,5,17,33,23,20,57,23,6,0,0
CRS3035RES200mN2533000E3918200,CRS3035RES1000mN2533000E3918000,CRS3035RES1000mN2533000E3918000,0,0,"69384,69034",195.5,112,12,69,3,46,6,6015815.5,7200,98,14,18,45,0,49,0,47,6,3.5,6.5,8.5,16,26,24,27,35,43,0
CRS3035RES200mN2533000E3918400,CRS3035RES1000mN2533000E3918000,CRS3035RES1000mN2533000E3918000,0,0,"69034,69384",295,131,1,42,9,108,9,10887327,12960,95,36,22,8,92,9,0,0,9,8,22,26,12,34,50,33,75,26,0
CRS3035RES200mN2533000E3920200,CRS3035RES1000mN2533000E3920000,CRS3035RES1000mN2533000E3920000,0,0,"69034,69386",331.5,169,32,83,10,56,22,7428011,11495,169,0,65,54,39,11,0,51,15,15,15,23.5,24,83,74,30,30,15,7
CRS3035RES200mN2533200E3915800,CRS3035RES1000mN2533000E3915000,CRS3035RES1000mN2533000E3915000,0,0,"69389,69081",139.5,62,0,24,4,52,6,3139369.6,4240,59,3,0,0,1,61,0,0,12,6,7,10,10.5,49,34,7,4,0,0
CRS3035RES200mN2533200E3916000,CRS3035RES1000mN2533000E3916000,CRS3035RES1000mN2533000E3916000,0,0,69389,511,239,31,113,23,150,22,11620992,16991,238,1,0,0,74,165,0,40,38,14.5,43.5,34.5,35.5,139,98,44,53,11,0
CRS3035RES200mN2533200E3916200,CRS3035RES1000mN2533000E3916000,CRS3035RES1000mN2533000E3916000,1,0,69389,24.5,7.7,0.4,1.1,0.7,4.1,1.1,775149.3,890.1,4,3.7,2.2,4.8,0.3,0.4,0,0,0.7,1.1,2.4,3.7,0.7,2.6,7.4,3.7,1.8,0,0.4
CRS3035RES200mN2533200E3916600,CRS3035RES1000mN2533000E3916000,CRS3035RES1000mN2533000E3916000,0,0,69389,398,239,21,136,5,177,21,10109204.3,17192,238,1,0,0,239,0,0,0,13,8,13.5,13.5,31,71,77,49,71,51,0
CRS3035RES200mN2533200E3916800,CRS3035RES1000mN2533000E3916000,CRS3035RES1000mN2533000E3916000,0,0,69389,403,202,54,100,13,78,18,8109227.3,13063,190,12,0,101,23,78,0,78,22,13,28,32,18,87,81,34,73,15,0
CRS3035RES200mN2533200E3917000,CRS3035RES1000mN2533000E3917000,CRS3035RES1000mN2533000E3917000,0,0,69389,66,21,4,4,4,0,5,1094748.9,1364,21,0,0,21,0,0,0,0,5,6,5,8,4,16,8,5,8,1,0
CRS3035RES200mN2533200E3917200,CRS3035RES1000mN2533000E3917000,CRS3035RES1000mN2533000E3917000,0,0,69389,694,351,75,162,12,46,52,15726552.8,20221,347,4,63,0,0,287,1,98,57,24,40.5,39,68.5,285,114,47,15,3,1
CRS3035RES200mN2533200E3917400,CRS3035RES1000mN2533000E3917000,CRS3035RES1000mN2533000E3917000,1,0,"69389,69384",20,8.1,1.3,3,0.8,4.6,1.3,544308,715.9,5.6,2.5,6.8,1,0,0.3,0,1.8,0.8,0.8,2,3,0.5,4.3,3,3.5,1.3,0.8,0
CRS3035RES200mN2533200E3917800,CRS3035RES1000mN2533000E3917000,CRS3035RES1000mN2533000E3917000,0,0,69384,172.5,102,6,56,1,57,12,5366474.4,6936,101,1,0,0,76,26,0,0,2,3,9.5,14.5,9.5,42,45,28,15,4,0
CRS3035RES200mN2533200E3918000,CRS3035RES1000mN2533000E3918000,CRS3035RES1000mN2533000E3918000,1,0,"69384,69034",42.5,18.5,2.2,5.9,2.2,16.3,2.2,1558533.2,2171.6,6.7,11.8,11.1,4.4,1.5,1.5,0,0,2.2,0,0,4.1,5.2,6.7,8.1,7.4,8.1,0.7,0
CRS3035RES200mN2533200E3918200,CRS3035RES1000mN2533000E3918000,CRS3035RES1000mN2533000E3918000,1,0,"69034,69384",15,6.5,0.8,2.1,0.8,5.7,0.8,550070.5,766.4,2.3,4.2,3.9,1.6,0.5,0.5,0,0,0.8,0,0,1.4,1.8,2.3,2.9,2.6,2.9,0.3,0
CRS3035RES200mN2533400E3915400,CRS3035RES1000mN2533000E3915000,CRS3035RES1000mN2533000E3915000,0,0,"69389,69081",188.5,63,22,18,16,4,11,2925298.1,4719,54,9,4,0,1,58,0,51,12.5,7,18,29,13,27,34,19,23,6,0
CRS3035RES200mN2533400E3915600,CRS3035RES1000mN2533000E3915000,CRS3035RES1000mN2533000E3915000,0,0,"69389,69081",408,153,54,54,29,62,20,7428166.2,10727,141,12,4,77,3,69,0,76,29.5,18.5,38.5,36.5,39,93,73,46,26,7,1
CRS3035RES200mN2533400E3915800,CRS3035RES1000mN2533000E3915000,CRS3035RES1000mN2533000E3915000,0,0,"69389,69081",229,93,34,44,13,1,12,3698559.6,5084,92,1,0,0,1,92,0,27,16,13,22,31.5,32.5,52,39,13,9,1,0
CRS3035RES200mN2533400E3916000,CRS3035RES1000mN2533000E3916000,CRS3035RES1000mN2533000E3916000,0,0,69389,754.5,286,65,111,47,94,30,13719001.3,18606,286,0,0,0,0,286,0,167,39,25,75,92,55.5,192,135,58,61,21,1
CRS3035RES200mN2533400E3916400,CRS3035RES1000mN2533000E3916000,CRS3035RES1000mN2533000E3916000,0,0,69389,781.5,306,97,123,58,0,50,11954378.6,17849,306,0,1,305,0,0,0,305,36,23,72.5,90,62,113,163,92,85,45,0
CRS3035RES200mN2533400E3916600,CRS3035RES1000mN2533000E3916000,CRS3035RES1000mN2533000E3916000,0,0,69389,322,158,8,62,4,116,13,7987260.5,12184,158,0,0,158,0,0,0,0,22,8,14.5,15.5,13,83,56,36,50,24,0
CRS3035RES200mN2533400E3916800,CRS3035RES1000mN2533000E3916000,CRS3035RES1000mN2533000E3916000,0,0,69389,433,180,34,53,20,112,28,8819165.3,11732,180,0,109,70,0,1,0,4,12,14,27,48.5,34.5,96,94,39,59,9,0
CRS3035RES200mN2533400E3917000,CRS3035RES1000mN2533000E3917000,CRS3035RES1000mN2533000E3917000,0,0,69389,648,322,101,173,22,29,34,11083102.9,16942,302,20,23,111,0,184,4,125,43,25.5,47.5,59,36,155,132,50,73,27,0
CRS3035RES200mN2533400E3917200,CRS3035RES1000mN2533000E3917000,CRS3035RES1000mN2533000E3917000,1,0,69389,6,2.4,0.4,0.9,0.2,1.4,0.4,163292.4,214.8,1.7,0.7,2,0.3,0,0.1,0,0.5,0.2,0.2,0.6,0.9,0.2,1.3,0.9,1.1,0.4,0.2,0
CRS3035RES200mN2533400E3917800,CRS3035RES1000mN2533000E3917000,CRS3035RES1000mN2533000E3917000,0,0,"69384,69389",124.5,65,9,25,1,47,6,4143812,6186,65,0,0,0,65,0,0,0,1.5,1,6.5,7.5,5,15,34,20,29,4,1
CRS3035RES200mN2533400E3918000,CRS3035RES1000mN2533000E3918000,CRS3035RES1000mN2533000E3918000,0,0,"69384,69034",292,150,10,71,7,101,8,10701236.3,13271,139,11,1,0,140,9,0,0,10,3.5,8,23.5,20,40,74,45,51,17,0
CRS3035RES200mN2533400E3918200,CRS3035RES1000mN2533000E3918000,CRS3035RES1000mN2533000E3918000,0,0,"69034,69384",202,94,5,34,2,52,13,6931663.6,7750,79,15,7,1,0,86,0,0,9,6.5,6.5,17,18,42,43,35,20,5,0
CRS3035RES200mN2533600E3915200,CRS3035RES1000mN2533000E3915000,CRS3035RES1000mN2533000E3915000,1,0,"69081,69389",2,0.6,0,0.1,0.1,0.5,0.1,68957.7,87.9,0.1,0.5,0.1,0.2,0.1,0.2,0,0,0.1,0,0.2,0.2,0.4,0.2,0.5,0.2,0.1,0.1,0
CRS3035RES200mN2533600E3915400,CRS3035RES1000mN2533000E3915000,CRS3035RES1000mN2533000E3915000,0,0,"69389,69081",125,54,18,26,6,0,6,1908978.1,3425,54,0,0,53,1,0,0,53,8,1,10,8,11,23,18,24,18,4,0
CRS3035RES200mN2533600E3915600,CRS3035RES1000mN2533000E3915000,CRS3035RES1000mN2533000E3915000,0,0,69389,793,301,104,108,47,26,56,12298530.7,19598,301,0,0,301,0,0,0,271,35.5,24.5,62.5,119.5,53,134,144,92,90,36,2
CRS3035RES200mN2533600E3915800,CRS3035RES1000mN2533000E3915000,CRS3035RES1000mN2533000E3915000,0,0,"69389,69040",419,192,60,101,24,24,20,6704855.8,11324,192,0,0,88,44,60,0,155,32,19,40,36,26,74,86,29,49,28,0
CRS3035RES200mN2533600E3916000,CRS3035RES1000mN2533000E3916000,CRS3035RES1000mN2533000E3916000,0,0,"69389,69040",780,280,85,86,50,65,35,13545202.1,20020,280,0,0,113,0,167,0,159,72,35,63.5,92.5,48,201,130,57,62,19,0
CRS3035RES200mN2533600E3916400,CRS3035RES1000mN2533000E3916000,CRS3035RES1000mN2533000E3916000,0,0,69389,126.5,42,12,10,8,0,8,2060965.1,3929,42,0,0,0,0,42,0,42,10.5,5,20.5,15.5,14,25,24,5,6,1,0
CRS3035RES200mN2533600E3916600,CRS3035RES1000mN2533000E3916000,CRS3035RES1000mN2533000E3916000,0,0,69389,974,393,81,144,48,81,67,17632084,27937,393,0,0,393,0,0,0,287,69.5,41.5,95.5,101.5,62,177,163,117,100,47,0
CRS3035RES200mN2533600E3916800,CRS3035RES1000mN2533000E3916000,CRS3035RES1000mN2533000E3916000,0,0,"69389,69194",17,11,0,6,0,0,1,452210.2,663,11,0,11,0,0,0,0,0,0,0,0,1,2,11,2,1,0,0,0
CRS3035RES200mN2533600E3917000,CRS3035RES1000mN2533000E3917000,CRS3035RES1000mN2533000E3917000,0,0,"69389,69194",252,127,29,61,10,25,17,4913100.2,6751,122,5,125,1,0,1,0,88,13.5,11,17,12.5,17,52,60,26,27,16,0
CRS3035RES200mN2533600E3917400,CRS3035RES1000mN2533000E3917000,CRS3035RES1000mN2533000E3917000,0,0,69389,40,24,6,13,0,9,5,753225.7,1340,23,1,18,1,0,5,0,0,2,2,2,1,4,16,4,3,3,3,0
CRS3035RES200mN2533600E3917600,CRS3035RES1000mN2533000E3917000,CRS3035RES1000mN2533000E3917000,0,0,69389,71.5,26,12,9,4,4,7,1179693.1,1884,23,3,24,0,2,0,0,18,6,2,8.5,7,8,14,13,8,5,0,0
CRS3035RES200mN2533600E3917800,CRS3035RES1000mN2533000E3917000,CRS3035RES1000mN2533000E3917000,0,0,"69389,69384,69034",150,84,4,39,0,14,7,4603125.6,4586,84,0,0,0,0,84,0,0,14,4,1.5,0.5,17,94,11,4,4,0,0
CRS3035RES200mN2533600E3918000,CRS3035RES1000mN2533000E3918000,CRS3035RES1000mN2533000E3918000,0,0,"69034,69384,69389",200,96,2,39,3,73,13,5402862.7,6475,95,1,0,96,0,0,0,0,14,4,17.5,17.5,8,52,53,21,9,4,0
CRS3035RES200mN2533800E3915400,CRS3035RES1000mN2533000E3915000,CRS3035RES1000mN2533000E3915000,1,0,"69081,69389,69040",14,4.2,0.2,0.8,0.8,3.2,0.8,482703.6,615.2,0.4,3.8,1,1.3,0.4,1.5,0,0,0.4,0,1.1,1.7,3,1.1,3.8,1.3,0.8,0.8,0
CRS3035RES200mN2533800E3915600,CRS3035RES1000mN2533000E3915000,CRS3035RES1000mN2533000E3915000,0,0,"69389,69040",158.5,69,11,28,7,34,10,3493681.6,5214,63,6,3,5,1,60,0,21,7,4,9,19.5,17,37,29,15,16,5,0
CRS3035RES200mN2533800E3915800,CRS3035RES1000mN2533000E3915000,CRS3035RES1000mN2533000E3915000,0,0,"69040,69389",693,309,110,138,31,67,39,11992683.1,20412,306,3,1,170,109,29,0,228,37.5,28,52,70,30.5,126,119,71,89,61,9
CRS3035RES200mN2533800E3916000,CRS3035RES1000mN2533000E3916000,CRS3035RES1000mN2533000E3916000,0,0,"69040,69389",328,146,21,59,9,41,15,7797651.2,9315,124,22,13,0,2,131,0,57,18,16.5,26,22.5,23,107,61,29,17,8,0
CRS3035RES200mN2533800E3916200,CRS3035RES1000mN2533000E3916000,CRS3035RES1000mN2533000E3916000,0,0,"69389,69040",347,118,16,23,20,4,16,7287762.5,9436,117,1,10,72,0,36,0,69,38.5,16,33.5,25,22,108,51,25,21,7,0
CRS3035RES200mN2533800E3916400,CRS3035RES1000mN2533000E3916000,CRS3035RES1000mN2533000E3916000,0,0,"69389,69040",439.5,227,23,111,9,162,22,10303018.1,17701,224,3,2,167,41,16,1,0,16,9,24.5,26.5,26.5,86,71,57,76,47,0
CRS3035RES200mN2533800E3916600,CRS3035RES1000mN2533000E3916000,CRS3035RES1000mN2533000E3916000,0,0,"69389,69194,69040",50.5,16,6,7,3,6,0,941000.1,1332,12,4,13,3,0,0,0,0,1,2.5,2,5,6,7,10,9,7,1,0
CRS3035RES200mN2533800E3916800,CRS3035RES1000mN2533000E3916000,CRS3035RES1000mN2533000E3916000,1,0,"69194,69389",13,4.1,0.2,0.6,0.4,2.2,0.6,411303.7,472.3,2.1,2,1.2,2.5,0.2,0.2,0,0,0.4,0.6,1.3,1.9,0.4,1.4,3.9,1.9,1,0,0.2
CRS3035RES200mN2533800E3917000,CRS3035RES1000mN2533000E3917000,CRS3035RES1000mN2533000E3917000,0,0,"69194,69389",34.5,15,3,6,2,3,3,885518.7,1198,12,3,14,0,1,0,0,7,2,2,3,0.5,6,8,8,1,3,1,0
CRS3035RES200mN2533800E3917200,CRS3035RES1000mN2533000E3917000,CRS3035RES1000mN2533000E3917000,0,0,"69389,69194",326.5,136,36,44,20,13,31,5848331.9,8824,121,15,0,135,1,0,0,121,21,12,26.5,25,25,60,60,44,34,19,0
CRS3035RES200mN2533800E3917400,CRS3035RES1000mN2533000E3917000,CRS3035RES1000mN2533000E3917000,1,0,69389,15,6.1,0.9,2.3,0.6,3.4,0.9,408231,537,4.2,1.9,5.1,0.8,0,0.2,0,1.3,0.6,0.6,1.5,2.3,0.4,3.2,2.3,2.6,0.9,0.6,0
CRS3035RES200mN2533800E3917600,CRS3035RES1000mN2533000E3917000,CRS3035RES1000mN2533000E3917000,0,0,69389,380.5,180,31,78,12,64,24,8484312.3,10881,180,0,0,0,0,180,0,59,43,11.5,26.5,28.5,17,176,51,20,6,1,0
CRS3035RES200mN2533800E3917800,CRS3035RES1000mN2533000E3917000,CRS3035RES1000mN2533000E3917000,0,0,69389,134,62,0,23,2,41,5,3733869.5,3886,62,0,0,0,0,62,0,11,18,9,3,4,5,68,22,2,3,0,0
CRS3035RES200mN2533800E3918200,CRS3035RES1000mN2533000E3918000,CRS3035RES1000mN2533000E3918000,0,0,"69034,69389",120.5,57,7,26,2,44,6,3335890.8,4842,53,4,3,54,0,0,0,0,11,5.5,6,10,4,25,27,9,16,7,0
CRS3035RES200mN2534000E3916200,CRS3035RES1000mN2534000E3916000,CRS3035RES1000mN2534000E3916000,0,0,"69040,69389",31,17,4,8,0,8,0,967490.6,1449,11,6,6,0,1,10,0,0,0,2,0,1,2,7,5,3,7,4,0
CRS3035RES200mN2534000E3916400,CRS3035RES1000mN2534000E3916000,CRS3035RES1000mN2534000E3916000,0,0,"69040,69194,69389",35,17,0,5,0,11,3,1244697.3,1695,12,5,12,0,0,5,0,0,2,1,0,2,4,10,14,2,0,0,0
CRS3035RES200mN2534000E3916600,CRS3035RES1000mN2534000E3916000,CRS3035RES1000mN2534000E3916000,0,0,"69194,69040,69389",29,14,0,4,1,9,3,918499.5,1170,10,4,13,1,0,0,0,0,3,0,1,4,1,9,6,2,2,1,0
CRS3035RES200mN2534000E3917200,CRS3035RES1000mN2534000E3917000,CRS3035RES1000mN2534000E3917000,0,0,"69194,69389",34,17,2,7,1,4,4,1060894.6,1316,12,5,12,0,5,0,0,0,3.5,1.5,3,1,2,14,6,0,2,1,0
CRS3035RES200mN2534000E3917600,CRS3035RES1000mN2534000E3917000,CRS3035RES1000mN2534000E3917000,1,0,69389,20,7.2,0.1,1.1,1,5.3,0.4,817383.9,1158.1,1.5,5.7,0.6,1.8,3.3,1.5,0,0,0.6,0.3,1.6,2.5,1.7,2.1,4.5,2.9,3,0.8,0
CRS3035RES200mN2534000E3918000,CRS3035RES1000mN2534000E3918000,CRS3035RES1000mN2534000E3918000,0,0,69389,64,29,9,12,3,6,4,1388392.9,1766,27,2,1,27,1,0,0,21,4,3,4,7,3,16,16,4,3,4,0
CRS3035RES200mN2534000E3918200,CRS3035RES1000mN2534000E3918000,CRS3035RES1000mN2534000E3918000,0,0,"69389,69034",47,26,2,14,1,1,4,893886.2,1435,26,0,0,26,0,0,0,21,0,4,2,3,0,10,13,4,9,2,0
CRS3035RES200mN2534200E3917400,CRS3035RES1000mN2534000E3917000,CRS3035RES1000mN2534000E3917000,0,0,"69194,69389",23.5,12,2,5,0,0,3,601623.7,666,12,0,0,12,0,0,0,12,1,0,1,2.5,3,1,11,4,0,0,0
CRS3035RES200mN2534200E3917600,CRS3035RES1000mN2534000E3917000,CRS3035RES1000mN2534000E3917000,0,0,"69389,69194",45,16,0,1,2,14,4,1368472.8,1228,2,14,1,12,3,0,0,0,2,1,2,3,4,9,9,3,7,5,0
CRS3035RES200mN2534200E3917800,CRS3035RES1000mN2534000E3917000,CRS3035RES1000mN2534000E3917000,0,0,69389,166,73,3,27,3,62,4,5879019.6,7539,55,18,2,16,55,0,0,0,4,2,7,15,23,17,35,21,34,8,0
CRS3035RES200mN2534200E3918000,CRS3035RES1000mN2534000E3918000,CRS3035RES1000mN2534000E3918000,0,0,69389,179,91,0,35,1,67,7,6124150.9,7706,91,0,0,0,91,0,0,0,11,3,10,4,8,32,33,15,48,15,0
CRS3035RES200mN2534200E3918200,CRS3035RES1000mN2534000E3918000,CRS3035RES1000mN2534000E3918000,0,0,69389,76,36,7,15,2,4,9,1308650.5,2109,34,2,1,34,1,0,0,31,4,2,8,6,7,14,13,9,9,3,1
CRS3035RES200mN2534200E3918400,CRS3035RES1000mN2534000E3918000,CRS3035RES1000mN2534000E3918000,0,0,"69389,69034",180.5,61,24,14,11,8,12,3356700.5,4541,56,5,4,52,1,4,0,52,12,14,20,21.5,8,37,36,14,14,4,0
CRS3035RES200mN2534200E3918600,CRS3035RES1000mN2534000E3918000,CRS3035RES1000mN2534000E3918000,1,0,"69389,69034",13,6.2,1.3,2.3,0,3.4,0.8,365049.1,548.6,4.4,1.8,5.7,0,0.2,0.3,0,0,0.2,0.3,0.5,1.3,2.1,2.9,2.6,1.3,1.8,0,0
CRS3035RES200mN2534200E3918800,CRS3035RES1000mN2534000E3918000,CRS3035RES1000mN2534000E3918000,0,0,"69034,69389",86.5,35,6,9,3,16,6,2677259.9,3129,31,4,20,3,5,7,0,4,5,3,6.5,11,11,20,21,5,1,3,0
CRS3035RES200mN2534200E3919000,CRS3035RES1000mN2534000E3919000,CRS3035RES1000mN2534000E3919000,0,0,"69034,69389",52.5,29,3,14,1,14,6,1247310.5,1936,27,2,28,1,0,0,0,0,3,0.5,2.5,2.5,5,14,14,7,1,3,0
CRS3035RES200mN2534400E3917600,CRS3035RES1000mN2534000E3917000,CRS3035RES1000mN2534000E3917000,1,0,"69194,69389",6,2.2,0,0.3,0.3,1.6,0.1,245215.2,347.4,0.5,1.7,0.2,0.5,1,0.5,0,0,0.2,0.1,0.5,0.7,0.5,0.6,1.4,0.9,0.9,0.2,0
CRS3035RES200mN2534400E3917800,CRS3035RES1000mN2534000E3917000,CRS3035RES1000mN2534000E3917000,0,0,"69389,69194",313.5,163,8,70,5,62,27,10048160.8,12952,156,7,3,2,108,50,0,13,13,5.5,13,22.5,32.5,86,78,27,28,8,0
CRS3035RES200mN2534400E3918000,CRS3035RES1000mN2534000E3918000,CRS3035RES1000mN2534000E3918000,0,0,69389,157.5,80,4,40,3,57,6,4681065.4,6621,66,14,14,5,57,4,0,0,5,6,10,10.5,7,34,26,22,27,10,0
CRS3035RES200mN2534400E3918200,CRS3035RES1000mN2534000E3918000,CRS3035RES1000mN2534000E3918000,0,0,69389,114,46,0,10,3,35,2,4255288.6,5751,8,38,15,6,4,21,0,0,4,1,2,9,8,24,21,15,27,3,0
CRS3035RES200mN2534400E3918400,CRS3035RES1000mN2534000E3918000,CRS3035RES1000mN2534000E3918000,0,0,69389,109,58,7,28,0,19,2,2697762,3740,51,7,8,1,26,23,0,0,7,4,4,1,11,40,19,12,10,1,0
CRS3035RES200mN2534400E3918600,CRS3035RES1000mN2534000E3918000,CRS3035RES1000mN2534000E3918000,0,0,69389,89.5,35,0,8,6,28,2,3653213.8,4851,12,23,24,3,5,3,0,0,4,1,1,10,13,8.5,17,18,11,6,0
CRS3035RES200mN2534400E3918800,CRS3035RES1000mN2534000E3918000,CRS3035RES1000mN2534000E3918000,1,0,69389,37,17.8,3.7,6.7,0,9.6,2.2,1038985.9,1561.4,12.6,5.2,16.3,0,0.7,0.8,0,0,0.7,0.7,1.5,3.7,5.9,8.2,7.4,3.7,5.2,0,0
CRS3035RES200mN2534400E3919000,CRS3035RES1000mN2534000E3919000,CRS3035RES1000mN2534000E3919000,1,0,"69389,69034",15,7,0.4,3.3,0.7,3.7,0.4,550908.9,935.1,4,3,5.1,1.5,0,0.4,0,0,1.1,0.4,0.7,1.1,1.5,2.5,3.3,1.1,1.5,1.8,0
CRS3035RES200mN2534400E3919200,CRS3035RES1000mN2534000E3919000,CRS3035RES1000mN2534000E3919000,1,0,"69389,69034",9,4.2,0.2,2,0.4,2.2,0.2,330545.4,561.1,2.4,1.8,3.1,0.9,0,0.2,0,0,0.6,0.2,0.4,0.7,0.9,1.5,2,0.7,0.9,1.1,0
CRS3035RES200mN2534400E3919400,CRS3035RES1000mN2534000E3919000,CRS3035RES1000mN2534000E3919000,1,0,"69034,69389",14,6.5,0.3,3.1,0.7,3.4,0.3,514181.7,872.8,3.8,2.7,4.8,1.4,0,0.3,0,0,1,0.3,0.7,1,1.4,2.4,3.1,1,1.4,1.7,0
CRS3035RES200mN2534600E3917800,CRS3035RES1000mN2534000E3917000,CRS3035RES1000mN2534000E3917000,0,0,"69194,69389,69191",28,12,0,1,0,11,2,1001318.4,1534,2,10,8,0,2,2,0,0,1,1,1,1,1,1,6,3,10,3,0
CRS3035RES200mN2534600E3918000,CRS3035RES1000mN2534000E3918000,CRS3035RES1000mN2534000E3918000,0,0,"69389,69191",53,27,1,15,3,15,2,1773102.5,2420,14,13,2,2,8,15,0,0,2,0,1,9,4,16,8,4,7,2,0
CRS3035RES200mN2534600E3918200,CRS3035RES1000mN2534000E3918000,CRS3035RES1000mN2534000E3918000,0,0,69389,454,200,12,71,8,147,35,11266771.5,14268,195,5,0,198,1,1,0,0,25,14,32,43.5,35.5,91,82,47,58,26,0
CRS3035RES200mN2534600E3918400,CRS3035RES1000mN2534000E3918000,CRS3035RES1000mN2534000E3918000,0,0,69389,234.5,98,1,25,3,79,12,7963554,10045,88,10,8,0,64,26,0,0,10,5,14,13.5,18,29,45,40,38,21,1
CRS3035RES200mN2534600E3918600,CRS3035RES1000mN2534000E3918000,CRS3035RES1000mN2534000E3918000,0,0,69389,69,36,2,13,0,19,2,2395427.4,3341,36,0,5,0,1,30,0,0,5,2,2,2,0,16,10,15,14,3,0
CRS3035RES200mN2534600E3918800,CRS3035RES1000mN2534000E3918000,CRS3035RES1000mN2534000E3918000,0,0,69389,87,39,5,17,4,23,4,2576420.2,2873,34,5,38,0,0,1,0,0,3.5,4,6.5,8,5,22,23,10,5,0,0
CRS3035RES200mN2534600E3919000,CRS3035RES1000mN2534000E3919000,CRS3035RES1000mN2534000E3919000,0,0,69389,185.5,95,13,40,1,56,16,5128849.6,7653,72,23,82,7,0,5,1,12,13,2,4.5,14,17,49,41,26,16,3,0
CRS3035RES200mN2534600E3919200,CRS3035RES1000mN2534000E3919000,CRS3035RES1000mN2534000E3919000,0,0,69389,160.5,73,7,36,6,34,3,4974800.2,6233,57,16,50,0,0,23,0,1,12,4,16.5,13,9,40,33,19,13,1,0
CRS3035RES200mN2534600E3919400,CRS3035RES1000mN2534000E3919000,CRS3035RES1000mN2534000E3919000,1,0,"69389,69034",3,1.4,0.1,0.7,0.1,0.7,0.1,110181.8,187,0.8,0.6,1,0.3,0,0.1,0,0,0.2,0.1,0.1,0.2,0.3,0.5,0.7,0.2,0.3,0.4,0
CRS3035RES200mN2534600E3919600,CRS3035RES1000mN2534000E3919000,CRS3035RES1000mN2534000E3919000,0,0,"69034,69389",72,33,8,16,5,20,5,1638946.7,2779,28,5,28,0,2,3,0,0,5,0,2,11,6,18,17,4,7,2,0
CRS3035RES200mN2534800E3918000,CRS3035RES1000mN2534000E3918000,CRS3035RES1000mN2534000E3918000,0,0,"69191,69389",193,84,1,25,4,73,10,6616976.5,9400,74,10,9,3,70,2,0,0,8,4,10,16,12,30,24,31,46,12,0
CRS3035RES200mN2534800E3918200,CRS3035RES1000mN2534000E3918000,CRS3035RES1000mN2534000E3918000,0,0,69389,109.5,46,2,9,2,6,12,3036551.5,4955,40,6,1,1,40,4,0,0,1,0,2,14,13.5,9,22,20,21,7,0
CRS3035RES200mN2534800E3918400,CRS3035RES1000mN2534000E3918000,CRS3035RES1000mN2534000E3918000,0,0,69389,336,175,10,81,8,117,23,9835908.3,13006,169,6,4,1,135,35,0,0,7,5.5,18,27.5,29,62,59,46,54,28,0
CRS3035RES200mN2534800E3918600,CRS3035RES1000mN2534000E3918000,CRS3035RES1000mN2534000E3918000,0,0,69389,410.5,213,12,90,4,165,21,12363137.6,17930,210,3,1,1,208,3,0,0,9,5.5,26,26,18,49,77,83,94,23,0
CRS3035RES200mN2534800E3918800,CRS3035RES1000mN2534000E3918000,CRS3035RES1000mN2534000E3918000,0,0,69389,507,232,14,85,11,174,26,14711974.6,20065,231,1,3,0,229,0,0,18,22,16,36.5,39.5,27,75,90,73,98,29,1
CRS3035RES200mN2534800E3919000,CRS3035RES1000mN2534000E3919000,CRS3035RES1000mN2534000E3919000,0,0,69389,326.5,162,18,74,8,38,20,8469191.7,10701,154,8,6,0,0,154,2,34,24.5,4,19,25,46,113,53,27,15,0,0
CRS3035RES200mN2534800E3919200,CRS3035RES1000mN2534000E3919000,CRS3035RES1000mN2534000E3919000,0,0,69389,70.5,33,7,11,2,13,5,2065891.2,3033,18,15,6,7,6,14,0,14,2,2,4,6.5,4,14,12,14,8,4,0
CRS3035RES200mN2534800E3919400,CRS3035RES1000mN2534000E3919000,CRS3035RES1000mN2534000E3919000,0,0,69389,91,31,4,6,5,27,4,3018445.6,3521,7,24,14,3,1,13,0,0,4,2,7,8,16,9,18,15,9,3,0
CRS3035RES200mN2535000E3918000,CRS3035RES1000mN2535000E3918000,CRS3035RES1000mN2535000E3918000,0,0,"69191,69389",54,21,2,8,3,14,0,1893121.3,2854,4,17,9,4,3,5,0,0,2,0,1,6,7,8,9,11,6,4,0
CRS3035RES200mN2535000E3918200,CRS3035RES1000mN2535000E3918000,CRS3035RES1000mN2535000E3918000,0,0,"69191,69389",30,14,2,5,1,9,1,1154844.3,2369,3,11,6,5,3,0,0,0,2,0,0.5,2.5,3,3,6,5,3,5,0
CRS3035RES200mN2535000E3918400,CRS3035RES1000mN2535000E3918000,CRS3035RES1000mN2535000E3918000,0,0,"69389,69191",108,36,5,7,6,16,5,2830018.1,3618,29,7,2,2,2,30,0,8,13,6,8,8,13,26,23,5,6,0,0
CRS3035RES200mN2535000E3918600,CRS3035RES1000mN2535000E3918000,CRS3035RES1000mN2535000E3918000,0,0,69389,65,21,0,1,4,20,1,2760807.8,3205,2,19,1,1,6,13,0,0,7,2,1,3.5,5.5,15,12,11,8,0,0
CRS3035RES200mN2535000E3918800,CRS3035RES1000mN2535000E3918000,CRS3035RES1000mN2535000E3918000,0,0,69389,308.5,101,20,27,22,4,20,5714506.4,7664,97,4,1,95,2,3,0,97,18,9.5,26.5,56,30.5,40,64,31,22,9,2
CRS3035RES200mN2535000E3919000,CRS3035RES1000mN2535000E3919000,CRS3035RES1000mN2535000E3919000,0,0,69389,168,71,1,17,2,56,5,5475289.7,6140,31,40,2,2,36,31,0,0,10,5,9.5,8.5,12,52,27,9,31,4,0
CRS3035RES200mN2535000E3919200,CRS3035RES1000mN2535000E3919000,CRS3035RES1000mN2535000E3919000,1,0,69389,25,9,0.5,2,1.4,7.5,1.1,937408.9,1253.8,1.2,7.8,3.4,0.3,2.4,2.9,0,0,0.9,0.8,2.2,3.4,1.7,3.4,6.2,2.6,2.6,1.2,0
CRS3035RES200mN2535000E3919400,CRS3035RES1000mN2535000E3919000,CRS3035RES1000mN2535000E3919000,0,0,"69389,69063",259.5,102,7,36,17,54,9,5706595.3,7865,101,1,1,0,96,5,0,32,13,10,19.5,30,17,56,49,25,30,10,0
CRS3035RES200mN2535200E3918200,CRS3035RES1000mN2535000E3918000,CRS3035RES1000mN2535000E3918000,0,0,"69191,69389",202,89,7,30,5,45,18,6140603.8,6896,79,10,12,0,1,76,0,27,25,7.5,6.5,18.5,13.5,60,38,14,14,5,0
CRS3035RES200mN2535200E3918400,CRS3035RES1000mN2535000E3918000,CRS3035RES1000mN2535000E3918000,0,0,"69389,69191",378.5,164,14,51,11,137,22,9539386.3,11699,103,61,1,110,51,2,0,0,18.5,10,30,35,19,85,67,45,41,27,1
CRS3035RES200mN2535200E3918600,CRS3035RES1000mN2535000E3918000,CRS3035RES1000mN2535000E3918000,0,0,"69389,69191",24,13,0,4,0,10,1,1011977.8,1878,2,11,1,4,1,7,0,0,0,0,1,1,0,3,2,3,10,4,0
CRS3035RES200mN2535200E3918800,CRS3035RES1000mN2535000E3918000,CRS3035RES1000mN2535000E3918000,0,0,"69389,69191",89,32,0,2,0,32,0,3880587.8,4130,0,32,0,1,14,17,0,0,1,3,8,4,8,9,19,21,14,2,0
CRS3035RES200mN2535200E3919000,CRS3035RES1000mN2535000E3919000,CRS3035RES1000mN2535000E3919000,0,0,"69389,69191",117,43,0,6,5,41,2,4121126.8,4827,0,43,4,4,29,6,0,0,3,2,9,9,11,11,22,20,24,6,0
CRS3035RES200mN2535200E3919200,CRS3035RES1000mN2535000E3919000,CRS3035RES1000mN2535000E3919000,0,0,"69191,69389",288.5,126,12,49,9,64,20,6571615.7,9124,106,20,0,1,52,73,0,29,18,9.5,17.5,29.5,29,99,42,18,17,9,0
CRS3035RES200mN2535400E3918800,CRS3035RES1000mN2535000E3918000,CRS3035RES1000mN2535000E3918000,1,0,"69191,69389",21,7.7,0.2,1.7,1.1,6.2,0.3,882059.6,1459.1,0.5,7.2,2.5,0.9,1.9,2.4,0,0,0.7,0.4,1.5,2.1,1.6,2,3.4,3.8,4.2,1.3,0
CRS3035RES200mN2535400E3919000,CRS3035RES1000mN2535000E3919000,CRS3035RES1000mN2535000E3919000,1,0,"69191,69389",27,9.7,0.5,2.1,1.5,8.1,1.2,1012401.6,1354.1,1.3,8.4,3.6,0.3,2.7,3.1,0,0,1,0.8,2.4,3.7,1.8,3.6,6.8,2.8,2.8,1.3,0
CRS3035RES200mN2535400E3919200,CRS3035RES1000mN2535000E3919000,CRS3035RES1000mN2535000E3919000,0,0,"69191,69389",50,22,3,7,1,20,2,1712526.6,2461,0,22,0,0,17,5,0,0,2,1,3,1,6,6,6,11,3,11,0
CRS3035RES200mN2535400E3919400,CRS3035RES1000mN2535000E3919000,CRS3035RES1000mN2535000E3919000,0,0,"69389,69063,69191",880.5,314,123,90,63,5,70,13033026.5,23524,310,4,3,2,308,1,0,307,66,44.5,87,118,54,144,157,104,79,26,1
CRS3035RES200mN2535600E3919400,CRS3035RES1000mN2535000E3919000,CRS3035RES1000mN2535000E3919000,0,0,"69191,69063,69389",71,27,3,10,4,19,0,2275588.1,3219,5,22,12,1,1,13,0,0,3,1,7,8,8,10,18,6,9,1,0
