idcar_200m,idcar_1km,idcar_nat,i_est_200,i_est_1km,lcog_geo,ind,men,men_pauv,men_1ind,men_5ind,men_prop,men_fmp,ind_snv,men_surf,men_coll,men_mais,log_av45,log_45_70,log_70_90,log_ap90,log_inc,log_soc,ind_0_3,ind_4_5,ind_6_10,ind_11_17,ind_18_24,ind_25_39,ind_40_54,ind_55_64,ind_65_79,ind_80p,ind_inc
CRS3035RES200mN2525800E3917600,CRS3035RES1000mN2525000E3917000,CRS3035RES1000mN2525000E3917000,1,0,"69387,69149",4,2.1,0.6,1.2,0.2,0.8,0.2,74244.7,147.9,1.9,0.2,1.8,0.1,0,0.2,0,0.3,0.2,0.1,0.2,0.4,0.3,0.8,0.8,0.4,0.7,0.1,0
CRS3035RES200mN2526200E3918200,CRS3035RES1000mN2526000E3918000,CRS3035RES1000mN2526000E3918000,1,0,69387,5,3.3,0.4,2.3,0.1,0.1,0.4,99554.9,162.7,3.2,0.1,3.1,0.1,0,0.1,0,0,0.1,0,0.3,0.1,0.5,1.5,1,1,0.5,0,0
CRS3035RES200mN2526400E3918000,CRS3035RES1000mN2526000E3918000,CRS3035RES1000mN2526000E3918000,0,0,69387,117,93,46,80,2,6,2,2160580.5,2877,93,0,0,12,0,81,0,31,2,2,4,4,54,45,4,1,0,1,0
CRS3035RES200mN2526400E3918200,CRS3035RES1000mN2526000E3918000,CRS3035RES1000mN2526000E3918000,1,0,69387,3,2,0.2,1.4,0,0,0.2,59732.9,97.6,1.9,0.1,1.9,0,0,0.1,0,0,0.1,0,0.2,0.1,0.2,0.9,0.6,0.6,0.3,0,0
CRS3035RES200mN2526400E3919200,CRS3035RES1000mN2526000E3919000,CRS3035RES1000mN2526000E3919000,1,0,69387,3,1.4,0.1,0.5,0.1,0.9,0.1,76374.7,112,1.4,0,0,0,1.1,0.3,0,0.3,0.1,0.1,0.2,0.1,0.2,0.6,0.5,0.5,0.6,0.1,0
CRS3035RES200mN2526600E3918000,CRS3035RES1000mN2526000E3918000,CRS3035RES1000mN2526000E3918000,1,0,69387,2,1.3,0.2,0.9,0,0,0.2,39821.9,65.1,1.3,0,1.3,0,0,0,0,0,0,0,0.1,0.1,0.2,0.6,0.4,0.4,0.2,0,0
CRS3035RES200mN2526600E3918800,CRS3035RES1000mN2526000E3918000,CRS3035RES1000mN2526000E3918000,1,0,69387,56.5,37.4,4.2,26.3,0.8,0.8,4.2,1124969.8,1838.6,35.7,1.7,35.7,0.8,0,0.9,0,0,1.7,0,3.8,1.7,5.1,17,11,11.1,5.1,0,0
CRS3035RES200mN2526600E3919400,CRS3035RES1000mN2526000E3919000,CRS3035RES1000mN2526000E3919000,1,0,69387,4,1.9,0.2,0.7,0.1,1.1,0.1,101832.9,149.3,1.9,0,0,0.1,1.4,0.4,0,0.4,0.1,0.1,0.2,0.2,0.3,0.8,0.7,0.7,0.8,0.1,0
CRS3035RES200mN2526800E3917600,CRS3035RES1000mN2526000E3917000,CRS3035RES1000mN2526000E3917000,1,0,69387,17,6.9,1.2,2.9,0.6,2.3,0,446046.9,559,5.2,1.7,1.7,0.6,0,4.6,0,0,1.1,0.6,2.6,1.1,0,3.5,3.5,2.9,0,1.7,0
CRS3035RES200mN2526800E3918200,CRS3035RES1000mN2526000E3918000,CRS3035RES1000mN2526000E3918000,0,0,69387,324,140,31,57,12,24,27,6654308.3,9863,140,0,0,0,140,0,0,95,12,6.5,38,45,18.5,63,69,30,33,9,0
CRS3035RES200mN2526800E3918400,CRS3035RES1000mN2526000E3918000,CRS3035RES1000mN2526000E3918000,0,0,69387,294.5,168,30,100,7,34,12,7415792.2,9581,168,0,33,37,0,98,0,0,11,2,19.5,21,23,100,49,24,23,22,0
CRS3035RES200mN2526800E3918600,CRS3035RES1000mN2526000E3918000,CRS3035RES1000mN2526000E3918000,0,0,69387,491,197,79,73,33,5,38,8260545.9,12044,197,0,187,8,0,2,0,186,9,16,42.5,60.5,26,79,84,78,59,37,0
CRS3035RES200mN2526800E3918800,CRS3035RES1000mN2526000E3918000,CRS3035RES1000mN2526000E3918000,0,0,69387,555.5,248,100,101,26,0,55,8805314.9,14957,248,0,248,0,0,0,0,248,15,16,43.5,58.5,25.5,78,94,80,92,53,0
CRS3035RES200mN2526800E3919000,CRS3035RES1000mN2526000E3919000,CRS3035RES1000mN2526000E3919000,1,0,69387,200.5,94.7,8.6,33.5,3.8,57.4,3.8,5104373.8,7483.1,94.7,0,0,2.8,71.8,20.1,0,19.1,3.8,4.8,12.4,8.1,14.4,39.2,33.5,36.4,43.1,4.8,0
CRS3035RES200mN2526800E3919200,CRS3035RES1000mN2526000E3919000,CRS3035RES1000mN2526000E3919000,1,0,69387,2,0.9,0.1,0.3,0,0.6,0,50916.4,74.6,0.9,0,0,0,0.7,0.2,0,0.2,0,0.1,0.1,0.1,0.1,0.4,0.3,0.4,0.4,0.1,0
CRS3035RES200mN2527000E3918000,CRS3035RES1000mN2527000E3918000,CRS3035RES1000mN2527000E3918000,1,0,69387,6,3.7,0.3,2.1,0,0.6,0.3,144479.8,190.9,3.6,0.1,2,0,0.3,1.4,0,1.3,0.5,0,0.3,0.1,0,3.1,0.8,0.4,0.6,0.2,0
CRS3035RES200mN2527000E3918200,CRS3035RES1000mN2527000E3918000,CRS3035RES1000mN2527000E3918000,0,0,69387,727,408,71,224,14,155,27,18108130.9,24363,408,0,0,0,373,35,0,104,36.5,11,38.5,41,48,243,156,67,74,12,0
CRS3035RES200mN2527000E3918400,CRS3035RES1000mN2527000E3918000,CRS3035RES1000mN2527000E3918000,0,0,69387,269.5,140,24,72,10,60,12,6622617.2,7935,139,1,26,0,0,114,0,17,15,8,15,18.5,30,101,57,14,8,3,0
CRS3035RES200mN2527000E3918600,CRS3035RES1000mN2527000E3918000,CRS3035RES1000mN2527000E3918000,0,0,69387,682,369,52,191,7,143,28,17529626.8,23940,369,0,103,22,86,158,0,115,36.5,18.5,36,28,47.5,180,131,77.5,76,51,0
CRS3035RES200mN2527000E3918800,CRS3035RES1000mN2527000E3918000,CRS3035RES1000mN2527000E3918000,0,0,69387,777.5,362,94,160,27,74,48,14742102.6,23734,362,0,1,1,261,85,14,236,37,21,65,62.5,50,199,144,77,85,34,3
CRS3035RES200mN2527000E3919000,CRS3035RES1000mN2527000E3919000,CRS3035RES1000mN2527000E3919000,0,0,69387,246,140,27,76,2,61,8,6285253.2,7706,140,0,0,48,0,92,0,0,18,4,7.5,6.5,32,94,30,23,25,6,0
CRS3035RES200mN2527200E3917000,CRS3035RES1000mN2527000E3917000,CRS3035RES1000mN2527000E3917000,1,0,"69142,69382",9.5,4.1,0.3,1.5,0.1,2.2,0,345214.5,473.6,3.8,0.3,0.7,0,0,3.4,0,0,0.7,0.2,0.3,0.5,1.1,2.4,2.2,1.1,0.7,0.3,0
CRS3035RES200mN2527200E3918000,CRS3035RES1000mN2527000E3918000,CRS3035RES1000mN2527000E3918000,0,0,69387,554,208,40,59,27,25,34,12431265.6,16019,208,0,0,0,0,208,0,166,33,16.5,38,66,50,110,120.5,42,45,26,7
CRS3035RES200mN2527200E3918200,CRS3035RES1000mN2527000E3918000,CRS3035RES1000mN2527000E3918000,0,0,69387,624.5,273,68,101,26,65,51,12308210.4,17944,273,0,0,175,74,24,0,124,38,22,48,46.5,50,153,109,76,57,24,1
CRS3035RES200mN2527200E3918400,CRS3035RES1000mN2527000E3918000,CRS3035RES1000mN2527000E3918000,0,0,69387,280,166,43,102,7,19,11,6360302.3,7560,166,0,10,8,0,148,0,44,18,5,23,7,38,117,42,12,14,4,0
CRS3035RES200mN2527200E3918600,CRS3035RES1000mN2527000E3918000,CRS3035RES1000mN2527000E3918000,0,0,69387,298.5,127,9,50,8,75,13,7961233.4,9857,127,0,0,122,0,5,0,19,18,5,23.5,31,25,55,63,31,31,16,0
CRS3035RES200mN2527200E3918800,CRS3035RES1000mN2527000E3918000,CRS3035RES1000mN2527000E3918000,0,0,69387,765.5,394,82,199,19,69,45,16667150.1,23464,382,12,20,91,178,105,0,246,34.5,23,45.5,50.5,40,178,149,99,102,44,0
CRS3035RES200mN2527200E3919000,CRS3035RES1000mN2527000E3919000,CRS3035RES1000mN2527000E3919000,0,0,69387,643.5,338,66,164,13,117,31,15249306.4,21528,330,8,59,0,187,92,0,25,28,15.5,28.5,38,75.5,240,125,33,52,8,0
CRS3035RES200mN2527200E3919200,CRS3035RES1000mN2527000E3919000,CRS3035RES1000mN2527000E3919000,0,0,69387,103.5,66,7,44,3,26,3,2629173.5,3725,66,0,60,0,6,0,0,0,6,1,4,3,5.5,45,19,10,4,6,0
CRS3035RES200mN2527400E3917000,CRS3035RES1000mN2527000E3917000,CRS3035RES1000mN2527000E3917000,1,0,"69142,69382",3,1.3,0.1,0.5,0,0.7,0,109015.1,149.6,1.2,0.1,0.2,0,0,1.1,0,0,0.2,0.1,0.1,0.2,0.3,0.8,0.7,0.3,0.2,0.1,0
CRS3035RES200mN2527400E3917800,CRS3035RES1000mN2527000E3917000,CRS3035RES1000mN2527000E3917000,0,0,69387,447.5,185,27,65,15,43,26,10372926.2,14250,185,0,0,53,132,0,0,51,25,12,38,46.5,37,106,97,37,32,17,0
CRS3035RES200mN2527400E3918000,CRS3035RES1000mN2527000E3918000,CRS3035RES1000mN2527000E3918000,0,0,69387,1058.5,410,106,140,66,41,65,19689151.5,31221,409,1,15,234,119,39,3,315,47,31,100,120.5,87,197,189,116,131,39,1
CRS3035RES200mN2527400E3918200,CRS3035RES1000mN2527000E3918000,CRS3035RES1000mN2527000E3918000,0,0,69387,1452,691,70,263,26,318,75,39010521,47745,688,3,12,150,266,263,0,102,71.5,31.5,93.5,103.5,118,425,271,142,144,52,0
CRS3035RES200mN2527400E3918400,CRS3035RES1000mN2527000E3918000,CRS3035RES1000mN2527000E3918000,0,0,69387,250,145,17,84,3,46,11,7290648.6,8552,141,4,5,42,18,79,1,0,6.5,3,12,13,32.5,89,47,27,12,8,0
CRS3035RES200mN2527400E3918600,CRS3035RES1000mN2527000E3918000,CRS3035RES1000mN2527000E3918000,0,0,69387,303,156,12,67,2,59,9,9257007.1,10000,155,1,12,0,0,144,0,9,22.5,5,13.5,12,32,125,58,18,11,6,0
CRS3035RES200mN2527400E3918800,CRS3035RES1000mN2527000E3918000,CRS3035RES1000mN2527000E3918000,0,0,69387,519.5,314,55,184,9,100,18,13340351.2,17861,307,7,85,56,79,94,0,33,21,7,23,24.5,51,222,70,33,46,22,0
CRS3035RES200mN2527400E3919000,CRS3035RES1000mN2527000E3919000,CRS3035RES1000mN2527000E3919000,0,0,69387,721.5,362,70,182,25,97,38,16241365.1,21917,356,6,80,16,53,213,0,103,49.5,16.5,54.5,48.5,68.5,250,102,50,55,25,2
CRS3035RES200mN2527400E3919200,CRS3035RES1000mN2527000E3919000,CRS3035RES1000mN2527000E3919000,0,0,69387,324.5,172,28,98,12,44,16,7537216.1,9372,172,0,37,0,0,135,0,40,22,12,15,27,25.5,146,48,16,10,3,0
CRS3035RES200mN2527400E3919400,CRS3035RES1000mN2527000E3919000,CRS3035RES1000mN2527000E3919000,1,0,69387,5,2.8,0.2,1.4,0,0.8,0.1,166758.6,173.5,2.7,0.1,0.7,0,0,2.1,0,0,0.3,0.1,0.2,0.2,0.5,2.5,0.9,0.3,0,0,0
CRS3035RES200mN2527600E3917000,CRS3035RES1000mN2527000E3917000,CRS3035RES1000mN2527000E3917000,1,0,"69142,69382",55,23.7,1.6,8.7,0.8,12.7,0,1998610.3,2742.1,22.1,1.6,3.9,0,0,19.8,0,0,3.9,1.6,1.6,2.8,6.3,14.2,12.7,6.3,4,1.6,0
CRS3035RES200mN2527600E3917800,CRS3035RES1000mN2527000E3917000,CRS3035RES1000mN2527000E3917000,0,0,"69387,69382",110,54,4,23,2,11,2,3253449.5,3248,54,0,0,0,3,51,0,0,5,1,4,7,10,44,22,9,7,1,0
CRS3035RES200mN2527600E3918000,CRS3035RES1000mN2527000E3918000,CRS3035RES1000mN2527000E3918000,0,0,69387,634,284,16,91,10,170,21,19177394.3,23424,284,0,0,0,134,150,0,58,42,14,36.5,39.5,32,153,114,76,109,18,0
CRS3035RES200mN2527600E3918200,CRS3035RES1000mN2527000E3918000,CRS3035RES1000mN2527000E3918000,0,0,69387,586,321,36,160,3,167,29,15849098.8,22045,321,0,0,25,193,103,0,67,28,9,20,33,45.5,141.5,117,67,82,42,1
CRS3035RES200mN2527600E3918400,CRS3035RES1000mN2527000E3918000,CRS3035RES1000mN2527000E3918000,0,0,69387,939,506,84,261,15,129,59,22537099,29344,506,0,27,137,74,268,0,169,46,26.5,51,59,98.5,305,173,72,74,34,0
CRS3035RES200mN2527600E3918600,CRS3035RES1000mN2527000E3918000,CRS3035RES1000mN2527000E3918000,0,0,69387,1385,648,109,274,41,131,71,34739032.6,38574,648,0,0,0,0,648,0,207,77.5,35.5,118.5,113.5,134,502,261,74,49,12,8
CRS3035RES200mN2527600E3918800,CRS3035RES1000mN2527000E3918000,CRS3035RES1000mN2527000E3918000,0,0,69387,223.5,137,30,78,3,56,8,6222040.6,7600,137,0,11,16,0,110,0,0,13.5,2,11,5,33,111,26,11,9,2,0
CRS3035RES200mN2527600E3919000,CRS3035RES1000mN2527000E3919000,CRS3035RES1000mN2527000E3919000,0,0,69387,1369.5,638,54,248,24,247,64,39533155.2,42264,638,0,13,1,0,623,1,95,92,40.5,93,107,85,494,289,87,74,8,0
CRS3035RES200mN2527600E3919200,CRS3035RES1000mN2527000E3919000,CRS3035RES1000mN2527000E3919000,1,0,69387,112,61.9,3.6,31,0.9,17.3,2.7,3735392.6,3886.3,60.1,1.8,16.4,0,0,45.5,0,0.9,6.4,1.8,3.6,3.7,11.8,56.5,20,6.4,0.9,0.9,0
CRS3035RES200mN2527600E3919800,CRS3035RES1000mN2527000E3919000,CRS3035RES1000mN2527000E3919000,0,0,"69388,69387",142,65,23,25,4,0,18,2404814.1,3954,65,0,65,0,0,0,0,65,15,11,6.5,7.5,11,38,35,10,6,2,0
CRS3035RES200mN2527600E3923000,CRS3035RES1000mN2527000E3923000,CRS3035RES1000mN2527000E3923000,1,0,"69388,69383",2.5,1.3,0.3,0.8,0.1,0.4,0.3,63174.1,94.6,1.1,0.2,1.2,0.1,0,0,0,0,0.2,0.1,0.3,0.2,0.2,0.7,0.4,0.3,0.1,0,0
CRS3035RES200mN2527600E3923200,CRS3035RES1000mN2527000E3923000,CRS3035RES1000mN2527000E3923000,1,0,"69029,69383,69388",2,1.1,0.2,0.6,0.1,0.3,0.2,50539.3,75.7,0.9,0.2,1,0.1,0,0,0,0,0.2,0.1,0.2,0.2,0.1,0.5,0.4,0.2,0.1,0,0
CRS3035RES200mN2527800E3917000,CRS3035RES1000mN2527000E3917000,CRS3035RES1000mN2527000E3917000,1,0,"69142,69382",2,0.9,0.1,0.3,0,0.5,0,72676.7,99.7,0.8,0.1,0.2,0,0,0.7,0,0,0.1,0.1,0.1,0.1,0.2,0.5,0.5,0.2,0.1,0.1,0
CRS3035RES200mN2527800E3918000,CRS3035RES1000mN2527000E3918000,CRS3035RES1000mN2527000E3918000,0,0,69387,1136,560,69,253,33,275,63,28840740.4,39876,560,0,0,427,133,0,0,122,57,32,77.5,86,80.5,253,228,111,143,68,0
CRS3035RES200mN2527800E3918200,CRS3035RES1000mN2527000E3918000,CRS3035RES1000mN2527000E3918000,0,0,69387,707,336,61,142,21,87,45,16542048.9,21471,335,1,8,0,0,328,0,160,40,28,42,51.5,53.5,219,130,72,62,9,0
CRS3035RES200mN2527800E3918400,CRS3035RES1000mN2527000E3918000,CRS3035RES1000mN2527000E3918000,0,0,69387,683,340,47,158,14,174,30,16925684.1,23135,334,6,34,195,29,82,0,56,39.5,19.5,43.5,40.5,55,198,130,61,63,33,0
CRS3035RES200mN2527800E3918600,CRS3035RES1000mN2527000E3918000,CRS3035RES1000mN2527000E3918000,1,0,69387,58,35.3,2.7,19.9,0,5.4,2.7,1396638.4,1845.1,34.4,0.9,19,0,2.7,13.6,0,12.7,5.4,0,2.7,0.9,0,29.9,8.2,3.6,5.5,1.8,0
CRS3035RES200mN2527800E3918800,CRS3035RES1000mN2527000E3918000,CRS3035RES1000mN2527000E3918000,0,0,69387,495,217,27,78,14,46,31,13008366.3,13820,217,0,0,0,0,217,0,65,52,26.5,38,35,39.5,217,65,15,7,0,0
CRS3035RES200mN2527800E3919000,CRS3035RES1000mN2527000E3919000,CRS3035RES1000mN2527000E3919000,0,0,69387,451,204,28,87,15,61,20,11261824.7,13816,204,0,23,0,51,130,0,84,36.5,8.5,30.5,38.5,34,136,83,45,33,6,0
CRS3035RES200mN2527800E3919200,CRS3035RES1000mN2527000E3919000,CRS3035RES1000mN2527000E3919000,0,0,69387,584.5,264,49,106,22,73,39,13661314.2,17223,264,0,41,0,0,223,0,96,38,20,45,57.5,39,171,134,41,33,6,0
CRS3035RES200mN2527800E3919400,CRS3035RES1000mN2527000E3919000,CRS3035RES1000mN2527000E3919000,1,0,69387,6,3.3,0.2,1.7,0,0.9,0.1,200110.3,208.2,3.2,0.1,0.9,0,0,2.4,0,0,0.3,0.1,0.2,0.2,0.6,3,1.1,0.3,0.1,0.1,0
CRS3035RES200mN2527800E3920000,CRS3035RES1000mN2527000E3920000,CRS3035RES1000mN2527000E3920000,0,0,"69388,69387",496,247,61,106,10,73,33,9882165.4,14897,247,0,51,123,1,72,0,84,30,16.5,30,30,52.5,157,70,45,47,18,0
CRS3035RES200mN2527800E3920200,CRS3035RES1000mN2527000E3920000,CRS3035RES1000mN2527000E3920000,0,0,"69388,69387",42,31,6,24,0,4,1,944829.2,1342,31,0,31,0,0,0,0,0,1,0,0,2,7,19,9,2,1,1,0
CRS3035RES200mN2527800E3920400,CRS3035RES1000mN2527000E3920000,CRS3035RES1000mN2527000E3920000,1,0,"69388,69387",2,1,0.1,0.3,0,0.1,0.1,58123.1,73.7,0.7,0.3,0.5,0.1,0,0.4,0,0,0.1,0,0,0.3,0,0.1,0.8,0.4,0.2,0.1,0
CRS3035RES200mN2527800E3922600,CRS3035RES1000mN2527000E3922000,CRS3035RES1000mN2527000E3922000,0,0,"69388,69383",126.5,75,12,44,3,39,8,3710784.3,4995,68,7,12,25,15,23,0,0,3,3,3.5,9,19,29,23,12,21,4,0
CRS3035RES200mN2527800E3922800,CRS3035RES1000mN2527000E3922000,CRS3035RES1000mN2527000E3922000,0,0,"69383,69388",364.5,174,12,75,12,119,14,12204742.6,15883,164,10,13,133,16,11,1,0,16,7,20.5,34,31,59,77,35,56,29,0
CRS3035RES200mN2527800E3923000,CRS3035RES1000mN2527000E3923000,CRS3035RES1000mN2527000E3923000,1,0,"69383,69388",47,25,5,14.1,1.7,6.7,5,1187673.5,1778.5,20.8,4.2,22.5,2.5,0,0,0,0,4.2,1.7,5,3.7,3.3,12.5,8.3,5,2.5,0.8,0
CRS3035RES200mN2528000E3917400,CRS3035RES1000mN2528000E3917000,CRS3035RES1000mN2528000E3917000,0,0,69382,123.5,62,3,25,2,15,5,4027305.3,4086,62,0,0,0,0,62,0,25,7,4,7.5,6,12,50,21,9,7,0,0
CRS3035RES200mN2528000E3917600,CRS3035RES1000mN2528000E3917000,CRS3035RES1000mN2528000E3917000,0,0,69382,107.5,50,6,21,2,27,10,2451978,3019,50,0,0,0,0,50,0,22,6,5,8,9.5,11,34,26,5,2,1,0
CRS3035RES200mN2528000E3918000,CRS3035RES1000mN2528000E3918000,CRS3035RES200mN2528000E3918000,0,0,"69387,69382",150.5,69,7,24,3,37,8,4505674.4,5234,69,0,0,0,0,69,0,0,4.5,2,6.5,15.5,20,32,35,20,13,2,0
CRS3035RES200mN2528000E3918200,CRS3035RES1000mN2528000E3918000,CRS3035RES200mN2528000E3918200,0,0,69387,470,259,56,141,9,63,18,12172505.1,14420,259,0,2,0,38,219,0,37,40.5,12,24,17.5,53,218,52,21,27,5,0
CRS3035RES200mN2528000E3918400,CRS3035RES1000mN2528000E3918000,CRS3035RES200mN2528000E3918400,0,0,69387,43,19,3,6,1,3,4,1077523.9,1319,19,0,0,0,0,19,0,5,3,1,6,5,1,13,11,0,3,0,0
CRS3035RES200mN2528000E3918600,CRS3035RES1000mN2528000E3918000,CRS3035RES200mN2528000E3918600,0,0,69387,203,101,17,50,5,8,12,4492947.5,5936,101,0,0,1,0,100,0,47,9,8,20.5,16.5,13,74,43,14,3,2,0
CRS3035RES200mN2528000E3918800,CRS3035RES1000mN2528000E3918000,CRS3035RES200mN2528000E3918800,0,0,69387,723,320,64,122,18,167,34,18592300.3,19063,320,0,0,0,0,320,0,69,75,34,62,44,45,307,125,17,14,0,0
CRS3035RES200mN2528000E3919000,CRS3035RES1000mN2528000E3919000,CRS3035RES1000mN2528000E3919000,0,0,69387,368.5,186,13,82,4,69,10,11355249.3,11637,186,0,0,1,0,185,0,36,35,13,19,12.5,13,192,60,8,15,1,0
CRS3035RES200mN2528000E3919200,CRS3035RES1000mN2528000E3919000,CRS3035RES1000mN2528000E3919000,0,0,69387,329.5,171,27,87,8,28,17,8857502.7,11152,171,0,3,25,54,89,0,12,22,5,19.5,19,25,135,66,19,13,6,0
CRS3035RES200mN2528000E3919400,CRS3035RES1000mN2528000E3919000,CRS3035RES1000mN2528000E3919000,1,0,69387,24,11.3,1.4,5.9,0.9,5.9,0,731080.3,667.9,7.7,3.6,10.9,0,0,0.4,0,0,0.4,1.4,1.8,0.5,1.8,8.1,3.6,2.7,3.2,0.5,0
CRS3035RES200mN2528000E3919600,CRS3035RES1000mN2528000E3919000,CRS3035RES1000mN2528000E3919000,1,0,69387,7,3.3,0.4,1.7,0.3,1.7,0,213231.8,194.8,2.2,1.1,3.2,0,0,0.1,0,0,0.1,0.4,0.5,0.1,0.5,2.4,1.1,0.8,0.9,0.2,0
CRS3035RES200mN2528000E3919800,CRS3035RES1000mN2528000E3919000,CRS3035RES1000mN2528000E3919000,0,0,69387,45,23,10,12,1,4,3,764832.7,1328,21,2,22,0,0,1,0,0,1,1,3,6,3,10,12,3,5,1,0
CRS3035RES200mN2528000E3920000,CRS3035RES1000mN2528000E3920000,CRS3035RES1000mN2528000E3920000,0,0,69387,458.5,282,63,177,8,77,17,10798053.3,15215,280,2,194,12,0,76,0,32,20.5,10,14.5,16.5,71,174,86,30,28,8,0
CRS3035RES200mN2528000E3920200,CRS3035RES1000mN2528000E3920000,CRS3035RES1000mN2528000E3920000,0,0,69387,881.5,499,92,301,25,82,38,19614806.3,25736,490,9,56,72,14,357,0,108,39,21.5,61.5,58.5,97,342,142,55,34,29,2
CRS3035RES200mN2528000E3920400,CRS3035RES1000mN2528000E3920000,CRS3035RES1000mN2528000E3920000,0,0,"69387,69388",557,312,43,165,5,57,27,14917192.8,18258,312,0,13,2,4,293,0,30,37,10,29.5,28,60.5,267,84,21,18,2,0
CRS3035RES200mN2528000E3920600,CRS3035RES1000mN2528000E3920000,CRS3035RES1000mN2528000E3920000,0,0,"69388,69387",1205,577,122,268,42,137,65,29214947.6,34451,577,0,0,0,0,577,0,217,63.5,32.5,93,108.5,137.5,409,220,75,52,14,0
CRS3035RES200mN2528000E3922200,CRS3035RES1000mN2528000E3922000,CRS3035RES1000mN2528000E3922000,1,0,"69388,69383",4,2.4,0.2,1.4,0,1.4,0.1,109926.9,159.6,2.4,0,0,2.4,0,0,0,0,0.1,0.1,0.2,0.1,0.2,1.3,0.6,0.5,0.6,0.3,0
CRS3035RES200mN2528000E3922400,CRS3035RES1000mN2528000E3922000,CRS3035RES1000mN2528000E3922000,1,0,"69383,69388",85.5,51.6,3.8,29.6,1,30.6,2.9,2349687.8,3412.4,51.6,0,0,50.6,0,1,0,0,2.9,1.9,4.3,1.9,3.8,26.7,13.4,11.5,13.4,5.7,0
CRS3035RES200mN2528000E3922800,CRS3035RES1000mN2528000E3922000,CRS3035RES1000mN2528000E3922000,0,0,69383,169,97,20,57,3,31,14,5059140.9,7003,74,23,39,42,6,10,0,18,5,4,4,10.5,20.5,42,32,19,28,4,0
CRS3035RES200mN2528000E3923000,CRS3035RES1000mN2528000E3923000,CRS3035RES1000mN2528000E3923000,0,0,69383,108.5,40,0,5,3,35,0,4936089.6,6205,4,36,37,2,1,0,0,0,1,1,4.5,9,9,16,13,31,18,6,0
CRS3035RES200mN2528000E3923200,CRS3035RES1000mN2528000E3923000,CRS3035RES1000mN2528000E3923000,0,0,69383,152,51,3,6,9,47,0,6526479.3,6158,13,38,35,14,0,1,1,0,5,3,11.5,20.5,12,16,36,14,24,10,0
CRS3035RES200mN2528000E3923400,CRS3035RES1000mN2528000E3923000,CRS3035RES1000mN2528000E3923000,0,0,"69029,69383",68,26,2,8,2,20,3,2207024.4,2310,14,12,24,1,0,1,0,2,0,3,4,6,10,7,14,15,9,0,0
CRS3035RES200mN2528200E3917600,CRS3035RES1000mN2528000E3917000,CRS3035RES1000mN2528000E3917000,0,0,69382,127,65,11,27,2,35,2,4375574.5,4162,65,0,0,0,0,65,0,8,9,4,7.5,4.5,9,60,16,7,8,2,0
CRS3035RES200mN2528200E3917800,CRS3035RES1000mN2528000E3917000,CRS3035RES1000mN2528000E3917000,0,0,69382,364,221,89,123,3,1,46,5836792.3,10090,221,0,219,0,0,2,0,207,23,6,8,23,27,53,63,56,71,34,0
CRS3035RES200mN2528200E3918600,CRS3035RES1000mN2528000E3918000,CRS3035RES200mN2528200E3918600,0,0,69387,362.5,175,24,81,10,40,14,9714611.2,10707,175,0,0,0,0,175,0,49,39,12,19.5,24,41,159,48,12,6,2,0
CRS3035RES200mN2528200E3919000,CRS3035RES1000mN2528000E3919000,CRS3035RES1000mN2528000E3919000,0,0,69387,252.5,123,9,50,5,55,11,7327096.7,7919,123,0,0,0,0,123,0,11,19.5,8,14.5,15.5,19,117,43,9,7,0,0
CRS3035RES200mN2528200E3919200,CRS3035RES1000mN2528000E3919000,CRS3035RES1000mN2528000E3919000,0,0,69387,918.5,510,94,286,24,91,47,23246750.2,27855,510,0,125,0,23,362,0,130,48,27.5,51.5,49.5,91,369,167,54,54,7,0
CRS3035RES200mN2528200E3919400,CRS3035RES1000mN2528000E3919000,CRS3035RES1000mN2528000E3919000,1,0,69387,16,7.5,0.9,3.9,0.6,3.9,0,487386.9,445.3,5.1,2.4,7.2,0,0,0.3,0,0,0.3,0.9,1.2,0.3,1.2,5.5,2.4,1.8,2.1,0.3,0
CRS3035RES200mN2528200E3919800,CRS3035RES1000mN2528000E3919000,CRS3035RES1000mN2528000E3919000,0,0,69387,348.5,218,39,131,2,75,10,8211210.7,12471,218,0,97,121,0,0,0,0,13,7,10.5,6,43,155,41,23,33,17,0
CRS3035RES200mN2528200E3920000,CRS3035RES1000mN2528000E3920000,CRS3035RES1000mN2528000E3920000,0,0,69387,965.5,540,110,297,16,237,25,25398454.1,32634,536,4,163,35,253,89,0,5,39,15.5,27,54,135,308,149,74,116,48,0
CRS3035RES200mN2528200E3920200,CRS3035RES1000mN2528000E3920000,CRS3035RES1000mN2528000E3920000,0,0,69387,78,41,5,21,3,18,3,2445125.1,2736,41,0,14,0,0,27,0,0,3,1,6,4,7,35,13,5,2,2,0
CRS3035RES200mN2528200E3921800,CRS3035RES1000mN2528000E3921000,CRS3035RES200mN2528200E3921800,0,0,"69388,69383",971,497,54,225,19,184,31,31563271.8,34527,493,4,116,0,13,368,0,8,34,14.5,56,58.5,112,283,179,119,89,26,0
CRS3035RES200mN2528200E3922000,CRS3035RES1000mN2528000E3922000,CRS3035RES1000mN2528000E3922000,0,0,"69383,69388",292,169,26,90,2,53,18,8079952.3,10281,165,4,81,79,9,0,0,0,11,3,10,19.5,36.5,105,45,21,32,9,0
CRS3035RES200mN2528200E3922200,CRS3035RES1000mN2528000E3922000,CRS3035RES1000mN2528000E3922000,0,0,"69383,69388",295,153,20,73,4,59,10,7977137.8,10212,149,4,26,11,73,43,0,7,9,10,19,17,39,88,60,22,18,13,0
CRS3035RES200mN2528200E3922800,CRS3035RES1000mN2528000E3922000,CRS3035RES1000mN2528000E3922000,0,0,69383,298,167,26,92,4,76,15,8640676,10838,145,22,15,149,0,3,0,0,6,7,12,20,47,75,61,23,38,9,0
CRS3035RES200mN2528200E3923000,CRS3035RES1000mN2528000E3923000,CRS3035RES1000mN2528000E3923000,0,0,69383,73.5,29,1,6,1,24,2,3219890.6,3653,4,25,18,1,6,4,0,0,2,0,2,6.5,8,7,14,14,15,5,0
CRS3035RES200mN2528200E3923200,CRS3035RES1000mN2528000E3923000,CRS3035RES1000mN2528000E3923000,0,0,69383,531,227,79,96,27,29,39,10685666.6,15426,205,22,203,13,0,11,0,170,35.5,19,40.5,53,49,81,115,59,65,14,0
CRS3035RES200mN2528200E3923400,CRS3035RES1000mN2528000E3923000,CRS3035RES1000mN2528000E3923000,0,0,"69383,69029",92.5,33,1,4,6,30,2,4137961.8,4365,3,30,21,7,1,3,1,0,1,3,4,9.5,16,4,22,11,21,1,0
CRS3035RES200mN2528400E3917000,CRS3035RES1000mN2528000E3917000,CRS3035RES1000mN2528000E3917000,1,0,"69142,69382",19,7.7,0.7,2.8,1.4,7,0,932001.3,1286.4,5.6,2.1,2.1,0,0,5.6,0,0,0,0,0,0.7,2.8,0.7,3.5,2.1,9.2,0,0
CRS3035RES200mN2528400E3917400,CRS3035RES1000mN2528000E3917000,CRS3035RES1000mN2528000E3917000,0,0,69382,982.5,428,55,155,35,121,44,29485026.1,31546,428,0,0,0,0,428,0,110,58.5,28,65,96,73,272,221,90,68,10,1
CRS3035RES200mN2528400E3917600,CRS3035RES1000mN2528000E3917000,CRS3035RES1000mN2528000E3917000,0,0,69382,637.5,303,41,133,20,80,34,17719603,20705,303,0,34,58,0,211,0,72,41,13,50.5,49,46,193,128,46,48,23,0
CRS3035RES200mN2528400E3917800,CRS3035RES1000mN2528000E3917000,CRS3035RES1000mN2528000E3917000,0,0,69382,806,505,108,315,6,95,53,19099499.4,28927,505,0,308,56,32,109,0,223,31.5,11.5,31.5,30,70.5,240,147,88,109,47,0
CRS3035RES200mN2528400E3918000,CRS3035RES1000mN2528000E3918000,CRS3035RES200mN2528400E3918000,0,0,69382,578.5,300,54,141,12,82,26,13762862.7,19785,299,1,78,49,80,93,0,59,27,9.5,23,31,54,151,106,63,73,41,0
CRS3035RES200mN2528400E3918600,CRS3035RES1000mN2528000E3918000,CRS3035RES200mN2528400E3918600,0,0,69387,359.5,225,31,141,4,89,12,10680865.7,12819,225,0,0,0,0,225,0,0,14.5,7.5,9,13.5,45,144,62,22,32,10,0
CRS3035RES200mN2528400E3918800,CRS3035RES1000mN2528000E3918000,CRS3035RES200mN2528400E3918800,0,0,69387,993.5,525,79,253,15,124,51,27244191.2,30882,525,0,11,0,0,514,0,120,51,25.5,64,53,74,414,176,67,59,10,0
CRS3035RES200mN2528400E3919000,CRS3035RES1000mN2528000E3919000,CRS3035RES1000mN2528000E3919000,0,0,69387,800,409,92,202,21,57,41,18150490.9,22918,409,0,29,0,0,380,0,184,33.5,20,69,55.5,78,297,146,57,34,10,0
CRS3035RES200mN2528400E3919200,CRS3035RES1000mN2528000E3919000,CRS3035RES1000mN2528000E3919000,1,0,69387,6,2.8,0.3,1.5,0.2,1.5,0,182770.1,167,1.9,0.9,2.7,0,0,0.1,0,0,0.1,0.3,0.5,0.1,0.5,2,0.9,0.7,0.8,0.1,0
CRS3035RES200mN2528400E3919600,CRS3035RES1000mN2528000E3919000,CRS3035RES1000mN2528000E3919000,0,0,69387,699.5,382,63,218,18,121,26,18667240.8,23240,378,4,148,0,38,196,0,52,36.5,15,40.5,46,63.5,237,133,67,47,14,0
CRS3035RES200mN2528400E3919800,CRS3035RES1000mN2528000E3919000,CRS3035RES1000mN2528000E3919000,0,0,69387,1269.5,624,79,286,29,138,40,33252328.7,40856,623,1,44,89,0,491,0,151,79,35,78,73.5,127,491,225,82,61,18,0
CRS3035RES200mN2528400E3920000,CRS3035RES1000mN2528000E3920000,CRS3035RES1000mN2528000E3920000,0,0,69387,1633,805,145,410,63,147,87,38550018.2,48168,805,0,104,0,169,532,0,241,102.5,54,130.5,131,118,485,279,112,107,114,0
CRS3035RES200mN2528400E3920400,CRS3035RES1000mN2528000E3920000,CRS3035RES1000mN2528000E3920000,1,0,69387,37,11.1,3.7,2.8,3.7,0,2.8,666048.3,956.5,11.1,0,0,0,8.3,2.8,0,11.1,1.8,2.8,4.6,7.4,4.6,6.5,9.3,0,0,0,0
CRS3035RES200mN2528400E3920600,CRS3035RES1000mN2528000E3920000,CRS3035RES1000mN2528000E3920000,0,0,"69387,69388",509.5,214,58,75,22,5,55,9204242.6,14102,214,0,0,94,18,102,0,177,19,9,48.5,69.5,52.5,86,99,53,58,15,0
CRS3035RES200mN2528400E3921400,CRS3035RES1000mN2528000E3921000,CRS3035RES200mN2528400E3921400,0,0,"69388,69383",244.5,136,14,72,2,53,9,7926494.6,9549,132,4,75,0,38,23,0,0,7,5,8.5,11,29,66,52,25,27,14,0
CRS3035RES200mN2528400E3921600,CRS3035RES1000mN2528000E3921000,CRS3035RES200mN2528400E3921600,0,0,"69388,69383",235,140,16,79,2,64,10,7805218.2,10164,136,4,41,12,87,0,0,0,8,4,10.5,12.5,24,49,42,24,33,28,0
CRS3035RES200mN2528400E3921800,CRS3035RES1000mN2528000E3921000,CRS3035RES200mN2528400E3921800,0,0,"69383,69388",852.5,440,30,204,9,244,28,28756267.4,34029,429,11,56,208,50,126,0,0,48,13,34.5,49,69,217,166,81,117,58,0
CRS3035RES200mN2528400E3922000,CRS3035RES1000mN2528000E3922000,CRS3035RES1000mN2528000E3922000,0,0,69383,150,82,11,44,3,41,6,4021762.3,5545,82,0,1,69,12,0,0,9,7,3,9.5,6.5,9,37,29,18,20,11,0
CRS3035RES200mN2528400E3922200,CRS3035RES1000mN2528000E3922000,CRS3035RES1000mN2528000E3922000,0,0,69383,667.5,410,48,249,8,161,22,20250451.4,25960,379,31,90,41,140,139,0,6,22,7,19.5,30,77,213,109,86,79,25,0
CRS3035RES200mN2528400E3922400,CRS3035RES1000mN2528000E3922000,CRS3035RES1000mN2528000E3922000,0,0,69383,332.5,182,33,109,10,44,15,8837566.8,11995,154,28,115,7,20,40,0,29,11.5,5,17,26,52,86,56,33,30,15,1
CRS3035RES200mN2528400E3922600,CRS3035RES1000mN2528000E3922000,CRS3035RES1000mN2528000E3922000,0,0,69383,361.5,193,29,107,13,74,16,10488947.5,12960,160,33,95,36,14,48,0,38,4,8.5,19.5,28,41.5,90,79,39,39,13,0
CRS3035RES200mN2528400E3922800,CRS3035RES1000mN2528000E3922000,CRS3035RES1000mN2528000E3922000,0,0,69383,317,151,12,60,7,82,19,10455415.6,12320,122,29,80,38,0,33,0,5,23,8,8,22,30,74,58,34,52,8,0
CRS3035RES200mN2528400E3923000,CRS3035RES1000mN2528000E3923000,CRS3035RES1000mN2528000E3923000,0,0,69383,192.5,94,12,41,3,58,6,6670735.7,8586,52,42,55,27,2,10,0,1,6,5,12,9.5,20,34,34,31,33,8,0
CRS3035RES200mN2528400E3923200,CRS3035RES1000mN2528000E3923000,CRS3035RES1000mN2528000E3923000,0,0,69383,188.5,88,10,35,11,50,5,6814043.2,8200,39,49,67,13,3,5,0,0,1,1,12,18,19.5,33,36,14,41,13,0
CRS3035RES200mN2528400E3923400,CRS3035RES1000mN2528000E3923000,CRS3035RES1000mN2528000E3923000,0,0,69383,86.5,43,1,18,0,31,2,3377807,3665,25,18,18,20,0,5,0,0,3,1,5,4.5,2,16,10,20,14,11,0
CRS3035RES200mN2528400E3923600,CRS3035RES1000mN2528000E3923000,CRS3035RES1000mN2528000E3923000,0,0,"69029,69383",116,81,4,60,1,8,0,3024891.1,4099,78,3,2,0,58,21,0,4,4,2,3,1,3,36,22,25,18,2,0
CRS3035RES200mN2528600E3917400,CRS3035RES1000mN2528000E3917000,CRS3035RES1000mN2528000E3917000,0,0,69382,452.5,201,14,76,15,83,11,14516897.8,13442,201,0,0,0,0,201,0,29,20,20,35,40.5,24,157,107,31,15,3,0
CRS3035RES200mN2528600E3917600,CRS3035RES1000mN2528000E3917000,CRS3035RES1000mN2528000E3917000,0,0,69382,599.5,264,44,112,23,89,39,14989044.2,17195,264,0,0,0,0,264,0,115,37,14,48.5,68,41,181,120,43,39,8,0
CRS3035RES200mN2528600E3917800,CRS3035RES1000mN2528000E3917000,CRS3035RES1000mN2528000E3917000,0,0,69382,433,251,37,144,7,53,25,11567631.8,15247,248,3,127,37,20,67,0,17,23.5,5,14,33.5,36,129,95,31,51,15,0
CRS3035RES200mN2528600E3918000,CRS3035RES1000mN2528000E3918000,CRS3035RES200mN2528600E3918000,0,0,69382,948,495,61,237,13,228,46,27239391.3,35835,494,1,87,66,99,243,0,56,43,14,42,66,84,202,182,110,141,64,0
CRS3035RES200mN2528600E3918200,CRS3035RES1000mN2528000E3918000,CRS3035RES200mN2528600E3918200,0,0,"69382,69387",198,154,32,126,1,28,10,4480042.3,7080,154,0,55,17,51,31,0,82,3,0,3.5,9,14.5,37,26,23,45,37,0
CRS3035RES200mN2528600E3918600,CRS3035RES1000mN2528000E3918000,CRS3035RES200mN2528600E3918600,0,0,69387,468.5,232,48,111,16,54,33,10457264.2,14633,232,0,64,89,5,74,0,122,24,16,33,47.5,35,129,92,50,36,6,0
CRS3035RES200mN2528600E3918800,CRS3035RES1000mN2528000E3918000,CRS3035RES200mN2528600E3918800,0,0,69387,42,25,2,13,0,7,1,1135537.3,1740,25,0,24,1,0,0,0,0,2,1,0,0,4,23,7,2,2,1,0
CRS3035RES200mN2528600E3919000,CRS3035RES1000mN2528000E3919000,CRS3035RES1000mN2528000E3919000,0,0,69387,201.5,122,23,69,2,35,4,5182589.4,7060,122,0,62,47,0,13,0,0,10,2,2,11.5,20,104,25,9,14,4,0
CRS3035RES200mN2528600E3919200,CRS3035RES1000mN2528000E3919000,CRS3035RES1000mN2528000E3919000,0,0,69387,429.5,187,27,65,7,92,20,11653781.2,15701,187,0,21,166,0,0,0,21,22.5,12,20,36,43,85,97,40,55,19,0
CRS3035RES200mN2528600E3919400,CRS3035RES1000mN2528000E3919000,CRS3035RES1000mN2528000E3919000,0,0,69387,739,381,35,184,15,191,24,22715875.4,28687,377,4,99,233,19,30,0,52,27.5,9,36,47.5,54,204,131,77,95,58,0
CRS3035RES200mN2528600E3919600,CRS3035RES1000mN2528000E3919000,CRS3035RES1000mN2528000E3919000,0,0,69387,972.5,474,48,208,18,166,37,28284324.2,32139,474,0,27,83,83,281,0,75,46,32.5,66.5,59.5,67.5,318.5,198,62,92,30,0
CRS3035RES200mN2528600E3919800,CRS3035RES1000mN2528000E3919000,CRS3035RES1000mN2528000E3919000,0,0,69387,797.5,445,71,239,18,178,33,21108683.7,27095,445,0,59,83,0,303,0,77,37,17.5,28,46,61,281,146,73,52,56,0
CRS3035RES200mN2528600E3920000,CRS3035RES1000mN2528000E3920000,CRS3035RES1000mN2528000E3920000,0,0,69387,593.5,307,24,145,12,179,20,17265462.8,21216,307,0,0,91,131,85,0,0,41.5,7,29,27,58,192,84,69,53,33,0
CRS3035RES200mN2528600E3920200,CRS3035RES1000mN2528000E3920000,CRS3035RES1000mN2528000E3920000,1,0,69387,3,0.9,0.3,0.2,0.3,0,0.2,54003.9,77.6,0.9,0,0,0,0.7,0.2,0,0.9,0.1,0.2,0.4,0.6,0.4,0.5,0.8,0,0,0,0
CRS3035RES200mN2528600E3920400,CRS3035RES1000mN2528000E3920000,CRS3035RES1000mN2528000E3920000,0,0,69387,535.5,245,25,104,21,78,32,14106314.8,17549,245,0,55,0,117,73,0,55,25,10,46,53.5,44,123,122,55,46,11,0
CRS3035RES200mN2528600E3920600,CRS3035RES1000mN2528000E3920000,CRS3035RES1000mN2528000E3920000,0,0,"69387,69388",438,258,66,164,6,58,13,11206461.3,12847,257,1,6,18,81,153,0,109,24,8,16.5,22.5,62,172,77,18,27,11,0
CRS3035RES200mN2528600E3921200,CRS3035RES1000mN2528000E3921000,CRS3035RES200mN2528600E3921200,0,0,"69388,69383",481,245,25,120,9,117,11,15910706.5,18452,245,0,1,0,102,141,1,13,20,10,24,33,52,137,72,52,57,24,0
CRS3035RES200mN2528600E3921400,CRS3035RES1000mN2528000E3921000,CRS3035RES200mN2528600E3921400,0,0,"69383,69388",451,238,16,108,6,135,24,14144728.2,17013,236,2,25,105,67,40,1,0,29,10,12,24.5,38.5,141,65,45,50,36,0
CRS3035RES200mN2528600E3921600,CRS3035RES1000mN2528000E3921000,CRS3035RES200mN2528600E3921600,0,0,69383,375.5,195,10,85,7,120,13,12360784.1,15313,192,3,18,38,106,33,0,0,20,0,16,21.5,28,86,68,47,56,33,0
CRS3035RES200mN2528600E3921800,CRS3035RES1000mN2528000E3921000,CRS3035RES200mN2528600E3921800,0,0,69383,688.5,328,69,143,19,130,37,18314340.3,24943,328,0,0,137,107,84,0,132,35.5,12.5,46.5,68,48,121,134,85,93,45,0
CRS3035RES200mN2528600E3922000,CRS3035RES1000mN2528000E3922000,CRS3035RES1000mN2528000E3922000,0,0,69383,73.5,58,18,47,0,12,1,1526693.4,2286,58,0,38,0,0,20,0,0,0,0,2.5,3,15,37,9,5,1,1,0
CRS3035RES200mN2528600E3922200,CRS3035RES1000mN2528000E3922000,CRS3035RES1000mN2528000E3922000,0,0,69383,285,151,21,82,4,67,13,8646323.1,9671,128,23,80,0,1,70,0,24,12,6,12.5,27.5,23,88,62,27,19,8,0
CRS3035RES200mN2528600E3922400,CRS3035RES1000mN2528000E3922000,CRS3035RES1000mN2528000E3922000,0,0,69383,538,342,52,217,5,123,22,14916874.2,19612,330,12,180,33,22,107,0,12,20.5,10,15.5,28,60,182,108,38,58,18,0
CRS3035RES200mN2528600E3922600,CRS3035RES1000mN2528000E3922000,CRS3035RES1000mN2528000E3922000,0,0,69383,569.5,272,21,114,15,140,33,18005386.2,21784,236,36,59,5,99,109,0,21,23,15,35,52,44.5,122,116,50,74,38,0
CRS3035RES200mN2528600E3922800,CRS3035RES1000mN2528000E3922000,CRS3035RES1000mN2528000E3922000,0,0,69383,258.5,118,12,54,10,63,7,8996204.5,9611,84,34,54,33,0,31,0,0,8,8,18,24,27.5,41,60,27,31,14,0
CRS3035RES200mN2528600E3923000,CRS3035RES1000mN2528000E3923000,CRS3035RES1000mN2528000E3923000,0,0,69383,357.5,146,7,41,7,115,7,14515601.2,14616,82,64,38,30,39,39,0,0,8,6,19,39.5,32,41,78,41,66,27,0
CRS3035RES200mN2528600E3923200,CRS3035RES1000mN2528000E3923000,CRS3035RES1000mN2528000E3923000,0,0,69383,132,56,2,18,6,41,4,5413620.7,5387,24,32,25,25,6,0,0,0,2,6,12.5,9.5,6,19,23,21,25,8,0
CRS3035RES200mN2528600E3923400,CRS3035RES1000mN2528000E3923000,CRS3035RES1000mN2528000E3923000,1,0,69383,12,4.6,0.5,1.3,0.6,3.3,0.3,451529,517.3,1.3,3.3,1.9,1.4,0,1.3,0,0,0.1,0,0.5,1.2,1.9,1.3,2.7,1.9,2.4,0,0
CRS3035RES200mN2528600E3923600,CRS3035RES1000mN2528000E3923000,CRS3035RES1000mN2528000E3923000,1,0,"69383,69029",61,23.3,2.4,6.4,3.2,16.9,1.6,2295272.4,2629.4,6.4,16.9,9.7,7.2,0,6.4,0,0,0.8,0,2.4,6.4,9.6,6.4,13.7,9.6,12.1,0,0
CRS3035RES200mN2528800E3914600,CRS3035RES1000mN2528000E3914000,CRS3035RES1000mN2528000E3914000,0,0,"69202,69385",239,117,7,49,5,94,10,7261025.1,10286,101,16,4,64,47,2,0,0,12,4,8,16.5,17.5,30,49,24,41,37,0
CRS3035RES200mN2528800E3914800,CRS3035RES1000mN2528000E3914000,CRS3035RES1000mN2528000E3914000,0,0,"69385,69202",103,43,4,16,6,31,0,3242432.4,4408,13,30,18,8,4,13,0,1,3,3,6,12,8,16,19,13,21,2,0
CRS3035RES200mN2528800E3915000,CRS3035RES1000mN2528000E3915000,CRS3035RES1000mN2528000E3915000,0,0,"69202,69385",78,25,1,3,6,23,0,2902965.2,2938,0,25,7,4,8,6,0,1,2,1,8,7,6,7,13,13,18,3,0
CRS3035RES200mN2528800E3917200,CRS3035RES1000mN2528000E3917000,CRS3035RES1000mN2528000E3917000,0,0,"69142,69382",62,29,1,11,0,20,0,2455002,3052,29,0,5,0,0,24,0,0,1,1,3,1.5,5.5,5,10,11,17,7,0
CRS3035RES200mN2528800E3917600,CRS3035RES1000mN2528000E3917000,CRS3035RES1000mN2528000E3917000,0,0,69382,885,341,14,98,25,91,32,26267330.1,27715,341,0,0,0,166,175,0,40,48.5,27,84.5,95.5,71.5,196,260,64,30,8,0
CRS3035RES200mN2528800E3917800,CRS3035RES1000mN2528000E3917000,CRS3035RES1000mN2528000E3917000,0,0,69382,745,382,61,189,21,123,51,19866593.9,25025,380,2,99,38,6,239,0,99,27.5,15,58.5,68,60,196,156,65,71,28,0
CRS3035RES200mN2528800E3918000,CRS3035RES1000mN2528000E3918000,CRS3035RES200mN2528800E3918000,0,0,69382,450,253,46,138,8,87,7,12558362.5,15999,253,0,148,6,49,50,0,0,17,6,18.5,21,42.5,163,71,37,39,28,7
CRS3035RES200mN2528800E3918200,CRS3035RES1000mN2528000E3918000,CRS3035RES200mN2528800E3918200,0,0,69382,290.5,161,40,88,6,18,17,6834568.2,8977,161,0,31,0,0,130,0,51,16,3,12.5,20.5,30.5,116,46,16,24,6,0
CRS3035RES200mN2528800E3918400,CRS3035RES1000mN2528000E3918000,CRS3035RES200mN2528800E3918400,0,0,"69382,69387",52.5,34,11,22,1,9,5,1176468.1,1997,34,0,34,0,0,0,0,0,4,0,2,2.5,5,22,9,5,3,0,0
CRS3035RES200mN2528800E3918600,CRS3035RES1000mN2528000E3918000,CRS3035RES200mN2528800E3918600,0,0,"69387,69382",180,88,14,44,7,47,5,6155650.4,7278,88,0,32,36,0,20,0,0,4,2,4,21,23,37,27,21,25,16,0
CRS3035RES200mN2528800E3918800,CRS3035RES1000mN2528000E3918000,CRS3035RES200mN2528800E3918800,0,0,69387,672,399,47,236,12,157,17,20443470.4,27314,399,0,239,105,17,38,0,22,36,14.5,24.5,17,73,229,108,59,65,45,1
CRS3035RES200mN2528800E3919000,CRS3035RES1000mN2528000E3919000,CRS3035RES1000mN2528000E3919000,0,0,69387,773,466,80,292,15,120,32,20215159.4,26789,464,2,296,84,21,62,3,66,30.5,8,29.5,41,71,272,148,75,69,22,7
CRS3035RES200mN2528800E3919200,CRS3035RES1000mN2528000E3919000,CRS3035RES1000mN2528000E3919000,0,0,69387,1374.5,785,113,447,19,240,56,38864064.4,45486,785,0,298,154,6,327,0,109,98,40,70.5,58,79,611,207,83,81,47,0
CRS3035RES200mN2528800E3919400,CRS3035RES1000mN2528000E3919000,CRS3035RES1000mN2528000E3919000,0,0,69387,1055,661,85,406,8,232,33,30397638.5,40520,660,1,475,41,20,125,0,6,36,15,34,41.5,80.5,451,175,70,93,59,0
CRS3035RES200mN2528800E3919600,CRS3035RES1000mN2528000E3919000,CRS3035RES1000mN2528000E3919000,0,0,69387,987.5,581,139,372,23,167,41,23211547.1,31152,580,1,132,207,82,160,0,147,46,25,42.5,66.5,104.5,281,155,84,110,73,0
CRS3035RES200mN2528800E3919800,CRS3035RES1000mN2528000E3919000,CRS3035RES1000mN2528000E3919000,0,0,69387,1093.5,586,64,284,13,309,45,32834076,40593,586,0,72,77,172,265,0,44,60.5,28.5,52,42,69.5,323,178,128,150,62,0
CRS3035RES200mN2528800E3920000,CRS3035RES1000mN2528000E3920000,CRS3035RES1000mN2528000E3920000,0,0,69387,960,514,74,260,16,198,35,28059034.4,33234,514,0,2,0,223,289,0,20,50,21,43.5,63.5,105,317,156,78,81,45,0
CRS3035RES200mN2528800E3920200,CRS3035RES1000mN2528000E3920000,CRS3035RES1000mN2528000E3920000,0,0,69387,511.5,295,45,169,8,76,22,13227575.5,18268,292,3,52,26,125,92,0,51,25,12,17,20.5,59,158,78,64,60,18,0
CRS3035RES200mN2528800E3920400,CRS3035RES1000mN2528000E3920000,CRS3035RES1000mN2528000E3920000,0,0,69387,1132,642,103,347,12,285,31,33513969.5,40661,641,1,73,10,291,268,0,30,44,22.5,48,61.5,103,372,187,99,154,41,0
CRS3035RES200mN2528800E3920600,CRS3035RES1000mN2528000E3920000,CRS3035RES1000mN2528000E3920000,0,0,"69387,69388",977.5,491,85,236,28,192,49,25164774.5,35934,491,0,42,72,296,81,0,131,45,25,62.5,73,99,238,162,90,128,55,0
CRS3035RES200mN2528800E3920800,CRS3035RES1000mN2528000E3920000,CRS3035RES1000mN2528000E3920000,0,0,"69388,69387,69383",125,71,11,41,4,25,2,3656140.7,4732,70,1,21,6,39,5,0,0,5,2,10,6,10,38,23,17,9,5,0
CRS3035RES200mN2528800E3921000,CRS3035RES1000mN2528000E3921000,CRS3035RES200mN2528800E3921000,0,0,"69383,69388",269,164,36,108,6,55,11,8099516,9625,159,5,40,58,0,66,0,0,10.5,5,12.5,8.5,52.5,94,42,20,16,8,0
CRS3035RES200mN2528800E3921200,CRS3035RES1000mN2528000E3921000,CRS3035RES200mN2528800E3921200,0,0,"69383,69388",929.5,457,37,194,18,233,37,32437254.5,33697,446,11,42,0,8,407,0,0,33.5,17.5,49,64,93.5,231,199,113,93,36,0
CRS3035RES200mN2528800E3921400,CRS3035RES1000mN2528000E3921000,CRS3035RES200mN2528800E3921400,0,0,69383,1035,527,34,227,13,304,34,36870993.1,40999,524,3,14,31,67,415,0,0,44,18.5,49,58.5,84,238,223,117,153,50,0
CRS3035RES200mN2528800E3921600,CRS3035RES1000mN2528000E3921000,CRS3035RES200mN2528800E3921600,0,0,69383,820.5,437,33,201,6,279,30,28046339.2,33552,432,5,4,103,250,80,0,0,36,19,41,37.5,45,175,132,79,182,74,0
CRS3035RES200mN2528800E3921800,CRS3035RES1000mN2528000E3921000,CRS3035RES200mN2528800E3921800,0,0,69383,823.5,419,41,186,10,208,40,26300991.1,30535,413,6,43,75,161,140,0,67,34.5,11,41.5,51.5,69,205,167,95,116,33,0
CRS3035RES200mN2528800E3922000,CRS3035RES1000mN2528000E3922000,CRS3035RES1000mN2528000E3922000,0,0,69383,406.5,208,55,105,12,50,29,8896507.5,13562,203,5,5,110,0,93,0,84,21.5,9,19,37,35,97,76,42,46,24,0
CRS3035RES200mN2528800E3922200,CRS3035RES1000mN2528000E3922000,CRS3035RES1000mN2528000E3922000,0,0,69383,275,151,15,75,3,79,10,8499981,11228,137,14,33,31,1,86,0,0,9,10.5,9,15.5,22,70,50,36,38,15,0
CRS3035RES200mN2528800E3922400,CRS3035RES1000mN2528000E3922000,CRS3035RES1000mN2528000E3922000,0,0,69383,481,216,37,84,19,75,24,14027489.4,16824,180,36,66,64,10,76,0,58,29,14.5,39,41.5,36,111,103,38,48,21,0
CRS3035RES200mN2528800E3922600,CRS3035RES1000mN2528000E3922000,CRS3035RES1000mN2528000E3922000,0,0,69383,544.5,291,36,145,11,104,32,16654479,20401,264,27,101,42,17,131,0,15,17,13.5,18,42,56,151,108,60,56,23,0
CRS3035RES200mN2528800E3922800,CRS3035RES1000mN2528000E3922000,CRS3035RES1000mN2528000E3922000,0,0,69383,498.5,281,27,156,9,131,28,15897227.2,19423,269,12,57,77,26,120,1,7,15.5,10.5,26,33.5,39,120,106,49,57,42,0
CRS3035RES200mN2528800E3923000,CRS3035RES1000mN2528000E3923000,CRS3035RES1000mN2528000E3923000,0,0,69383,341,179,17,85,8,92,18,11768129.3,13974,157,22,51,1,80,47,0,9,18,6,9,19,32,77,59,34,48,39,0
CRS3035RES200mN2528800E3923200,CRS3035RES1000mN2528000E3923000,CRS3035RES1000mN2528000E3923000,0,0,69383,548,261,77,125,20,50,41,13139132,19062,213,48,244,13,1,3,0,198,27.5,14,38.5,59,30,71,102,81,85,40,0
CRS3035RES200mN2528800E3923400,CRS3035RES1000mN2528000E3923000,CRS3035RES1000mN2528000E3923000,0,0,69383,119,39,1,4,5,39,1,5631813.1,5409,0,39,28,2,2,7,0,0,0,7,7,17,9,9,33,17,15,5,0
CRS3035RES200mN2528800E3923600,CRS3035RES1000mN2528000E3923000,CRS3035RES1000mN2528000E3923000,0,0,"69383,69029",113,43,2,6,3,36,5,4208027.1,5453,6,37,26,3,4,10,0,0,3,3,6,12,7,14,23,20,24,1,0
CRS3035RES200mN2529000E3914400,CRS3035RES1000mN2529000E3914000,CRS3035RES1000mN2529000E3914000,0,0,"69202,69385,69089",52,16,1,1,4,13,1,1932177.6,1851,0,16,1,14,1,0,0,0,1,0,7.5,8.5,1,5,12,8,7,2,0
CRS3035RES200mN2529000E3914600,CRS3035RES1000mN2529000E3914000,CRS3035RES1000mN2529000E3914000,0,0,"69385,69202",112,46,4,14,3,43,3,4596081.7,5254,3,43,16,13,4,13,0,0,2,1,12,9,10,12,18,15,21,12,0
CRS3035RES200mN2529000E3914800,CRS3035RES1000mN2529000E3914000,CRS3035RES1000mN2529000E3914000,0,0,69385,136,52,1,13,8,50,2,4965348,5677,0,52,6,23,6,17,0,0,1,2,18,14,9,5,33,16,21,17,0
CRS3035RES200mN2529000E3915000,CRS3035RES1000mN2529000E3915000,CRS3035RES1000mN2529000E3915000,0,0,"69385,69202",290.5,109,5,29,10,91,8,10041814.6,10901,47,62,11,12,41,45,0,0,11,8.5,19.5,34.5,28,37,66,34,41,11,0
CRS3035RES200mN2529000E3915200,CRS3035RES1000mN2529000E3915000,CRS3035RES1000mN2529000E3915000,0,0,"69385,69202",338,156,20,59,7,47,23,8045433,10780,151,5,7,71,1,77,0,53,24,6,22,18,39.5,90,53.5,31,42,12,0
CRS3035RES200mN2529000E3915400,CRS3035RES1000mN2529000E3915000,CRS3035RES1000mN2529000E3915000,0,0,"69202,69385",315,152,18,66,7,88,22,7818625.6,10836,139,13,16,125,6,5,0,1,15,8.5,16,28.5,37,66,67,39,24,14,0
CRS3035RES200mN2529000E3916800,CRS3035RES1000mN2529000E3916000,CRS3035RES1000mN2529000E3916000,0,0,"69202,69385",193.5,90,9,37,6,52,10,5923493.3,8286,85,5,12,21,31,26,0,27,5,5,17,13.5,11,23,39,31,32,17,0
CRS3035RES200mN2529000E3917000,CRS3035RES1000mN2529000E3917000,CRS3035RES1000mN2529000E3917000,0,0,"69202,69385,69142",263,137,7,68,7,76,2,10147007.3,11607,131,6,7,46,1,83,0,19,9,5,10,21,16,52,54,42,40,14,0
CRS3035RES200mN2529000E3917200,CRS3035RES1000mN2529000E3917000,CRS3035RES1000mN2529000E3917000,0,0,"69142,69385,69202",110,62,8,33,2,40,4,3695738.5,5452,56,6,37,1,24,0,0,0,2,0,4,5.5,7.5,24,22,12,24,9,0
CRS3035RES200mN2529000E3917400,CRS3035RES1000mN2529000E3917000,CRS3035RES1000mN2529000E3917000,1,0,"69142,69382,69385",5,2.3,0.2,0.5,0,1.8,0.2,214445.3,266.4,2.2,0.1,0.3,0,0,2,0,0,0.2,0,0,0.5,0.4,0.7,1.1,0.1,1.2,0.8,0
CRS3035RES200mN2529000E3917600,CRS3035RES1000mN2529000E3917000,CRS3035RES1000mN2529000E3917000,0,0,"69382,69385,69142",64,38,2,21,1,11,1,2315953.2,3235,38,0,38,0,0,0,0,0,0.5,1,3.5,2,2,19,13,9,12,2,0
CRS3035RES200mN2529000E3917800,CRS3035RES1000mN2529000E3917000,CRS3035RES1000mN2529000E3917000,0,0,69382,345,184,28,96,12,46,18,9337489.3,11816,183,1,27,0,0,157,0,69,13,12,17.5,28.5,33,108,62,24,35,12,0
CRS3035RES200mN2529000E3918000,CRS3035RES1000mN2529000E3918000,CRS3035RES1000mN2529000E3918000,1,0,69382,8,3.5,0.2,1.5,0.4,1.7,0,277070,426.6,3.5,0,3.5,0,0,0,0,0,0.4,0.2,0.9,0.7,0.2,1.3,1.7,0.7,1.7,0.2,0
CRS3035RES200mN2529000E3918200,CRS3035RES1000mN2529000E3918000,CRS3035RES1000mN2529000E3918000,0,0,69382,30,25,9,21,0,0,2,615380.8,997,25,0,25,0,0,0,0,0,1,0,1,1,8,11,6,0,1,1,0
CRS3035RES200mN2529000E3918400,CRS3035RES1000mN2529000E3918000,CRS3035RES1000mN2529000E3918000,0,0,69382,209,123,39,72,4,33,14,4629741,7717,123,0,49,21,0,53,0,30,8,5.5,9,16.5,21,52,42,18,26,11,0
CRS3035RES200mN2529000E3918800,CRS3035RES1000mN2529000E3918000,CRS3035RES1000mN2529000E3918000,0,0,69387,467.5,241,27,122,12,91,7,16048015.9,20049,240,1,173,0,51,17,0,0,17,10.5,25,28.5,48.5,135,79,41,62,21,0
CRS3035RES200mN2529000E3919000,CRS3035RES1000mN2529000E3919000,CRS3035RES200mN2529000E3919000,0,0,69387,497.5,281,37,156,10,73,18,14051454.2,17807,281,0,136,5,46,94,0,46,16.5,5.5,22.5,39.5,44.5,179,90,44,34,22,0
CRS3035RES200mN2529000E3919200,CRS3035RES1000mN2529000E3919000,CRS3035RES200mN2529000E3919200,0,0,69387,689.5,424,78,267,6,104,18,18419323.4,25845,424,0,205,149,8,62,0,27,31.5,11.5,26,33.5,70,275,125,40,56,21,0
CRS3035RES200mN2529000E3919400,CRS3035RES1000mN2529000E3919000,CRS3035RES200mN2529000E3919400,0,0,69387,928,564,129,349,13,149,31,25777741.2,33152,559,5,191,31,77,265,0,44,42,13,41.5,47.5,95,377,139,56,85,32,0
CRS3035RES200mN2529000E3919600,CRS3035RES1000mN2529000E3919000,CRS3035RES200mN2529000E3919600,0,0,69387,1045.5,648,95,403,13,249,28,30084799.1,39278,645,3,412,24,166,44,2,9,43,13,44,41.5,86,385,171,80,125,57,0
CRS3035RES200mN2529000E3919800,CRS3035RES1000mN2529000E3919000,CRS3035RES200mN2529000E3919800,0,0,69387,925,530,87,313,19,207,39,24974485.5,31936,525,5,261,22,195,52,0,20,42.5,19.5,40.5,64,89.5,309,158,66,95,41,0
CRS3035RES200mN2529000E3920000,CRS3035RES1000mN2529000E3920000,CRS3035RES1000mN2529000E3920000,0,0,69387,928,474,87,222,17,144,47,25528496.2,31038,469,5,73,77,59,265,0,93,65,26,50.5,55,70.5,321,158,73,79,29,1
CRS3035RES200mN2529000E3920200,CRS3035RES1000mN2529000E3920000,CRS3035RES1000mN2529000E3920000,0,0,69387,954,481,66,233,26,151,49,25868515.8,31082,473,8,91,12,42,333,3,76,43.5,18,63.5,68,89,351,154,74,72,20,1
CRS3035RES200mN2529000E3920400,CRS3035RES1000mN2529000E3920000,CRS3035RES1000mN2529000E3920000,0,0,"69387,69383",1120,661,114,376,13,188,58,29768121.1,36730,661,0,93,43,227,298,0,78,61,16.5,41.5,52.5,119.5,458,173,93,78,27,0
CRS3035RES200mN2529000E3920600,CRS3035RES1000mN2529000E3920000,CRS3035RES1000mN2529000E3920000,0,0,"69387,69383",1157,495,74,198,59,128,60,29684897,38512,495,0,67,34,144,250,0,200,60,39.5,91.5,135.5,94.5,287,255,104,62,28,0
CRS3035RES200mN2529000E3920800,CRS3035RES1000mN2529000E3920000,CRS3035RES1000mN2529000E3920000,0,0,"69383,69387,69388",326,147,32,65,12,56,13,8533278.9,10361,147,0,0,0,34,113,0,30,19.5,15,26.5,22,29,98,53,36,24,3,0
CRS3035RES200mN2529000E3921000,CRS3035RES1000mN2529000E3921000,CRS3035RES200mN2529000E3921000,0,0,69383,596.5,257,77,107,32,0,57,10262550.6,16821,257,0,0,183,74,0,0,257,35,15.5,65,75,33,108,111,61,59,34,0
CRS3035RES200mN2529000E3921200,CRS3035RES1000mN2529000E3921000,CRS3035RES200mN2529000E3921200,0,0,69383,621.5,356,74,210,10,114,24,17621772.8,20981,336,20,126,85,36,109,0,77,19,5.5,19,47,79,175,113,60,73,31,0
CRS3035RES200mN2529000E3921400,CRS3035RES1000mN2529000E3921000,CRS3035RES200mN2529000E3921400,0,0,69383,789.5,386,35,163,12,217,32,24840601,27990,385,1,33,11,214,128,0,40,36,23.5,42.5,50.5,61,214,176,110,62,14,0
CRS3035RES200mN2529000E3921600,CRS3035RES1000mN2529000E3921000,CRS3035RES200mN2529000E3921600,0,0,69383,544.5,257,35,104,10,101,35,17123125.8,18122,252,5,25,39,0,193,0,38,22,13.5,37.5,52.5,53,135,124,53,41,9,4
CRS3035RES200mN2529000E3921800,CRS3035RES1000mN2529000E3921000,CRS3035RES200mN2529000E3921800,0,0,69383,652.5,361,44,184,11,121,36,18799655.8,24141,338,23,120,29,30,182,0,52,31.5,9,47,32.5,50.5,234,124,52,51,21,0
CRS3035RES200mN2529000E3922000,CRS3035RES1000mN2529000E3922000,CRS3035RES200mN2529000E3922000,0,0,69383,1181,578,132,275,44,120,86,25685460.7,35495,574,4,136,66,287,89,0,226,56,24,85.5,117,107.5,328,239,116,89,19,0
CRS3035RES200mN2529000E3922200,CRS3035RES1000mN2529000E3922000,CRS3035RES200mN2529000E3922200,0,0,69383,384.5,178,7,67,9,136,13,12352250.5,13902,161,17,30,98,28,22,0,1,23,13,18.5,22,27,97,66,45,49,24,0
CRS3035RES200mN2529000E3922400,CRS3035RES1000mN2529000E3922000,CRS3035RES200mN2529000E3922400,0,0,69383,381.5,158,20,60,17,74,13,12935262.7,12672,114,44,27,7,21,103,0,30,19.5,12,27.5,33,41.5,85,80,30,38,15,0
CRS3035RES200mN2529000E3922600,CRS3035RES1000mN2529000E3922000,CRS3035RES200mN2529000E3922600,0,0,69383,355,175,14,83,5,111,10,11778086.2,14149,135,40,53,49,17,56,0,3,12,6,28,26,27,80,70,35,40,31,0
CRS3035RES200mN2529000E3922800,CRS3035RES1000mN2529000E3922000,CRS3035RES200mN2529000E3922800,0,0,69383,341,152,9,56,10,93,7,12526469.2,13373,103,49,75,9,31,37,0,13,19,10,18,30,22,60,68,53,42,19,0
CRS3035RES200mN2529000E3923000,CRS3035RES1000mN2529000E3923000,CRS3035RES1000mN2529000E3923000,0,0,69383,505.5,241,29,99,11,98,26,16601899.9,18099,217,24,64,32,43,101,1,21,18,9,32.5,44.5,40.5,134,108,46,47,26,0
CRS3035RES200mN2529000E3923200,CRS3035RES1000mN2529000E3923000,CRS3035RES1000mN2529000E3923000,0,0,69383,470,230,19,95,12,132,21,15665035.5,19011,184,46,109,23,35,60,3,16,10,7,23,51,32,67,112,60,58,50,0
CRS3035RES200mN2529000E3923400,CRS3035RES1000mN2529000E3923000,CRS3035RES1000mN2529000E3923000,0,0,69383,359.5,186,17,98,8,98,5,13003457.6,15699,148,38,38,38,37,72,1,0,18,11,21.5,19.5,22.5,85,77,46,32,27,0
CRS3035RES200mN2529000E3923600,CRS3035RES1000mN2529000E3923000,CRS3035RES1000mN2529000E3923000,0,0,"69383,69029",334,144,12,53,10,88,12,11610995.3,13114,97,47,62,36,22,23,1,10,11,11,16,35,25,79,72,36,29,20,0
CRS3035RES200mN2529000E3923800,CRS3035RES1000mN2529000E3923000,CRS3035RES1000mN2529000E3923000,0,0,"69029,69383,69266",89,52,8,30,0,25,6,1959192.5,2989,47,5,22,30,0,0,0,0,8,0,0,3,9,28,10,7,20,4,0
CRS3035RES200mN2529200E3914200,CRS3035RES1000mN2529000E3914000,CRS3035RES1000mN2529000E3914000,0,0,"69089,69385",104,31,0,3,9,31,2,3963616.6,4647,1,30,5,8,4,14,0,0,0,2,15,17,11,1,31,11,10,6,0
CRS3035RES200mN2529200E3914400,CRS3035RES1000mN2529000E3914000,CRS3035RES1000mN2529000E3914000,0,0,"69385,69202,69089",96.5,35,2,8,3,19,3,3574993,4443,18,17,8,1,2,24,0,3,5,1,12.5,8.5,6.5,18,27,5,11,2,0
CRS3035RES200mN2529200E3914600,CRS3035RES1000mN2529000E3914000,CRS3035RES1000mN2529000E3914000,0,0,69385,125,49,1,8,5,45,1,5160112,6045,6,43,13,7,18,11,0,0,0,1,10,14,5,6,27,19,32,11,0
CRS3035RES200mN2529200E3914800,CRS3035RES1000mN2529000E3914000,CRS3035RES1000mN2529000E3914000,0,0,69385,144.5,48,1,7,12,45,1,5580796.2,5710,4,44,10,11,11,16,0,0,6,2,10.5,22,14,8,37,8,24,13,0
CRS3035RES200mN2529200E3915000,CRS3035RES1000mN2529000E3915000,CRS3035RES1000mN2529000E3915000,0,0,69385,299,134,35,50,7,23,29,6142489.1,10036,111,23,5,127,2,0,0,110,20.5,10.5,19,32.5,23.5,31,63,30,40,29,0
CRS3035RES200mN2529200E3915200,CRS3035RES1000mN2529000E3915000,CRS3035RES1000mN2529000E3915000,0,0,69385,177,91,7,38,2,73,13,4391416.8,6136,91,0,1,89,0,1,0,0,9,0,11,13,13,50,35,15,18,13,0
CRS3035RES200mN2529200E3915400,CRS3035RES1000mN2529000E3915000,CRS3035RES1000mN2529000E3915000,0,0,"69385,69202",656,282,76,110,32,80,65,12988259.9,20099,273,9,4,207,62,9,0,154,27.5,17,57,89,38.5,101,120,90,89,27,0
CRS3035RES200mN2529200E3915600,CRS3035RES1000mN2529000E3915000,CRS3035RES1000mN2529000E3915000,0,0,"69202,69385",158,73,3,32,6,60,4,5383747.4,6784,63,10,10,0,20,43,0,0,3,1,3,8,22,19,26,28,27,21,0
CRS3035RES200mN2529200E3915800,CRS3035RES1000mN2529000E3915000,CRS3035RES1000mN2529000E3915000,1,0,"69202,69385",16,6,0.2,1.4,0.7,5.1,0,700826.7,994.6,0.5,5.5,1.2,1.4,0.5,2.9,0,0,0.2,0,0.9,2.5,1,1.7,3.4,1.7,4.6,0,0
CRS3035RES200mN2529200E3916600,CRS3035RES1000mN2529000E3916000,CRS3035RES1000mN2529000E3916000,0,0,"69202,69385",187.5,96,5,38,3,34,11,6250465.1,7326,75,21,16,2,3,75,0,0,5,1,4.5,17.5,12.5,55,27,28,33,4,0
CRS3035RES200mN2529200E3916800,CRS3035RES1000mN2529000E3916000,CRS3035RES1000mN2529000E3916000,0,0,"69202,69385",595,276,22,108,17,173,35,20144983.6,23817,258,18,0,85,42,149,0,36,25.5,11,40,53,44,76.5,144,69,79,53,0
CRS3035RES200mN2529200E3917000,CRS3035RES1000mN2529000E3917000,CRS3035RES1000mN2529000E3917000,0,0,"69385,69202",298,144,9,62,7,58,11,11943308.9,13804,142,2,3,0,91,50,0,0,13,3,5,35,26,45,72,32,44,23,0
CRS3035RES200mN2529200E3917200,CRS3035RES1000mN2529000E3917000,CRS3035RES1000mN2529000E3917000,0,0,"69385,69142",56,22,1,4,1,17,0,2153590.5,2863,14,8,11,5,6,0,0,0,1,0,3,5,7,7,9,8,11,5,0
CRS3035RES200mN2529200E3917400,CRS3035RES1000mN2529000E3917000,CRS3035RES1000mN2529000E3917000,0,0,"69385,69142",158,82,15,38,2,41,10,5109166.3,7003,73,9,50,0,1,31,0,7,8.5,4,8,12,9.5,45,31,20,14,6,0
CRS3035RES200mN2529200E3917600,CRS3035RES1000mN2529000E3917000,CRS3035RES1000mN2529000E3917000,0,0,"69385,69382",130,75,15,41,2,35,5,3392323.1,4799,74,1,38,21,0,16,0,0,5,2,5,3.5,15.5,34,33,11,15,6,0
CRS3035RES200mN2529200E3917800,CRS3035RES1000mN2529000E3917000,CRS3035RES1000mN2529000E3917000,0,0,"69382,69385",174,103,18,63,5,28,9,3863566.2,6167,103,0,103,0,0,0,0,42,9,5,4,11,16,60,28,18,15,8,0
CRS3035RES200mN2529200E3918000,CRS3035RES1000mN2529000E3918000,CRS3035RES1000mN2529000E3918000,0,0,69382,203.5,83,11,37,14,48,5,5976885,8122,82,1,83,0,0,0,0,0,17,4,8,22.5,28,26,39,20,25,14,0
CRS3035RES200mN2529200E3918200,CRS3035RES1000mN2529000E3918000,CRS3035RES1000mN2529000E3918000,0,0,69382,227.5,134,22,74,3,37,7,6830089.3,9373,134,0,106,0,28,0,0,0,8,2,5,17.5,28,64,27,27,39,10,0
CRS3035RES200mN2529200E3918400,CRS3035RES1000mN2529000E3918000,CRS3035RES1000mN2529000E3918000,0,0,69382,766.5,408,60,199,19,143,36,23842911.3,32749,408,0,350,10,26,22,0,44,29,12,28,45.5,74,201,129,91,104,53,0
CRS3035RES200mN2529200E3918600,CRS3035RES1000mN2529000E3918000,CRS3035RES1000mN2529000E3918000,0,0,"69382,69387",441.5,234,47,122,12,56,20,13111273.9,18756,234,0,213,4,16,1,0,51,13,10,20.5,34,41,99,88,54,60,22,0
CRS3035RES200mN2529200E3919000,CRS3035RES1000mN2529000E3919000,CRS3035RES200mN2529200E3919000,0,0,69387,138,83,10,50,0,10,3,3869601.3,5052,83,0,83,0,0,0,0,0,6,2,8,3,11,66,26,11,4,1,0
CRS3035RES200mN2529200E3919200,CRS3035RES1000mN2529000E3919000,CRS3035RES200mN2529200E3919200,0,0,69387,283.5,197,67,150,3,21,7,5903577.3,9496,196,1,124,18,17,37,1,86,9.5,3,9,10,28,112,60,17,24,11,0
CRS3035RES200mN2529200E3919400,CRS3035RES1000mN2529000E3919000,CRS3035RES200mN2529200E3919400,0,0,69387,647.5,405,86,275,10,93,17,15093776,19813,398,7,291,74,26,14,0,27,39.5,10.5,27,28.5,84,292,97,21,34,14,0
CRS3035RES200mN2529200E3919600,CRS3035RES1000mN2529000E3919000,CRS3035RES200mN2529200E3919600,0,0,69387,1020,608,120,368,12,191,36,27806550.9,35518,606,2,467,21,5,113,2,70,51,20,39,43,91,438,166,71,79,22,0
CRS3035RES200mN2529200E3919800,CRS3035RES1000mN2529000E3919000,CRS3035RES200mN2529200E3919800,0,0,69387,789.5,442,59,246,15,172,28,24522047.1,28818,440,2,286,29,30,97,0,23,36.5,17.5,31,47.5,60,283,157,63,58,36,0
CRS3035RES200mN2529200E3920000,CRS3035RES1000mN2529000E3920000,CRS3035RES1000mN2529000E3920000,0,0,"69387,69383",962,549,41,311,12,250,22,31015714,38424,545,4,154,27,80,287,1,14,52.5,15.5,28,61,68,344,172,67,103,51,0
CRS3035RES200mN2529200E3920200,CRS3035RES1000mN2529000E3920000,CRS3035RES1000mN2529000E3920000,0,0,"69387,69383",1000,546,57,280,15,280,38,31744349.3,40753,543,3,138,84,287,37,0,12,27.5,8,46.5,70,91,270,191,97,125,74,0
CRS3035RES200mN2529200E3920400,CRS3035RES1000mN2529000E3920000,CRS3035RES1000mN2529000E3920000,0,0,"69383,69387",1057,651,90,379,6,224,39,32004709.7,39771,650,1,135,31,121,364,0,0,37,17.5,39.5,42.5,75.5,458,178,81,77,51,0
CRS3035RES200mN2529200E3920600,CRS3035RES1000mN2529000E3920000,CRS3035RES1000mN2529000E3920000,0,0,69383,781.5,386,16,163,11,161,27,26321736,26414,386,0,0,0,0,386,0,33,56,20.5,50,43.5,37.5,314,150,55,43,12,0
CRS3035RES200mN2529200E3920800,CRS3035RES1000mN2529000E3920000,CRS3035RES1000mN2529000E3920000,1,0,69383,1,0.7,0.2,0.5,0,0,0,26403.4,34.4,0.7,0,0.6,0,0,0.1,0,0,0,0,0.1,0,0.2,0.3,0.2,0.1,0,0.1,0
CRS3035RES200mN2529200E3921200,CRS3035RES1000mN2529000E3921000,CRS3035RES200mN2529200E3921200,0,0,69383,1039,574,122,317,17,173,47,25991765.3,34051,572,2,153,20,0,401,0,203,39,16,51,76.5,80.5,317,220,105,100,34,0
CRS3035RES200mN2529200E3921400,CRS3035RES1000mN2529000E3921000,CRS3035RES200mN2529200E3921400,0,0,69383,806.5,414,76,195,16,164,43,23385696.4,26804,413,1,140,0,83,191,0,77,28.5,14,44.5,61,72.5,201,161,110,93,21,0
CRS3035RES200mN2529200E3921600,CRS3035RES1000mN2529000E3921000,CRS3035RES200mN2529200E3921600,0,0,69383,948.5,531,77,307,21,162,31,25558435,32279,526,5,76,13,201,241,0,1,31,18.5,51.5,67.5,69,258,186,76,106,85,0
CRS3035RES200mN2529200E3921800,CRS3035RES1000mN2529000E3921000,CRS3035RES200mN2529200E3921800,0,0,69383,598.5,298,34,138,10,153,17,17687275.6,21513,269,29,88,38,49,123,0,10,23,8.5,24,51,57,161,129,63,64,18,0
CRS3035RES200mN2529200E3922000,CRS3035RES1000mN2529000E3922000,CRS3035RES200mN2529200E3922000,0,0,69383,246,122,16,60,4,82,6,8431100.4,10076,87,35,55,16,23,28,0,0,8,8,15.5,14.5,17,51,54,29,33,16,0
CRS3035RES200mN2529200E3922200,CRS3035RES1000mN2529000E3922000,CRS3035RES200mN2529200E3922200,0,0,69383,295,140,10,58,9,82,14,9183653.3,10801,117,23,33,6,32,68,1,17,19.5,10,17,19,28.5,77,44,35,32,13,0
CRS3035RES200mN2529200E3922400,CRS3035RES1000mN2529000E3922000,CRS3035RES200mN2529200E3922400,0,0,69383,225,111,16,57,8,37,12,5864668.1,7995,93,18,78,0,1,32,0,28,9,3,10,24,19,54,52,27,19,8,0
CRS3035RES200mN2529200E3922600,CRS3035RES1000mN2529000E3922000,CRS3035RES200mN2529200E3922600,0,0,69383,488,223,25,90,15,79,25,14655645.3,16053,207,16,51,0,1,171,0,24,24.5,19.5,34.5,37,39.5,130,108,56,29,10,0
CRS3035RES200mN2529200E3922800,CRS3035RES1000mN2529000E3922000,CRS3035RES200mN2529200E3922800,0,0,"69383,69266",618.5,310,44,150,13,134,34,17426786.5,23657,294,16,121,13,52,123,1,103,32.5,20,33.5,46,51.5,122,114,71,97,31,0
CRS3035RES200mN2529200E3923000,CRS3035RES1000mN2529000E3923000,CRS3035RES1000mN2529000E3923000,0,0,"69383,69266",642.5,311,39,155,18,101,38,17756404.4,21408,286,25,122,38,1,150,0,43,31,23,44,54.5,61,159,138,58,55,19,0
CRS3035RES200mN2529200E3923200,CRS3035RES1000mN2529000E3923000,CRS3035RES1000mN2529000E3923000,0,0,"69383,69266",772,370,42,175,21,139,36,20924164.1,25693,358,12,71,21,33,245,0,29,33.5,27,53,84,60.5,205,146,66,70,24,3
CRS3035RES200mN2529200E3923400,CRS3035RES1000mN2529000E3923000,CRS3035RES1000mN2529000E3923000,0,0,"69383,69266",987.5,482,66,231,31,197,39,26583847.1,34239,475,7,93,12,179,198,0,126,47,25,61.5,86,71,208,191,104,130,63,1
CRS3035RES200mN2529200E3923600,CRS3035RES1000mN2529000E3923000,CRS3035RES1000mN2529000E3923000,0,0,"69266,69383",173,74,9,25,5,29,9,4551444.1,5719,66,8,9,2,13,50,0,0,14,4.5,12.5,15,17,37,44,8,16,5,0
CRS3035RES200mN2529200E3923800,CRS3035RES1000mN2529000E3923000,CRS3035RES1000mN2529000E3923000,0,0,"69266,69383",146,67,11,20,3,20,8,3595901,4703,63,4,4,0,0,63,0,14,14,3,13,3,17,55,17,11,13,0,0
CRS3035RES200mN2529400E3914000,CRS3035RES1000mN2529000E3914000,CRS3035RES1000mN2529000E3914000,1,0,"69089,69385",25,9.8,0.8,4.5,1.5,4.5,0,905845.8,1072.7,4.5,5.3,2.3,0.7,0.7,6.1,0,0,0,0.8,3,3,3,2.3,9.1,1.5,1.5,0.8,0
CRS3035RES200mN2529400E3914200,CRS3035RES1000mN2529000E3914000,CRS3035RES1000mN2529000E3914000,0,0,"69385,69089",86.5,30,2,5,4,27,0,3781124.6,3982,2,28,0,10,3,17,0,0,3,1,3,10,12.5,9,17,24,4,3,0
CRS3035RES200mN2529400E3914400,CRS3035RES1000mN2529000E3914000,CRS3035RES1000mN2529000E3914000,0,0,69385,106.5,41,1,11,5,36,4,4256609.2,5164,9,32,8,0,10,23,0,0,4,2,8,15,7.5,10,27,25,7,1,0
CRS3035RES200mN2529400E3914600,CRS3035RES1000mN2529000E3914000,CRS3035RES1000mN2529000E3914000,0,0,69385,49,20,0,2,0,18,2,1952241,2357,1,19,2,2,1,15,0,0,1,0,1,4,4,7,14,6,11,1,0
CRS3035RES200mN2529400E3914800,CRS3035RES1000mN2529000E3914000,CRS3035RES1000mN2529000E3914000,0,0,69385,359.5,169,8,65,8,126,23,10069406.7,13057,145,24,11,144,9,5,0,4,16,6,23.5,33.5,23.5,61,85,42,50,19,0
CRS3035RES200mN2529400E3915000,CRS3035RES1000mN2529000E3915000,CRS3035RES1000mN2529000E3915000,0,0,69385,380,192,18,85,4,119,27,9842384.9,13416,189,3,2,102,30,58,0,3,24,9,21,21,36,106,70,34,42,17,0
CRS3035RES200mN2529400E3915200,CRS3035RES1000mN2529000E3915000,CRS3035RES1000mN2529000E3915000,0,0,69385,164.5,77,8,29,4,20,11,4508430.7,5576,73,4,2,0,1,74,0,13,5,1,9,17,24.5,45,31,20,8,4,0
CRS3035RES200mN2529400E3915400,CRS3035RES1000mN2529000E3915000,CRS3035RES1000mN2529000E3915000,0,0,69385,80,36,4,10,1,9,7,2269088.4,2620,31,5,5,0,0,31,0,6,2,3,6,10,7,12,27,8,5,0,0
CRS3035RES200mN2529400E3915600,CRS3035RES1000mN2529000E3915000,CRS3035RES1000mN2529000E3915000,0,0,69385,163,74,12,25,3,51,15,4709104.1,6768,54,20,12,53,2,7,0,0,8,2.5,13.5,13.5,11.5,30,32,24,20,8,0
CRS3035RES200mN2529400E3915800,CRS3035RES1000mN2529000E3915000,CRS3035RES1000mN2529000E3915000,0,0,"69385,69202",100,33,3,8,8,28,1,4113841.2,3819,14,19,24,5,3,1,0,0,1,3,7,18,11,7,27,8,15,3,0
CRS3035RES200mN2529400E3916000,CRS3035RES1000mN2529000E3916000,CRS3035RES1000mN2529000E3916000,0,0,"69385,69202",428,202,28,82,10,89,36,10201603.9,13855,201,1,1,84,16,101,0,46,25,12,24,46,27,105,88,47,40,14,0
CRS3035RES200mN2529400E3916200,CRS3035RES1000mN2529000E3916000,CRS3035RES1000mN2529000E3916000,0,0,"69202,69385",736,376,49,170,18,231,60,16837710.5,23740,372,4,1,263,59,53,0,17,26.5,16,31.5,66,58,158,160,93,86,40,1
CRS3035RES200mN2529400E3916400,CRS3035RES1000mN2529000E3916000,CRS3035RES1000mN2529000E3916000,0,0,"69202,69385",112.5,45,2,9,3,42,1,4385829.3,5150,2,43,39,3,2,1,0,0,1,1,4,9.5,12,10,15,13,39,8,0
CRS3035RES200mN2529400E3916600,CRS3035RES1000mN2529000E3916000,CRS3035RES1000mN2529000E3916000,0,0,"69385,69202",265.5,128,4,41,1,95,17,10369025.4,12061,103,25,16,34,2,76,0,0,3.5,4.5,9.5,20,26,28,65,48,48,13,0
CRS3035RES200mN2529400E3916800,CRS3035RES1000mN2529000E3916000,CRS3035RES1000mN2529000E3916000,0,0,69385,350,162,9,71,9,111,14,10201224.6,11943,145,17,7,154,1,0,0,0,18,5,18.5,35.5,23,72,72,36,53,17,0
CRS3035RES200mN2529400E3917000,CRS3035RES1000mN2529000E3917000,CRS3035RES1000mN2529000E3917000,0,0,69385,167,87,4,40,3,61,1,6195987.7,7781,76,11,0,8,78,1,0,0,4,3,6,10,12,27,22,25,41,17,0
CRS3035RES200mN2529400E3917200,CRS3035RES1000mN2529000E3917000,CRS3035RES1000mN2529000E3917000,0,0,69385,97,45,1,12,1,35,6,3977966.2,4813,42,3,3,33,0,9,0,0,2,1,4,8,6,12,19,8,26,11,0
CRS3035RES200mN2529400E3917400,CRS3035RES1000mN2529000E3917000,CRS3035RES1000mN2529000E3917000,0,0,69385,294,144,8,59,3,95,10,10935310.1,12457,126,18,32,0,111,1,0,0,15,3.5,7.5,19,24,64,37,34,60,30,0
CRS3035RES200mN2529400E3917600,CRS3035RES1000mN2529000E3917000,CRS3035RES1000mN2529000E3917000,0,0,69385,54,29,1,15,1,14,2,1699908,2919,23,6,5,0,21,3,0,0,1,2,3,1,4,14,11,5,11,2,0
CRS3035RES200mN2529400E3917800,CRS3035RES1000mN2529000E3917000,CRS3035RES1000mN2529000E3917000,0,0,"69385,69382",114.5,48,22,19,5,0,11,1784791.6,3747,48,0,0,0,48,0,0,48,4,2,5.5,23,9,17,19,19,16,0,0
CRS3035RES200mN2529400E3918000,CRS3035RES1000mN2529000E3918000,CRS3035RES1000mN2529000E3918000,0,0,"69382,69385",398,193,20,96,12,87,6,14671102.7,18626,193,0,78,10,88,17,0,0,16,5,21,27.5,33.5,91,75,41,58,30,0
CRS3035RES200mN2529400E3918200,CRS3035RES1000mN2529000E3918000,CRS3035RES1000mN2529000E3918000,0,0,69382,751,413,44,223,15,165,21,26228633.6,34704,412,1,346,18,5,44,0,2,26,15,25.5,40.5,70,189,137,99,86,63,0
CRS3035RES200mN2529400E3918400,CRS3035RES1000mN2529000E3918000,CRS3035RES1000mN2529000E3918000,0,0,69382,1187,596,65,281,34,253,37,40745660.5,50971,594,2,590,6,0,0,0,0,65,14,41,75,117,319,193,130,158,75,0
CRS3035RES200mN2529400E3918600,CRS3035RES1000mN2529000E3918000,CRS3035RES1000mN2529000E3918000,0,0,69382,1041.5,575,86,325,25,179,34,32862969.2,41845,574,1,570,0,0,5,0,33,58,13,45,69,94.5,347,179,83,104,49,0
CRS3035RES200mN2529400E3918800,CRS3035RES1000mN2529000E3918000,CRS3035RES1000mN2529000E3918000,1,0,"69382,69387",29,12.5,0.8,5.5,1.6,6.3,0,1004378.9,1546.4,12.5,0,12.5,0,0,0,0,0,1.6,0.8,3.1,2.3,0.8,4.7,6.3,2.3,6.3,0.8,0
CRS3035RES200mN2529400E3919000,CRS3035RES1000mN2529000E3919000,CRS3035RES200mN2529400E3919000,0,0,"69387,69382",62,34,6,18,2,12,4,2055231.2,2682,34,0,18,0,0,16,0,0,4,1,1,7,15,8,10,6,7,3,0
CRS3035RES200mN2529400E3919200,CRS3035RES1000mN2529000E3919000,CRS3035RES200mN2529400E3919200,0,0,69387,981,620,139,407,16,166,16,27932181.2,37058,619,1,474,10,20,116,0,84,32.5,13.5,32,45,114,366,160,94,97,27,0
CRS3035RES200mN2529400E3919400,CRS3035RES1000mN2529000E3919000,CRS3035RES200mN2529400E3919400,0,0,69387,1110,615,126,344,24,183,45,28871657.3,36480,614,1,361,33,8,213,0,134,57,29,66,68.5,86.5,408,212,69,94,20,0
CRS3035RES200mN2529400E3919600,CRS3035RES1000mN2529000E3919000,CRS3035RES200mN2529400E3919600,0,0,69387,1365,767,176,450,31,183,62,33748907.2,46805,767,0,316,156,0,295,0,157,71,30,72,85.5,144.5,452,234,115,111,50,0
CRS3035RES200mN2529400E3919800,CRS3035RES1000mN2529000E3919000,CRS3035RES200mN2529400E3919800,0,0,"69387,69383",951,538,50,283,14,274,22,32871589.9,40024,537,1,329,84,0,124,1,8,41,12.5,37,46.5,66,321,136,72,113,106,0
CRS3035RES200mN2529400E3920000,CRS3035RES1000mN2529000E3920000,CRS3035RES1000mN2529000E3920000,0,0,"69383,69387",1157,646,62,340,21,286,39,38773609.2,49021,646,0,208,22,224,192,0,29,60,17.5,44,55.5,87,376,171,102,153,91,0
CRS3035RES200mN2529400E3920200,CRS3035RES1000mN2529000E3920000,CRS3035RES1000mN2529000E3920000,0,0,69383,957,528,57,281,8,218,26,29854598.1,35001,527,1,203,50,78,197,0,23,52,15,34,53,82,352,149,71,102,47,0
CRS3035RES200mN2529400E3920400,CRS3035RES1000mN2529000E3920000,CRS3035RES1000mN2529000E3920000,0,0,69383,1550,775,92,369,44,240,70,45980311.5,52884,775,0,202,0,63,509,1,117,88,29.5,98.5,109,119,515,323,119,115,34,0
CRS3035RES200mN2529400E3920600,CRS3035RES1000mN2529000E3920000,CRS3035RES1000mN2529000E3920000,0,0,69383,1158,616,127,343,33,164,62,28076194.8,38465,615,1,49,134,63,370,0,157,52.5,36,75,78.5,120,364,211,94,90,36,1
CRS3035RES200mN2529400E3921200,CRS3035RES1000mN2529000E3921000,CRS3035RES200mN2529400E3921200,0,0,69383,1096,517,148,245,38,90,65,22155421.6,30209,516,1,30,43,60,384,0,307,61.5,25,69,106.5,102,279,235,113,85,20,0
CRS3035RES200mN2529400E3921400,CRS3035RES1000mN2529000E3921000,CRS3035RES200mN2529400E3921400,0,0,69383,1092,602,79,322,17,280,40,32088597.3,38799,598,4,175,10,88,329,0,5,73,22,48.5,48,93,408,211.5,77,81,30,0
CRS3035RES200mN2529400E3921600,CRS3035RES1000mN2529000E3921000,CRS3035RES200mN2529400E3921600,0,0,69383,738,366,46,166,12,176,35,21173664.6,26560,363,3,100,102,70,94,0,11,45,15.5,39.5,59,65,201,164,52,63,34,0
CRS3035RES200mN2529400E3921800,CRS3035RES1000mN2529000E3921000,CRS3035RES200mN2529400E3921800,0,0,69383,1173.5,520,84,226,43,116,82,27154379.2,35998,503,17,92,38,31,359,0,242,60,37.5,102,115,114,283,258,112,68,24,0
CRS3035RES200mN2529400E3922000,CRS3035RES1000mN2529000E3922000,CRS3035RES200mN2529400E3922000,0,0,"69383,69266",644.5,342,56,174,15,181,31,18604220.6,24157,312,30,145,72,61,64,0,25,25,15.5,40,36,53,191,118,68,56,39,3
CRS3035RES200mN2529400E3922200,CRS3035RES1000mN2529000E3922000,CRS3035RES200mN2529400E3922200,0,0,"69383,69266",656.5,292,67,132,29,74,43,14340873.9,20492,277,15,81,18,35,158,0,126,33.5,20,50,89.5,42.5,141,143,73,51,13,0
CRS3035RES200mN2529400E3922400,CRS3035RES1000mN2529000E3922000,CRS3035RES200mN2529400E3922400,0,0,"69266,69383",873.5,441,64,203,19,193,52,22244815.7,29703,426,15,60,82,123,176,0,68,26,19,52.5,76.5,73.5,200,185,95,98,48,0
CRS3035RES200mN2529400E3922600,CRS3035RES1000mN2529000E3922000,CRS3035RES200mN2529400E3922600,0,0,"69266,69383",1442,719,115,337,27,223,89,37104049,43500,714,5,54,0,59,606,0,110,95,42,100,97,141,521,257,103,72,14,0
CRS3035RES200mN2529400E3922800,CRS3035RES1000mN2529000E3922000,CRS3035RES200mN2529400E3922800,0,0,"69266,69383",815,391,44,183,26,154,37,21969935.9,26567,384,7,37,0,35,319,0,58,54.5,30.5,48.5,59,72.5,241,159,69,59,22,0
CRS3035RES200mN2529600E3914000,CRS3035RES1000mN2529000E3914000,CRS3035RES1000mN2529000E3914000,0,0,"69385,69244,69089",253,124,19,56,5,48,14,6662837.9,8693,123,1,1,2,0,121,0,44,10,3,18,21,17,35,69,44,32,4,0
CRS3035RES200mN2529600E3914200,CRS3035RES1000mN2529000E3914000,CRS3035RES1000mN2529000E3914000,0,0,69385,361.5,158,15,51,10,98,14,11658717.5,14182,151,7,0,0,90,68,0,34,12,7,17,35.5,30,53,80,50,63,14,0
CRS3035RES200mN2529600E3914400,CRS3035RES1000mN2529000E3914000,CRS3035RES1000mN2529000E3914000,0,0,69385,18,12,1,6,0,10,3,834494.1,1170,10,2,0,0,12,0,0,0,0,0,1.5,0.5,0,2,3,4,4,3,0
CRS3035RES200mN2529600E3914600,CRS3035RES1000mN2529000E3914000,CRS3035RES1000mN2529000E3914000,1,0,69385,8,3.2,0.2,1.5,0.5,1.5,0,289870.6,343.3,1.5,1.7,0.7,0.3,0.3,1.9,0,0,0,0.2,1,1,1,0.7,2.9,0.5,0.5,0.2,0
CRS3035RES200mN2529600E3914800,CRS3035RES1000mN2529000E3914000,CRS3035RES1000mN2529000E3914000,0,0,69385,344.5,184,14,90,4,103,17,9817311.8,13814,176,8,5,1,122,56,0,0,9,6.5,17,29,23,59,71,49,60,21,0
CRS3035RES200mN2529600E3915000,CRS3035RES1000mN2529000E3915000,CRS3035RES1000mN2529000E3915000,0,0,69385,169.5,76,4,28,3,28,10,5694943,7031,57,19,3,5,0,68,0,27,5,3,11,18.5,18,19,49,23,20,3,0
CRS3035RES200mN2529600E3915200,CRS3035RES1000mN2529000E3915000,CRS3035RES1000mN2529000E3915000,0,0,69385,523.5,220,43,76,24,37,49,11053563.5,15690,207,13,5,170,25,20,0,168,23,14,27,66.5,44,90,98,66,72,23,0
CRS3035RES200mN2529600E3915400,CRS3035RES1000mN2529000E3915000,CRS3035RES1000mN2529000E3915000,0,0,69385,127.5,58,15,23,5,0,12,2547957.6,3926,58,0,0,58,0,0,0,50,6.5,0,10,8,15,21,25,22,15,5,0
CRS3035RES200mN2529600E3915600,CRS3035RES1000mN2529000E3915000,CRS3035RES1000mN2529000E3915000,1,0,69385,50.5,19,0.8,4.6,2.3,15.9,0,2211984.4,3139.4,1.5,17.5,3.8,4.6,1.5,9.1,0,0,0.8,0,3,8,3.1,5.3,10.6,5.3,14.4,0,0
CRS3035RES200mN2529600E3915800,CRS3035RES1000mN2529000E3915000,CRS3035RES1000mN2529000E3915000,0,0,69385,136,69,2,27,1,52,5,5653179,7430,36,33,28,3,2,36,0,0,1,1,2,10,11,12,23,26,36,14,0
CRS3035RES200mN2529600E3916000,CRS3035RES1000mN2529000E3916000,CRS3035RES1000mN2529000E3916000,0,0,69385,229,134,8,76,3,99,6,7243563.3,9968,127,7,5,0,118,11,0,0,2,5,8,11,11,20,50,28,55,39,0
CRS3035RES200mN2529600E3916200,CRS3035RES1000mN2529000E3916000,CRS3035RES1000mN2529000E3916000,0,0,69385,344,162,8,63,6,123,16,10319966.3,13685,157,5,4,1,99,58,0,11,7,4,12,29,39,36,73,44,72,28,0
CRS3035RES200mN2529600E3916400,CRS3035RES1000mN2529000E3916000,CRS3035RES1000mN2529000E3916000,0,0,69385,406,187,11,78,9,115,33,10995537.9,14172,175,12,8,78,60,41,0,0,10.5,7,25,47,34.5,61,98,51,32,33,7
CRS3035RES200mN2529600E3916600,CRS3035RES1000mN2529000E3916000,CRS3035RES1000mN2529000E3916000,0,0,69385,216.5,104,10,41,6,79,12,5150538.9,7481,101,3,2,91,0,11,0,0,12,2,10.5,16,15,40,47,23,36,15,0
CRS3035RES200mN2529600E3916800,CRS3035RES1000mN2529000E3916000,CRS3035RES1000mN2529000E3916000,0,0,69385,378.5,231,33,142,5,115,9,10035546.7,15368,223,8,5,60,81,85,0,66,12,4,14.5,23,10,55,66,42,91,61,0
CRS3035RES200mN2529600E3917000,CRS3035RES1000mN2529000E3917000,CRS3035RES1000mN2529000E3917000,0,0,69385,197,92,12,31,4,62,15,5258124.5,6156,90,2,1,91,0,0,0,0,10,8,14,12,16,52,33,21,19,12,0
CRS3035RES200mN2529600E3917200,CRS3035RES1000mN2529000E3917000,CRS3035RES1000mN2529000E3917000,1,0,69385,40.5,18.7,1.8,4.5,0,14.2,1.8,1737007.2,2157.6,17.8,0.9,2.7,0,0,16,0,0,1.8,0,0,4.5,3.1,5.3,8.9,0.9,9.8,6.2,0
CRS3035RES200mN2529600E3917400,CRS3035RES1000mN2529000E3917000,CRS3035RES1000mN2529000E3917000,0,0,69385,265.5,135,21,72,10,65,12,8304116.1,9679,129,6,19,35,0,81,0,24,7,5,15,16,30.5,85,51,26,23,0,7
CRS3035RES200mN2529600E3917600,CRS3035RES1000mN2529000E3917000,CRS3035RES1000mN2529000E3917000,0,0,69385,124,50,5,15,4,31,7,4142414.8,4830,43,7,9,0,0,41,0,8,5,1,10,14,14,24,28,13,11,4,0
CRS3035RES200mN2529600E3917800,CRS3035RES1000mN2529000E3917000,CRS3035RES1000mN2529000E3917000,0,0,69385,171,95,10,50,3,49,6,5439531.4,6515,92,3,59,0,0,36,0,0,2,3,7,11,10,52,37,27,17,5,0
CRS3035RES200mN2529600E3918000,CRS3035RES1000mN2529000E3918000,CRS3035RES1000mN2529000E3918000,0,0,"69385,69382",211.5,100,6,41,6,51,12,6349123.1,9079,100,0,54,14,32,0,0,17,7,5,13.5,12,22,37,40,29,35,11,0
CRS3035RES200mN2529600E3918200,CRS3035RES1000mN2529000E3918000,CRS3035RES1000mN2529000E3918000,0,0,69382,753.5,356,38,153,25,129,29,27632558.9,35682,355,1,326,13,17,0,0,26,32.5,5,32.5,60.5,82.5,166,147.5,88,104,35,0
CRS3035RES200mN2529600E3918400,CRS3035RES1000mN2529000E3918000,CRS3035RES1000mN2529000E3918000,0,0,69382,961,475,53,230,34,186,41,32287857.7,43538,473,2,451,6,0,18,0,42,35,17,47.5,83,114.5,248,158,95,104,59,0
CRS3035RES200mN2529600E3918600,CRS3035RES1000mN2529000E3918000,CRS3035RES1000mN2529000E3918000,0,0,69382,657,333,39,161,22,132,30,23985270.7,32238,330,3,304,29,0,0,0,0,22,8,35.5,56.5,65,149,134,54,75,58,0
CRS3035RES200mN2529600E3918800,CRS3035RES1000mN2529000E3918000,CRS3035RES1000mN2529000E3918000,0,0,69382,131,65,5,30,2,27,3,4816875.2,6679,65,0,62,1,0,2,0,0,2,0,6,12,11,26,22,18,20,14,0
CRS3035RES200mN2529600E3919200,CRS3035RES1000mN2529000E3919000,CRS3035RES200mN2529600E3919200,0,0,69387,490.5,303,52,188,8,57,22,13593712.7,18199,303,0,244,0,13,46,0,13,23.5,5,14,21.5,55.5,211,79,30,38,13,0
CRS3035RES200mN2529600E3919400,CRS3035RES1000mN2529000E3919000,CRS3035RES200mN2529600E3919400,0,0,"69387,69383",1004.5,629,135,399,11,190,28,26089493.3,36058,629,0,559,1,39,30,0,19,40.5,14,33.5,40,110.5,443,171,51,77,24,0
CRS3035RES200mN2529600E3919600,CRS3035RES1000mN2529000E3919000,CRS3035RES200mN2529600E3919600,0,0,"69383,69387",1079,630,112,359,17,215,48,29370241.5,42747,625,5,378,58,104,90,0,99,43,17.5,38,56,80.5,397,207,92,103,45,0
CRS3035RES200mN2529600E3919800,CRS3035RES1000mN2529000E3919000,CRS3035RES200mN2529600E3919800,0,0,"69383,69387",1016,568,58,301,16,241,27,33091018.4,40703,565,3,251,204,2,111,0,28,59.5,19.5,37.5,44.5,74,364,180,87,100,50,0
CRS3035RES200mN2529600E3920000,CRS3035RES1000mN2529000E3920000,CRS3035RES1000mN2529000E3920000,0,0,69383,575.5,298,44,148,12,112,25,15530449.5,20587,297,1,57,0,56,185,0,96,25.5,15.5,39,21.5,37,181,102,66,66,22,0
CRS3035RES200mN2529600E3920200,CRS3035RES1000mN2529000E3920000,CRS3035RES1000mN2529000E3920000,0,0,69383,1054.5,612,120,379,24,123,67,24840710.8,34511,612,0,172,43,94,303,0,112,46,27.5,47,76.5,104.5,269,223,123,90,48,0
CRS3035RES200mN2529600E3920400,CRS3035RES1000mN2529000E3920000,CRS3035RES1000mN2529000E3920000,0,0,69383,993,547,75,309,22,179,44,27953690.7,33709,546,1,176,62,0,309,0,14,43,13.5,57,80,91.5,322,197,91,77,21,0
CRS3035RES200mN2529600E3920600,CRS3035RES1000mN2529000E3920000,CRS3035RES1000mN2529000E3920000,0,0,69383,1155,639,89,357,26,188,58,30628991.6,38583,639,0,148,54,65,372,0,138,52.5,14.5,52.5,58,109.5,370,217,108,108,58,7
CRS3035RES200mN2529600E3920800,CRS3035RES1000mN2529000E3920000,CRS3035RES1000mN2529000E3920000,1,0,69383,25,16.3,3.8,12.5,0,1,1,660085.6,859.6,16.3,0,13.4,0,0,2.9,0,0,0,0,2.9,0,5.8,7.7,4.8,2.9,0,0.9,0
CRS3035RES200mN2529600E3921000,CRS3035RES1000mN2529000E3921000,CRS3035RES200mN2529600E3921000,0,0,69383,388.5,193,14,100,14,27,23,9530238.3,11754,193,0,0,0,0,193,0,122,21.5,13,36.5,32.5,32,111,101,20,17,4,0
CRS3035RES200mN2529600E3921200,CRS3035RES1000mN2529000E3921000,CRS3035RES200mN2529600E3921200,0,0,69383,1122.5,573,76,275,26,257,41,32117320.2,39354,567,6,63,318,43,147,2,76,37,26.5,80,68.5,106.5,312,215,108,123,46,0
CRS3035RES200mN2529600E3921400,CRS3035RES1000mN2529000E3921000,CRS3035RES200mN2529600E3921400,0,0,69383,865,508,88,298,10,177,40,23172765.3,28300,495,13,207,0,61,239,1,39,33.5,19,37,50,87.5,323,170,65,61,19,0
CRS3035RES200mN2529600E3921600,CRS3035RES1000mN2529000E3921000,CRS3035RES200mN2529600E3921600,0,0,69383,823.5,406,53,181,17,183,50,22313113.7,27957,396,10,15,39,110,242,0,62,39.5,15.5,56.5,72.5,66.5,229,172,81,65,26,0
CRS3035RES200mN2529600E3921800,CRS3035RES1000mN2529000E3921000,CRS3035RES200mN2529600E3921800,0,0,69383,940.5,513,80,283,20,164,43,25614406.6,30075,506,7,112,49,34,318,0,52,53,25,64,63.5,69,331,166,78,70,21,0
CRS3035RES200mN2529600E3922000,CRS3035RES1000mN2529000E3922000,CRS3035RES200mN2529600E3922000,0,0,"69383,69266",422,239,36,124,4,107,20,10857124.5,14574,229,10,126,31,67,15,0,11,14,7,10,23,48,133,87,39,35,26,0
CRS3035RES200mN2529800E3914000,CRS3035RES1000mN2529000E3914000,CRS3035RES1000mN2529000E3914000,0,0,"69244,69385",312.5,142,4,57,10,76,17,8409015.3,12330,124,18,2,11,86,43,0,30,14,8,23,26.5,18,63,68,31,40,21,0
CRS3035RES200mN2529800E3914200,CRS3035RES1000mN2529000E3914000,CRS3035RES1000mN2529000E3914000,0,0,"69385,69244",357.5,209,44,124,2,89,20,8516938.7,10466,209,0,0,132,49,28,0,64,22,2,18,13.5,35,97,69,38,48,15,0
CRS3035RES200mN2529800E3914400,CRS3035RES1000mN2529000E3914000,CRS3035RES1000mN2529000E3914000,0,0,"69385,69244",1016.5,518,43,229,25,305,56,25804588,40921,518,0,0,0,276,242,0,13,37.5,23.5,63,63.5,65,220,186,118,190,50,0
CRS3035RES200mN2529800E3914600,CRS3035RES1000mN2529000E3914000,CRS3035RES1000mN2529000E3914000,0,0,"69385,69244",530.5,268,20,123,8,178,24,13963872,21682,268,0,0,0,268,0,0,2,20,9,28.5,37,37,93,120,61,78,47,0
CRS3035RES200mN2529800E3914800,CRS3035RES1000mN2529000E3914000,CRS3035RES1000mN2529000E3914000,0,0,"69385,69244",168.5,86,8,37,3,34,15,5211560.6,6143,86,0,0,0,0,86,0,16,11,4,12,10.5,10,49,37,17,14,4,0
CRS3035RES200mN2529800E3915000,CRS3035RES1000mN2529000E3915000,CRS3035RES1000mN2529000E3915000,0,0,69385,238.5,111,4,42,5,71,10,7948055.1,9701,107,4,0,0,45,66,0,8,14,3,11,15.5,23,50,45,36,31,10,0
CRS3035RES200mN2529800E3915200,CRS3035RES1000mN2529000E3915000,CRS3035RES1000mN2529000E3915000,0,0,69385,361,195,9,88,5,140,19,12610394,16239,183,12,15,25,125,30,0,0,4,5,10.5,20.5,25,66,76,60,74,20,0
CRS3035RES200mN2529800E3915400,CRS3035RES1000mN2529000E3915000,CRS3035RES1000mN2529000E3915000,0,0,69385,503.5,259,17,117,8,198,11,18690975.6,26474,256,3,2,57,62,128,10,0,14,8,11.5,34.5,37.5,52,100,70,122,54,0
CRS3035RES200mN2529800E3915600,CRS3035RES1000mN2529000E3915000,CRS3035RES1000mN2529000E3915000,0,0,69385,300.5,146,2,53,5,116,13,10645754.2,13652,134,12,4,1,62,79,0,0,8,8,15,14,24.5,22,54,51,65,39,0
CRS3035RES200mN2529800E3915800,CRS3035RES1000mN2529000E3915000,CRS3035RES1000mN2529000E3915000,0,0,69385,270.5,138,11,63,10,96,12,10263899.6,14550,123,15,13,3,34,88,0,0,7,2,14,26.5,16,31,46,32,61,35,0
CRS3035RES200mN2529800E3916000,CRS3035RES1000mN2529000E3916000,CRS3035RES1000mN2529000E3916000,0,0,69385,421.5,214,11,92,7,158,18,13939645.3,19851,202,12,12,45,141,16,0,0,14,7,12.5,40,22,37,69,48,95,77,0
CRS3035RES200mN2529800E3916200,CRS3035RES1000mN2529000E3916000,CRS3035RES1000mN2529000E3916000,0,0,69385,356,169,18,67,10,102,21,9935079.8,12878,152,17,6,101,45,17,0,23,14,6.5,19,31.5,30,50,81,40,55,29,0
CRS3035RES200mN2529800E3916400,CRS3035RES1000mN2529000E3916000,CRS3035RES1000mN2529000E3916000,0,0,69385,476.5,245,15,118,9,162,20,15498796.1,19192,226,19,11,93,89,52,0,0,17,10,33.5,34.5,25.5,98,92,61,72,33,0
CRS3035RES200mN2529800E3916600,CRS3035RES1000mN2529000E3916000,CRS3035RES1000mN2529000E3916000,0,0,69385,362.5,200,30,116,9,101,15,10005119.1,12687,197,3,9,52,111,28,0,44,10,5.5,19.5,28.5,23,65,70,49,48,44,0
CRS3035RES200mN2529800E3916800,CRS3035RES1000mN2529000E3916000,CRS3035RES1000mN2529000E3916000,0,0,69385,83.5,40,4,18,1,26,4,2588243.1,3327,39,1,4,36,0,0,0,0,4,2,5,5.5,8,18,13,8,20,0,0
CRS3035RES200mN2529800E3917000,CRS3035RES1000mN2529000E3917000,CRS3035RES1000mN2529000E3917000,0,0,69385,93.5,38,1,11,5,17,6,3445759.6,3509,31,7,10,1,0,27,0,8,4,0,5,8.5,12,16,29,12,6,1,0
CRS3035RES200mN2529800E3917200,CRS3035RES1000mN2529000E3917000,CRS3035RES1000mN2529000E3917000,0,0,69385,200.5,100,23,51,7,47,6,5351137.9,6782,82,18,90,1,5,4,0,3,5,5,9,20,17.5,37,35,26,30,16,0
CRS3035RES200mN2529800E3917400,CRS3035RES1000mN2529000E3917000,CRS3035RES1000mN2529000E3917000,0,0,69385,341,184,22,96,10,98,17,10318222.2,13433,173,11,117,0,65,2,0,1,6,3,17,33.5,35.5,55,82,35,43,31,0
CRS3035RES200mN2529800E3917600,CRS3035RES1000mN2529000E3917000,CRS3035RES1000mN2529000E3917000,0,0,69385,443.5,206,16,83,12,147,17,15660222.7,16369,198,8,53,0,151,2,0,1,23,11.5,32,46,16,72,98,54,66,25,0
CRS3035RES200mN2529800E3917800,CRS3035RES1000mN2529000E3917000,CRS3035RES1000mN2529000E3917000,0,0,69385,72,29,3,8,5,7,4,2297038.9,2812,28,1,28,1,0,0,0,0,0,0,6.5,10.5,10,9,21,12,3,0,0
CRS3035RES200mN2529800E3918000,CRS3035RES1000mN2529000E3918000,CRS3035RES1000mN2529000E3918000,0,0,"69385,69382",262,154,24,90,4,55,14,8471380.4,11267,152,2,93,13,0,48,0,6,13,3,10,16,23,73,50,34,29,11,0
CRS3035RES200mN2529800E3918200,CRS3035RES1000mN2529000E3918000,CRS3035RES1000mN2529000E3918000,0,0,"69382,69385",601,271,19,108,25,135,16,24307162.5,31952,271,0,270,0,0,1,0,6,28,6.5,25,56.5,71,107,106,67,93,41,0
CRS3035RES200mN2529800E3918400,CRS3035RES1000mN2529000E3918000,CRS3035RES1000mN2529000E3918000,0,0,69382,497,261,41,137,14,104,20,17236517.9,22609,258,3,170,12,0,79,0,22,17.5,7,26,37.5,58,136,77,39,74,25,0
CRS3035RES200mN2529800E3918600,CRS3035RES1000mN2529000E3918000,CRS3035RES1000mN2529000E3918000,0,0,69382,790,381,40,176,32,157,27,29359764.1,38332,381,0,358,18,0,5,0,22,14,17,44,72.5,73.5,141,174,80,118,56,0
CRS3035RES200mN2529800E3918800,CRS3035RES1000mN2529000E3918000,CRS3035RES1000mN2529000E3918000,0,0,69382,170.5,85,11,39,4,40,5,6157414,9375,85,0,85,0,0,0,0,0,6,3,7.5,9,28,39,27,21,22,8,0
CRS3035RES200mN2529800E3919000,CRS3035RES1000mN2529000E3919000,CRS3035RES200mN2529800E3919000,0,0,"69382,69387",93,52,8,26,0,20,4,3059289.4,5656,51,1,52,0,0,0,0,0,2,0,0.5,2.5,14,25,18,11,11,9,0
CRS3035RES200mN2529800E3919400,CRS3035RES1000mN2529000E3919000,CRS3035RES200mN2529800E3919400,0,0,"69383,69387",698,433,75,268,9,87,24,20170614.2,27759,433,0,387,0,0,40,6,9,26,7,16,30.5,102.5,278,121,43,56,18,0
CRS3035RES200mN2529800E3919600,CRS3035RES1000mN2529000E3919000,CRS3035RES200mN2529800E3919600,0,0,69383,948.5,531,217,307,27,79,50,18555674.3,28013,531,0,371,0,77,82,1,160,37.5,16,42.5,65.5,97,270,149,85,124,62,0
CRS3035RES200mN2529800E3919800,CRS3035RES1000mN2529000E3919000,CRS3035RES200mN2529800E3919800,0,0,69383,998,567,87,324,21,191,42,28694603.6,35674,567,0,404,17,29,114,3,35,64,22,35.5,45,84.5,372,181,75,85,34,0
CRS3035RES200mN2529800E3920000,CRS3035RES1000mN2529000E3920000,CRS3035RES1000mN2529000E3920000,0,0,69383,1528.5,836,175,460,35,243,70,38402515.7,48778,834,2,403,54,150,221,8,180,76,29.5,77,101,95,534,293,137,145,41,0
CRS3035RES200mN2529800E3920200,CRS3035RES1000mN2529000E3920000,CRS3035RES1000mN2529000E3920000,0,0,69383,599,344,52,181,6,130,17,16911510.1,21334,344,0,142,49,61,88,4,19,36,10.5,15.5,22,50,241,82,52,71,19,0
CRS3035RES200mN2529800E3920400,CRS3035RES1000mN2529000E3920000,CRS3035RES1000mN2529000E3920000,0,0,69383,329.5,218,29,149,1,68,10,9484882.5,12003,218,0,36,23,29,130,0,0,12.5,5,13,13,31,131,60,26,28,10,0
CRS3035RES200mN2529800E3920600,CRS3035RES1000mN2529000E3920000,CRS3035RES1000mN2529000E3920000,0,0,69383,1424.5,752,141,387,34,158,88,34569292.7,45682,752,0,140,225,139,248,0,362,89,35,79,95.5,107,411,252,126,169,61,0
CRS3035RES200mN2529800E3921000,CRS3035RES1000mN2529000E3921000,CRS3035RES200mN2529800E3921000,0,0,69383,322,207,36,142,4,77,6,8785499.7,11751,207,0,77,17,1,112,0,0,14.5,0,13.5,20,43,122,51,21,25,12,0
CRS3035RES200mN2529800E3921200,CRS3035RES1000mN2529000E3921000,CRS3035RES200mN2529800E3921200,0,0,69383,718,385,36,188,7,193,25,23737001,28624,382,3,106,40,32,207,0,22,21,10.5,27.5,51,57,190,150,75,98,38,0
CRS3035RES200mN2529800E3921400,CRS3035RES1000mN2529000E3921000,CRS3035RES200mN2529800E3921400,0,0,69383,1108.5,582,66,298,18,255,31,33615628.7,37951,576,6,60,28,26,466,2,4,62.5,23,54,67,93,421,195,89,81,23,0
CRS3035RES200mN2529800E3921600,CRS3035RES1000mN2529000E3921000,CRS3035RES200mN2529800E3921600,0,0,69383,674.5,305,41,136,32,144,22,17748143,21505,301,4,22,47,124,112,0,67,33,19,47,62.5,55,166,126,67,75,24,0
CRS3035RES200mN2529800E3921800,CRS3035RES1000mN2529000E3921000,CRS3035RES200mN2529800E3921800,0,0,"69383,69266",1283.5,647,113,300,27,214,81,34314869.7,41721,641,6,166,11,0,470,0,228,61,27.5,71,100,105,328,293,162,120,16,0
CRS3035RES200mN2529800E3922000,CRS3035RES1000mN2529000E3922000,CRS3035RES200mN2529800E3922000,0,0,"69383,69266",1090,492,80,200,35,205,63,26679274.5,35627,486,6,26,70,71,324,1,130,49,24.5,83.5,93.5,96,273.5,204,120,103,43,0
CRS3035RES200mN2529800E3922200,CRS3035RES1000mN2529000E3922000,CRS3035RES200mN2529800E3922200,0,0,"69266,69383",1042.5,465,82,180,35,164,57,25246326.7,29553,464,1,24,114,14,313,0,118,70.5,33,79.5,97.5,73,324,227,69,47,22,0
CRS3035RES200mN2530000E3914400,CRS3035RES1000mN2530000E3914000,CRS3035RES200mN2530000E3914400,0,0,"69244,69385",290.5,149,14,68,3,62,18,8044934,10222,136,13,4,7,25,113,0,13,16,8,10.5,21.5,18.5,77,58,33,33,15,0
CRS3035RES200mN2530000E3914600,CRS3035RES1000mN2530000E3914000,CRS3035RES200mN2530000E3914600,0,0,"69244,69385",820,432,39,206,17,232,41,21246499.3,29406,430,2,1,0,146,285,0,0,43,23,39.5,47.5,41,224,149,84,126,43,0
CRS3035RES200mN2530000E3914800,CRS3035RES1000mN2530000E3914000,CRS3035RES200mN2530000E3914800,0,0,"69385,69244",586.5,263,67,110,18,3,50,9866968.7,15023,261,2,1,262,0,0,0,259,50,26,48,44.5,44,132,94,64,55,28,1
CRS3035RES200mN2530000E3915000,CRS3035RES1000mN2530000E3915000,CRS3035RES1000mN2530000E3915000,1,0,69385,61,24.1,5,5,2.8,5.7,7.8,1471390.9,2323.7,17,7.1,6.4,17.7,0,0,0,14.9,0.7,1.4,5,9.2,4.3,12.1,7.1,11.3,6.4,3.5,0
CRS3035RES200mN2530000E3915200,CRS3035RES1000mN2530000E3915000,CRS3035RES1000mN2530000E3915000,0,0,69385,274.5,133,25,56,6,35,27,5475215.4,8293,133,0,0,81,52,0,0,81,16,6,23,24.5,12,49,50,36,42,16,0
CRS3035RES200mN2530000E3915400,CRS3035RES1000mN2530000E3915000,CRS3035RES1000mN2530000E3915000,0,0,69385,215,81,33,23,10,5,22,3570229.9,5849,80,1,21,0,0,60,0,70,11,4,19,36,18,23,48,29,23,4,0
CRS3035RES200mN2530000E3915600,CRS3035RES1000mN2530000E3915000,CRS3035RES1000mN2530000E3915000,0,0,69385,262,151,8,80,2,95,12,8190591.8,13347,142,9,17,115,0,19,0,0,11,3.5,3,12,18.5,48,41,43,37,45,0
CRS3035RES200mN2530000E3915800,CRS3035RES1000mN2530000E3915000,CRS3035RES1000mN2530000E3915000,0,0,69385,206,119,11,63,2,54,11,6306941.5,8780,108,11,31,9,11,68,0,0,7,4,9,7,17,48,43,23,28,20,0
CRS3035RES200mN2530000E3916000,CRS3035RES1000mN2530000E3916000,CRS3035RES1000mN2530000E3916000,0,0,69385,355,207,14,115,5,123,17,12438460.5,16172,202,5,9,27,76,95,0,0,15.5,4,15,16.5,17,65,47,41,77,57,0
CRS3035RES200mN2530000E3916200,CRS3035RES1000mN2530000E3916000,CRS3035RES1000mN2530000E3916000,0,0,69385,340.5,196,17,106,6,102,9,11157315.9,15207,183,13,2,14,132,48,0,9,12,6,15.5,18.5,19.5,72,51,27,79,40,0
CRS3035RES200mN2530000E3916400,CRS3035RES1000mN2530000E3916000,CRS3035RES1000mN2530000E3916000,0,0,69385,305,151,14,73,9,97,13,10013752.1,13317,134,17,22,49,0,80,0,12,9,7,16.5,27,20.5,35,63,52,43,32,0
CRS3035RES200mN2530000E3916600,CRS3035RES1000mN2530000E3916000,CRS3035RES1000mN2530000E3916000,0,0,69385,72,37,1,15,1,22,5,2218591.7,3062,33,4,4,33,0,0,0,0,2,1,2,6,5,18,17,11,7,3,0
CRS3035RES200mN2530000E3916800,CRS3035RES1000mN2530000E3916000,CRS3035RES1000mN2530000E3916000,0,0,69385,477.5,234,18,95,7,178,30,14782060.6,18867,232,2,9,58,93,74,0,0,15,8,22,34,41,70.5,91,70,96,30,0
CRS3035RES200mN2530000E3917000,CRS3035RES1000mN2530000E3917000,CRS3035RES1000mN2530000E3917000,0,0,69385,298.5,139,25,62,11,64,18,7943713.5,10356,125,14,77,29,8,25,0,31,12.5,11,18.5,27,30.5,61,70,23,34,11,0
CRS3035RES200mN2530000E3917200,CRS3035RES1000mN2530000E3917000,CRS3035RES1000mN2530000E3917000,0,0,69385,454.5,202,32,87,20,83,21,11739024.4,14592,184,18,137,1,24,40,0,44,15.5,16.5,33,43,42.5,92,97,52,43,20,0
CRS3035RES200mN2530000E3917400,CRS3035RES1000mN2530000E3917000,CRS3035RES1000mN2530000E3917000,0,0,69385,393,193,34,96,10,72,19,10175749.1,12421,178,15,132,2,56,3,0,33,24.5,8,23,28.5,40,84,89,43,41,12,0
CRS3035RES200mN2530000E3917600,CRS3035RES1000mN2530000E3917000,CRS3035RES1000mN2530000E3917000,0,0,69385,219.5,107,3,37,5,72,10,7796210.8,9542,105,2,24,0,80,3,0,0,4,4.5,13.5,14.5,12,28,43,27,58,15,0
CRS3035RES200mN2530000E3917800,CRS3035RES1000mN2530000E3917000,CRS3035RES1000mN2530000E3917000,0,0,69385,104.5,57,15,31,3,19,6,2697410.4,3769,56,1,57,0,0,0,0,25,4,0,3.5,13,8,16,24,13,16,7,0
CRS3035RES200mN2530000E3918000,CRS3035RES1000mN2530000E3918000,CRS3035RES1000mN2530000E3918000,0,0,69385,497,289,42,172,12,103,28,15428673.8,17557,274,15,274,1,5,9,0,14,17.5,8,24,33.5,54,152,109,48,38,13,0
CRS3035RES200mN2530000E3918200,CRS3035RES1000mN2530000E3918000,CRS3035RES1000mN2530000E3918000,0,0,"69385,69382",239,133,15,77,5,46,9,7775409.1,9195,133,0,125,5,0,3,0,3,10,4,8,18,27,69,52,15,27,9,0
CRS3035RES200mN2530000E3918400,CRS3035RES1000mN2530000E3918000,CRS3035RES1000mN2530000E3918000,0,0,"69382,69385",625.5,257,18,96,40,108,15,25354347,32636,257,0,244,12,0,1,0,0,24,11,36.5,63,78,122,135,64,70,22,0
CRS3035RES200mN2530000E3918600,CRS3035RES1000mN2530000E3918000,CRS3035RES1000mN2530000E3918000,0,0,69382,87,32,2,11,6,13,1,4017084.2,4668,32,0,32,0,0,0,0,0,2,1,5,8,14,15,18,13,6,5,0
CRS3035RES200mN2530000E3918800,CRS3035RES1000mN2530000E3918000,CRS3035RES1000mN2530000E3918000,0,0,69382,319.5,182,21,94,5,44,13,10735985.3,16039,182,0,182,0,0,0,0,1,13,5.5,8,13,29,120,44,30,43,14,0
CRS3035RES200mN2530000E3919000,CRS3035RES1000mN2530000E3919000,CRS3035RES200mN2530000E3919000,0,0,69382,110.5,65,16,40,2,24,7,3095359.5,4392,65,0,61,0,0,4,0,5,4,1,2,11.5,14,20,22,21,11,4,0
CRS3035RES200mN2530000E3919400,CRS3035RES1000mN2530000E3919000,CRS3035RES200mN2530000E3919400,0,0,69383,865,469,83,259,24,136,38,24293588,32534,468,1,345,26,44,54,0,39,53,17,30,66,79,276,156,66,89,33,0
CRS3035RES200mN2530000E3919600,CRS3035RES1000mN2530000E3919000,CRS3035RES200mN2530000E3919600,0,0,69383,515,266,22,117,7,112,9,19197543,22605,266,0,35,134,16,81,0,43,23,14.5,21.5,19.5,31.5,133,90,61,83,38,0
CRS3035RES200mN2530000E3919800,CRS3035RES1000mN2530000E3919000,CRS3035RES200mN2530000E3919800,0,0,69383,524,305,33,169,9,120,17,16738941,20990,305,0,152,46,51,56,0,1,12,13,24.5,27,35.5,184,91,42,58,37,0
CRS3035RES200mN2530000E3920000,CRS3035RES1000mN2530000E3920000,CRS3035RES1000mN2530000E3920000,0,0,69383,1424.5,789,166,446,32,214,68,35184988.9,47203,788,1,252,20,218,298,1,316,65,33.5,74.5,80.5,127,405,268,131,160,80,0
CRS3035RES200mN2530000E3920200,CRS3035RES1000mN2530000E3920000,CRS3035RES1000mN2530000E3920000,0,0,69383,508,273,63,158,12,70,18,13420144.3,17567,273,0,64,7,140,62,0,126,26,13.5,18,46.5,43,143,98,37,65,18,0
CRS3035RES200mN2530000E3920400,CRS3035RES1000mN2530000E3920000,CRS3035RES1000mN2530000E3920000,0,0,69383,429.5,220,28,104,13,27,17,11510601.6,15601,220,0,0,0,220,0,0,24,15.5,9,20.5,28.5,22,165,71,34,39,25,0
CRS3035RES200mN2530000E3920800,CRS3035RES1000mN2530000E3920000,CRS3035RES1000mN2530000E3920000,1,0,69383,1,0.7,0.2,0.5,0,0.1,0,20200.1,33.3,0.7,0,0,0,0.7,0,0,0,0,0,0,0,0.2,0.3,0.2,0.2,0.1,0,0
CRS3035RES200mN2530000E3921000,CRS3035RES1000mN2530000E3921000,CRS3035RES1000mN2530000E3921000,1,0,69383,224.5,94.5,8.8,29.2,2.9,41.9,6.8,6477556.7,7343.7,94.5,0,0,3.9,90.6,0,0,25.3,12.7,1,10.7,20.9,20.5,58.4,52.6,27.3,14.6,5.8,0
CRS3035RES200mN2530000E3921200,CRS3035RES1000mN2530000E3921000,CRS3035RES1000mN2530000E3921000,0,0,69383,666,315,41,142,21,90,23,19163713.4,21586,315,0,12,0,44,259,0,82,24,17,35,53,66,178,138,62,68,25,0
CRS3035RES200mN2530000E3921400,CRS3035RES1000mN2530000E3921000,CRS3035RES1000mN2530000E3921000,0,0,69383,1055.5,514,77,243,35,195,45,28288902.6,36289,510,4,83,9,266,156,0,78,33.5,8.5,53,117.5,101,238,244,113,112,35,0
CRS3035RES200mN2530000E3921600,CRS3035RES1000mN2530000E3921000,CRS3035RES1000mN2530000E3921000,0,0,69383,613.5,337,48,181,9,135,29,15846992.1,22172,337,0,0,23,256,58,0,58,15,13,34.5,43,47,143,121,65,89,43,0
CRS3035RES200mN2530000E3921800,CRS3035RES1000mN2530000E3921000,CRS3035RES1000mN2530000E3921000,0,0,"69383,69266",953,522,37,267,13,286,21,30411396.4,36489,519,3,9,0,216,297,0,6,28,23,26.5,54.5,79,259,192,122,135,34,0
CRS3035RES200mN2530000E3922000,CRS3035RES1000mN2530000E3922000,CRS3035RES200mN2530000E3922000,0,0,"69266,69383",920,458,50,204,19,240,52,24398275.8,31501,451,7,30,173,32,223,0,43,49,20.5,61.5,57,76,238,167,94,95,62,0
CRS3035RES200mN2530200E3914800,CRS3035RES1000mN2530000E3914000,CRS3035RES200mN2530200E3914800,0,0,"69244,69385",196,95,5,44,6,68,14,5244734.6,7802,92,3,0,39,54,2,0,0,7,5,6,20,17,45,38,23,25,10,0
CRS3035RES200mN2530200E3915000,CRS3035RES1000mN2530000E3915000,CRS3035RES1000mN2530000E3915000,0,0,"69385,69244",926.5,495,55,243,17,355,63,21285285.1,33457,494,1,7,246,0,242,0,2,40.5,20.5,42,61,67.5,258,161,98,118,60,0
CRS3035RES200mN2530200E3915400,CRS3035RES1000mN2530000E3915000,CRS3035RES1000mN2530000E3915000,0,0,69385,353.5,189,17,88,5,130,29,8627410.7,13045,189,0,0,178,0,11,0,1,14.5,3.5,13,23.5,36,70,79,37,54,23,0
CRS3035RES200mN2530200E3915600,CRS3035RES1000mN2530000E3915000,CRS3035RES1000mN2530000E3915000,0,0,69385,433,199,13,84,15,99,14,13162760.1,17410,189,10,5,0,101,93,0,38,23,7,17.5,35.5,42,63,92,58,72,23,0
CRS3035RES200mN2530200E3915800,CRS3035RES1000mN2530000E3915000,CRS3035RES1000mN2530000E3915000,0,0,69385,214.5,112,7,50,4,90,10,7565283.5,10207,101,11,8,2,86,16,0,0,4,1,11,12,16.5,21,43,34,49,23,0
CRS3035RES200mN2530200E3916000,CRS3035RES1000mN2530000E3916000,CRS3035RES1000mN2530000E3916000,0,0,69385,303,134,33,46,8,42,31,7941715,10381,103,31,26,47,0,61,0,78,3,10.5,16,32.5,32,49,70,40,32,18,0
CRS3035RES200mN2530200E3916200,CRS3035RES1000mN2530000E3916000,CRS3035RES1000mN2530000E3916000,1,0,69385,25,9.1,0.6,1.8,1.8,7.9,1.2,999515.9,1189,1.8,7.3,6.7,0,1.2,1.2,0,0,0.6,0.6,1.5,4.6,2.5,1.8,7.3,1.8,2.5,1.8,0
CRS3035RES200mN2530200E3916400,CRS3035RES1000mN2530000E3916000,CRS3035RES1000mN2530000E3916000,1,0,69385,16,5.9,0.4,1.2,1.2,5.1,0.8,639690.2,761,1.2,4.7,4.3,0,0.8,0.8,0,0,0.4,0.4,1,2.9,1.5,1.2,4.7,1.2,1.5,1.2,0
CRS3035RES200mN2530200E3916600,CRS3035RES1000mN2530000E3916000,CRS3035RES1000mN2530000E3916000,0,0,69385,96.5,45,1,19,2,25,6,3268988.7,3916,39,6,3,0,0,42,0,0,5,1,5.5,10,10,15,22,14,14,0,0
CRS3035RES200mN2530200E3916800,CRS3035RES1000mN2530000E3916000,CRS3035RES1000mN2530000E3916000,0,0,"69385,69389",505.5,237,12,80,7,168,28,15634247.4,18807,228,9,35,99,44,59,0,0,22.5,8,28.5,38,33.5,102,113,59,61,40,0
CRS3035RES200mN2530200E3917000,CRS3035RES1000mN2530000E3917000,CRS3035RES1000mN2530000E3917000,0,0,"69385,69389",339.5,179,35,93,7,76,21,9151048.5,11995,156,23,164,1,1,13,0,31,9,4.5,11,32,34,79,82,35,39,14,0
CRS3035RES200mN2530200E3917200,CRS3035RES1000mN2530000E3917000,CRS3035RES1000mN2530000E3917000,0,0,"69385,69389",472,259,43,127,4,38,53,10626880.9,15733,251,8,40,216,2,1,0,174,17,10,25.5,50,32.5,93,84,64,70,26,0
CRS3035RES200mN2530200E3917400,CRS3035RES1000mN2530000E3917000,CRS3035RES1000mN2530000E3917000,0,0,69385,41.5,18,5,5,1,2,7,957263.7,1527,17,1,6,2,3,7,0,7,3,2,2,7.5,3,6,10,4,2,2,0
CRS3035RES200mN2530200E3918000,CRS3035RES1000mN2530000E3918000,CRS3035RES1000mN2530000E3918000,0,0,69385,262,121,12,42,8,62,14,9536494.1,11139,114,7,54,12,0,55,0,1,7.5,3,9.5,23,32,57,66,31,29,4,0
CRS3035RES200mN2530200E3918200,CRS3035RES1000mN2530000E3918000,CRS3035RES1000mN2530000E3918000,0,0,69385,834,486,85,273,17,140,35,24131358.6,31624,482,4,462,0,4,20,0,73,29,10,34.5,46,70.5,274,162,79,103,26,0
CRS3035RES200mN2530200E3918400,CRS3035RES1000mN2530000E3918000,CRS3035RES1000mN2530000E3918000,1,0,"69382,69385",43,20,0.7,6.7,0.7,11.9,0,1833336.4,2578.5,17.8,2.2,18.5,0.7,0,0.8,0,0,3,1.5,1.5,0,1.5,11.1,4.4,5.2,8.9,5.9,0
CRS3035RES200mN2530200E3918600,CRS3035RES1000mN2530000E3918000,CRS3035RES1000mN2530000E3918000,0,0,69382,586.5,311,36,165,19,101,19,20411358.9,27674,310,1,309,0,2,0,0,0,22,4.5,31,37,73,161,114,45,66,33,0
CRS3035RES200mN2530200E3918800,CRS3035RES1000mN2530000E3918000,CRS3035RES1000mN2530000E3918000,0,0,69382,746,422,50,232,15,105,30,25321858.9,33991,421,1,384,27,11,0,0,5,28,10,25,43,82,231,138,59,93,37,0
CRS3035RES200mN2530200E3919000,CRS3035RES1000mN2530000E3919000,CRS3035RES200mN2530200E3919000,0,0,69382,287,150,13,70,5,40,11,10570263.7,14428,149,1,128,17,5,0,0,0,11,2,4,17,36,83,47,36,29,22,0
CRS3035RES200mN2530200E3919400,CRS3035RES1000mN2530000E3919000,CRS3035RES200mN2530200E3919400,0,0,69383,493.5,240,22,103,16,109,11,18673068,23664,240,0,240,0,0,0,0,0,22.5,12.5,25,23.5,40,127,92,59,68,24,0
CRS3035RES200mN2530200E3919600,CRS3035RES1000mN2530000E3919000,CRS3035RES200mN2530200E3919600,0,0,69383,638.5,305,24,127,14,146,18,23536719.1,27060,301,4,156,119,8,21,1,4,39,26,33,43.5,32,147,121,57,91,49,0
CRS3035RES200mN2530200E3919800,CRS3035RES1000mN2530000E3919000,CRS3035RES200mN2530200E3919800,0,0,69383,538,297,35,154,4,128,14,19324725.3,22999,296,1,145,55,35,62,0,18,35.5,10.5,16,27.5,20.5,161,88,49,94,36,0
CRS3035RES200mN2530200E3920000,CRS3035RES1000mN2530000E3920000,CRS3035RES1000mN2530000E3920000,0,0,69383,368.5,211,17,122,9,86,11,11691820.8,13545,211,0,141,0,58,12,0,0,13,6,16.5,23,29,113,79,40,33,16,0
CRS3035RES200mN2530200E3920200,CRS3035RES1000mN2530000E3920000,CRS3035RES1000mN2530000E3920000,0,0,69383,386,182,47,82,15,45,23,8760417.6,13190,182,0,9,31,142,0,0,97,14,9,28,41,21,68,67,59,53,26,0
CRS3035RES200mN2530200E3920600,CRS3035RES1000mN2530000E3920000,CRS3035RES1000mN2530000E3920000,1,0,69383,3,2.2,0.7,1.6,0,0.3,0.1,60600.3,99.8,2.2,0,0,0,2.2,0,0,0,0.1,0,0.1,0.1,0.6,0.8,0.4,0.5,0.4,0,0
CRS3035RES200mN2530200E3920800,CRS3035RES1000mN2530000E3920000,CRS3035RES1000mN2530000E3920000,0,0,69383,196,81,24,32,10,6,12,3504743.6,5844,81,0,0,0,81,0,0,55,10,5,14,23,24,36,47,15,20,2,0
CRS3035RES200mN2530200E3921000,CRS3035RES1000mN2530000E3921000,CRS3035RES1000mN2530000E3921000,0,0,69383,169.5,104,14,64,2,17,15,3902339.9,5370,104,0,0,85,0,19,0,19,9,4,8.5,6,19,60,20,20,16,7,0
CRS3035RES200mN2530200E3921200,CRS3035RES1000mN2530000E3921000,CRS3035RES1000mN2530000E3921000,0,0,69383,560.5,235,38,95,26,65,31,12147996.2,18525,235,0,0,0,44,191,0,158,22,19,39.5,69,51,88,109,54,65,44,0
CRS3035RES200mN2530200E3921400,CRS3035RES1000mN2530000E3921000,CRS3035RES1000mN2530000E3921000,0,0,69383,798.5,403,58,183,18,118,47,21398316.5,30037,403,0,54,50,107,192,0,118,33,14.5,44.5,53,55.5,184,162,86,128,38,0
CRS3035RES200mN2530200E3921600,CRS3035RES1000mN2530000E3921000,CRS3035RES1000mN2530000E3921000,0,0,"69383,69266",966,466,29,200,18,314,37,29345274.4,36432,466,0,4,0,374,88,0,27,36.5,22,48,79,82.5,212,203,110,116,57,0
CRS3035RES200mN2530200E3921800,CRS3035RES1000mN2530000E3921000,CRS3035RES1000mN2530000E3921000,0,0,"69266,69383",617,268,52,102,26,123,43,14679982.3,19211,264,4,9,40,76,143,0,83,40,16.5,47.5,60,46,117,138,73,47,32,0
CRS3035RES200mN2530400E3915000,CRS3035RES1000mN2530000E3915000,CRS3035RES1000mN2530000E3915000,0,0,"69244,69385",248,127,3,51,4,102,16,8417290.4,10822,125,2,1,1,64,61,0,0,9,1,7,16.5,19.5,34,40,46,57,18,0
CRS3035RES200mN2530400E3915200,CRS3035RES1000mN2530000E3915000,CRS3035RES1000mN2530000E3915000,0,0,69385,276.5,141,8,60,6,111,11,8436975.1,11787,136,5,3,0,135,3,0,0,7.5,4,11.5,18.5,16,24,51,37,73,34,0
CRS3035RES200mN2530400E3915400,CRS3035RES1000mN2530000E3915000,CRS3035RES1000mN2530000E3915000,0,0,69385,158.5,72,5,24,3,53,10,4625130.9,5947,71,1,1,71,0,0,0,0,6,6,5,11,12,21.5,38,11,36,12,0
CRS3035RES200mN2530400E3915600,CRS3035RES1000mN2530000E3915000,CRS3035RES1000mN2530000E3915000,0,0,69385,128.5,69,3,34,1,43,8,3988161.5,5624,65,4,2,1,37,29,0,0,4,3,4.5,13,5,21,31,16,19,12,0
CRS3035RES200mN2530400E3915800,CRS3035RES1000mN2530000E3915000,CRS3035RES1000mN2530000E3915000,0,0,69385,413,205,8,81,9,158,26,13019428.3,17027,203,2,12,146,47,0,0,0,18,8.5,18,33.5,28,61,71,65,71,39,0
CRS3035RES200mN2530400E3916000,CRS3035RES1000mN2530000E3916000,CRS3035RES1000mN2530000E3916000,0,0,69385,240.5,131,22,71,6,44,15,5489018.5,9089,128,3,2,28,32,69,0,81,6,3,14,23.5,14,29,47,27,48,29,0
CRS3035RES200mN2530400E3916200,CRS3035RES1000mN2530000E3916000,CRS3035RES1000mN2530000E3916000,0,0,69385,104,65,5,38,0,8,8,2816258.9,3803,65,0,0,0,0,65,0,18,5,1,5.5,1.5,10,39,16,9,14,3,0
CRS3035RES200mN2530400E3916400,CRS3035RES1000mN2530000E3916000,CRS3035RES1000mN2530000E3916000,0,0,69385,34,11,0,0,2,10,1,1236436.6,1548,0,11,0,5,6,0,0,0,3,0,1,2,5,2,8,5,7,1,0
CRS3035RES200mN2530400E3916600,CRS3035RES1000mN2530000E3916000,CRS3035RES1000mN2530000E3916000,0,0,"69385,69389",58.5,19,0,5,4,17,2,1855473.2,2389,3,16,7,8,2,2,0,0,1,1,3,8.5,9,6,15,4,4,7,0
CRS3035RES200mN2530400E3916800,CRS3035RES1000mN2530000E3916000,CRS3035RES1000mN2530000E3916000,0,0,"69389,69385",109.5,43,2,13,4,37,4,4350804.6,4380,19,24,3,10,10,20,0,0,2,2.5,13,9,9,13,31,13,15,2,0
CRS3035RES200mN2530400E3917000,CRS3035RES1000mN2530000E3917000,CRS3035RES1000mN2530000E3917000,0,0,"69385,69389",207,94,5,34,6,59,9,6035692,7451,87,7,5,3,51,35,0,0,9,6,7.5,22.5,19,39,44,27,27,6,0
CRS3035RES200mN2530400E3917200,CRS3035RES1000mN2530000E3917000,CRS3035RES1000mN2530000E3917000,1,0,69385,18.5,7.9,1.3,2.9,1,5.2,1,665201.2,729.8,3.6,4.3,5.9,1.3,0.3,0.4,0,0,0.7,0.7,1.3,2.1,1.6,2.3,4.9,1,3.9,0,0
CRS3035RES200mN2530400E3917400,CRS3035RES1000mN2530000E3917000,CRS3035RES1000mN2530000E3917000,0,0,69385,206.5,108,6,55,4,71,2,6820066.5,7901,108,0,0,1,101,6,0,0,14,4,7.5,13,13,36,38,30,42,9,0
CRS3035RES200mN2530400E3917600,CRS3035RES1000mN2530000E3917000,CRS3035RES1000mN2530000E3917000,0,0,69385,295.5,141,5,60,9,100,15,10029555.7,11786,141,0,0,78,63,0,0,0,8,2,15,29,28.5,36,63,56,37,21,0
CRS3035RES200mN2530400E3917800,CRS3035RES1000mN2530000E3917000,CRS3035RES1000mN2530000E3917000,0,0,69385,52,27,7,12,1,9,4,1423695.3,1621,25,2,27,0,0,0,0,0,1,0,3.5,3.5,6,14,10,7,5,2,0
CRS3035RES200mN2530400E3918200,CRS3035RES1000mN2530000E3918000,CRS3035RES1000mN2530000E3918000,0,0,69385,319,170,33,91,9,45,19,8675160.7,12502,170,0,132,28,0,10,0,29,6,7,13.5,31.5,42,74,65,30,34,16,0
CRS3035RES200mN2530400E3918400,CRS3035RES1000mN2530000E3918000,CRS3035RES1000mN2530000E3918000,0,0,"69385,69382",116.5,65,8,32,1,29,5,4022636.5,5896,64,1,65,0,0,0,0,5,1,2,1.5,6,13,23,22,16,26,6,0
CRS3035RES200mN2530400E3918600,CRS3035RES1000mN2530000E3918000,CRS3035RES1000mN2530000E3918000,0,0,"69382,69385",292.5,169,30,94,5,44,15,9104450.4,13419,169,0,163,0,6,0,0,26,11,0,11.5,19,39,73,52,34,32,21,0
CRS3035RES200mN2530400E3918800,CRS3035RES1000mN2530000E3918000,CRS3035RES1000mN2530000E3918000,0,0,69382,906,521,78,301,18,113,48,26756136.3,35367,520,1,429,10,62,20,0,78,41.5,16.5,40,42.5,101,299,174,54.5,87,50,0
CRS3035RES200mN2530400E3919000,CRS3035RES1000mN2530000E3919000,CRS3035RES200mN2530400E3919000,0,0,69382,548.5,306,37,153,7,109,22,18608308.9,25817,306,0,288,3,13,2,0,18,15,6.5,19.5,33.5,63,132,100,56,84,39,0
CRS3035RES200mN2530400E3919200,CRS3035RES1000mN2530000E3919000,CRS3035RES200mN2530400E3919200,0,0,"69382,69383",224,115,21,56,7,35,11,7492371.9,11015,114,1,115,0,0,0,0,8,6,5,10,19.5,23.5,49,47,24,24,16,0
CRS3035RES200mN2530400E3919400,CRS3035RES1000mN2530000E3919000,CRS3035RES200mN2530400E3919400,0,0,69383,277.5,142,5,64,6,62,8,10844845.1,15643,142,0,142,0,0,0,0,11,7,4,8.5,18,27,57,52,31,53,20,0
CRS3035RES200mN2530400E3919600,CRS3035RES1000mN2530000E3919000,CRS3035RES200mN2530400E3919600,0,0,69383,802.5,412,62,200,22,191,19,28556335.5,37355,412,0,262,0,0,149,1,9,40,17,34,46.5,90,188,141,86,118,42,0
CRS3035RES200mN2530400E3919800,CRS3035RES1000mN2530000E3919000,CRS3035RES200mN2530400E3919800,0,0,69383,1054,539,50,254,25,264,51,35763348.4,44481,539,0,231,144,49,115,0,55,52.5,17.5,49.5,73.5,80,240,211,100,145,85,0
CRS3035RES200mN2530400E3920000,CRS3035RES1000mN2530000E3920000,CRS3035RES1000mN2530000E3920000,0,0,69383,926,452,34,192,21,195,41,30028575.8,35887,451,1,46,379,0,27,0,69,38.5,22,51,73.5,58,164,206,107,119,87,0
CRS3035RES200mN2530400E3920200,CRS3035RES1000mN2530000E3920000,CRS3035RES1000mN2530000E3920000,0,0,69383,379,206,34,121,11,69,12,10644432.2,11204,206,0,41,3,84,78,0,23,7,6,28,35,37,111,67,41,35,12,0
CRS3035RES200mN2530400E3920400,CRS3035RES1000mN2530000E3920000,CRS3035RES1000mN2530000E3920000,0,0,69383,246.5,167,16,117,2,54,4,7404132.4,9644,166,1,167,0,0,0,0,0,9,2,5,6.5,23,112,36,23,23,7,0
CRS3035RES200mN2530400E3920600,CRS3035RES1000mN2530000E3920000,CRS3035RES1000mN2530000E3920000,0,0,"69383,69386",267,139,21,72,9,41,18,6706696.4,9977,137,2,48,46,45,0,0,45,5,3,15,30.5,22.5,54,51,35,33,18,0
CRS3035RES200mN2530400E3920800,CRS3035RES1000mN2530000E3920000,CRS3035RES1000mN2530000E3920000,1,0,"69383,69386",56.5,41.1,14,30.8,0,6.5,2.8,1141306.4,1879.9,41.1,0,0,0,41.1,0,0,0.9,1.9,0,1.9,1.4,11.2,15.9,8.4,9.3,6.5,0,0
CRS3035RES200mN2530400E3921000,CRS3035RES1000mN2530000E3921000,CRS3035RES1000mN2530000E3921000,0,0,"69383,69386",349.5,190,32,93,5,42,19,8485040.1,11901,190,0,0,152,0,37,1,31,15,7.5,10,18.5,28.5,130,55,32,43,10,0
CRS3035RES200mN2530400E3921200,CRS3035RES1000mN2530000E3921000,CRS3035RES1000mN2530000E3921000,0,0,"69383,69386",864,479,40,255,13,250,24,26072899.1,34466,477,2,62,102,314,1,0,0,34,16,25.5,54.5,56,234,149,91,122,82,0
CRS3035RES200mN2530400E3921400,CRS3035RES1000mN2530000E3921000,CRS3035RES1000mN2530000E3921000,0,0,"69383,69386",1362.5,733,79,376,15,310,49,39997270.6,49290,733,0,166,22,62,483,0,82,83.5,32.5,61,60.5,101,460,225,134,132,73,0
CRS3035RES200mN2530400E3921600,CRS3035RES1000mN2530000E3921000,CRS3035RES1000mN2530000E3921000,0,0,"69383,69266,69386",992.5,602,103,366,12,175,54,26726071,35496,598,4,328,3,81,190,0,24,26,17.5,40,60,116,356,177,91,77,32,0
CRS3035RES200mN2530600E3915000,CRS3035RES1000mN2530000E3915000,CRS3035RES1000mN2530000E3915000,0,0,"69244,69385",318,185,12,101,3,131,12,10061385.4,13859,174,11,4,3,176,2,0,0,7,1,13,13,31,51,69,38,67,28,0
CRS3035RES200mN2530600E3915200,CRS3035RES1000mN2530000E3915000,CRS3035RES1000mN2530000E3915000,0,0,"69385,69244",522,279,12,131,4,218,23,17504884.3,24402,268,11,5,138,135,1,0,0,14,6,15.5,33,34.5,70,113,67,104,65,0
CRS3035RES200mN2530600E3915400,CRS3035RES1000mN2530000E3915000,CRS3035RES1000mN2530000E3915000,0,0,69385,507,229,54,95,13,39,46,10106303.7,16879,226,3,0,45,184,0,0,184,24,12,43.5,61.5,30,67,103,67,76,23,0
CRS3035RES200mN2530600E3915600,CRS3035RES1000mN2530000E3915000,CRS3035RES1000mN2530000E3915000,0,0,69385,675.5,366,33,173,8,266,43,18975869.1,28418,366,0,0,366,0,0,0,19,31,8,23,39,41.5,120,117,98,120,78,0
CRS3035RES200mN2530600E3915800,CRS3035RES1000mN2530000E3915000,CRS3035RES1000mN2530000E3915000,0,0,69385,112.5,49,11,21,6,4,9,1978975.1,2832,49,0,0,49,0,0,0,39,4,4,9.5,16.5,6.5,23,21,12,14,2,0
CRS3035RES200mN2530600E3916200,CRS3035RES1000mN2530000E3916000,CRS3035RES1000mN2530000E3916000,0,0,69385,1009,401,161,151,60,1,77,16265749.5,29396,401,0,0,0,401,0,0,400,32.5,34,89.5,137.5,62.5,160,207,129,131,26,0
CRS3035RES200mN2530600E3916400,CRS3035RES1000mN2530000E3916000,CRS3035RES1000mN2530000E3916000,0,0,"69385,69389",420,198,6,69,10,162,14,12392429.9,20246,195,3,0,0,198,0,0,0,14,10,20.5,29.5,25,77,76,41,80,47,0
CRS3035RES200mN2530600E3916600,CRS3035RES1000mN2530000E3916000,CRS3035RES1000mN2530000E3916000,0,0,"69389,69385",66.5,24,0,6,3,22,2,2141658.6,2338,0,24,0,24,0,0,0,0,1,2.5,7,8,3,9,17,4,6,9,0
CRS3035RES200mN2530600E3916800,CRS3035RES1000mN2530000E3916000,CRS3035RES1000mN2530000E3916000,0,0,69389,320,163,13,76,7,108,17,8846276.1,11413,144,19,0,152,8,3,0,0,11,5,13,23,31,88,56,36,39,18,0
CRS3035RES200mN2530600E3917000,CRS3035RES1000mN2530000E3917000,CRS3035RES1000mN2530000E3917000,1,0,"69385,69389",15,6.4,1.1,2.4,0.8,4.2,0.8,539352.4,591.8,2.9,3.5,4.8,1,0.3,0.3,0,0,0.5,0.5,1.1,1.7,1.3,1.9,4,0.8,3.2,0,0
CRS3035RES200mN2530600E3917200,CRS3035RES1000mN2530000E3917000,CRS3035RES1000mN2530000E3917000,1,0,"69385,69389",4,1.7,0.3,0.6,0.2,1.1,0.2,143827.3,157.8,0.8,0.9,1.3,0.3,0,0.1,0,0,0.1,0.1,0.3,0.5,0.4,0.5,1.1,0.2,0.8,0,0
CRS3035RES200mN2530600E3917400,CRS3035RES1000mN2530000E3917000,CRS3035RES1000mN2530000E3917000,0,0,69385,368,191,65,103,11,0,35,5879395.9,9290,191,0,0,191,0,0,0,191,14,12,27,43,26,71,83,43,42,7,0
CRS3035RES200mN2530600E3918000,CRS3035RES1000mN2530000E3918000,CRS3035RES1000mN2530000E3918000,1,0,69385,4,1.9,0.1,0.6,0.1,1.1,0,170542.9,239.9,1.7,0.2,1.7,0.1,0,0.1,0,0,0.3,0.1,0.1,0,0.2,1,0.4,0.5,0.8,0.6,0
CRS3035RES200mN2530600E3918200,CRS3035RES1000mN2530000E3918000,CRS3035RES1000mN2530000E3918000,0,0,69385,383,213,31,117,9,69,21,11482082,15043,212,1,184,4,15,10,0,27,10,8,17,30,31,122,78,45,37,5,0
CRS3035RES200mN2530600E3918400,CRS3035RES1000mN2530000E3918000,CRS3035RES1000mN2530000E3918000,0,0,69385,789,474,98,297,19,135,28,22458536.1,32984,473,1,443,1,15,15,0,67,20,10.5,35.5,52.5,70.5,235,157,95,95,18,0
CRS3035RES200mN2530600E3918600,CRS3035RES1000mN2530000E3918000,CRS3035RES1000mN2530000E3918000,1,0,"69382,69385",2,0.9,0,0.3,0,0.6,0,85271.5,119.9,0.8,0.1,0.9,0,0,0,0,0,0.1,0.1,0.1,0,0.1,0.5,0.2,0.2,0.4,0.3,0
CRS3035RES200mN2530600E3918800,CRS3035RES1000mN2530000E3918000,CRS3035RES1000mN2530000E3918000,0,0,69382,947.5,546,75,310,20,172,40,30741328.6,42866,542,4,428,9,93,16,0,58,36,13,49,53.5,78,290,159,77,132,59,1
CRS3035RES200mN2530600E3919000,CRS3035RES1000mN2530000E3919000,CRS3035RES200mN2530600E3919000,0,0,69382,245.5,144,19,82,3,47,9,8044048.8,10513,144,0,144,0,0,0,0,7,15,4,9,8.5,26,82,43,22,23,13,0
CRS3035RES200mN2530600E3919200,CRS3035RES1000mN2530000E3919000,CRS3035RES200mN2530600E3919200,0,0,"69382,69383",110.5,62,7,29,1,27,6,3963215.1,5743,62,0,56,6,0,0,0,5,3,1,0.5,6,8,39,14,15,20,4,0
CRS3035RES200mN2530600E3919400,CRS3035RES1000mN2530000E3919000,CRS3035RES200mN2530600E3919400,0,0,"69386,69383,69382",225,114,8,59,7,39,11,8555424.5,11670,113,1,113,0,0,0,1,0,11,0,12.5,16,28.5,55,38,28,20,16,0
CRS3035RES200mN2530600E3919600,CRS3035RES1000mN2530000E3919000,CRS3035RES200mN2530600E3919600,0,0,"69386,69383",1184.5,586,54,276,35,252,38,41447329.9,51299,583,3,521,14,7,34,10,35,50,29,55.5,87.5,92.5,303,207,122,156,82,0
CRS3035RES200mN2530600E3919800,CRS3035RES1000mN2530000E3919000,CRS3035RES200mN2530600E3919800,0,0,"69386,69383",908.5,429,16,176,31,250,22,35240666.8,42432,428,1,206,123,33,67,0,0,28,19,43,74,70.5,177,166,103,144,84,0
CRS3035RES200mN2530600E3920000,CRS3035RES1000mN2530000E3920000,CRS3035RES1000mN2530000E3920000,0,0,"69386,69383",731,449,34,287,14,230,22,25518929.2,29649,449,0,193,17,176,63,0,12,25.5,7.5,27,42,42,166,112,65,96,148,0
CRS3035RES200mN2530600E3920200,CRS3035RES1000mN2530000E3920000,CRS3035RES1000mN2530000E3920000,0,0,"69386,69383",757,370,40,162,16,193,32,26225036.4,29869,370,0,95,77,153,45,0,0,46,17,43,45,55,189,140,80,85,57,0
CRS3035RES200mN2530600E3920400,CRS3035RES1000mN2530000E3920000,CRS3035RES1000mN2530000E3920000,0,0,"69386,69383",385.5,217,20,125,3,81,8,12996741.9,14873,217,0,104,15,35,63,0,36,11,6,11.5,25,32,115,89,32,44,20,0
CRS3035RES200mN2530600E3920600,CRS3035RES1000mN2530000E3920000,CRS3035RES1000mN2530000E3920000,0,0,"69386,69383",1234.5,642,88,338,27,185,59,37136926.2,42817,641,1,295,104,143,63,37,107,44,32,63.5,88,118,344,232,116,135,62,0
CRS3035RES200mN2530600E3920800,CRS3035RES1000mN2530000E3920000,CRS3035RES1000mN2530000E3920000,0,0,69386,873.5,442,69,203,20,159,51,24908765.7,33359,442,0,275,167,0,0,0,149,42,16,40.5,59.5,78.5,202,184,97,94,60,0
CRS3035RES200mN2530600E3921000,CRS3035RES1000mN2530000E3921000,CRS3035RES1000mN2530000E3921000,0,0,69386,264.5,136,23,70,7,66,6,8366619.2,9559,136,0,10,0,28,98,0,0,6,3,12,23,21.5,57,44,29,51,18,0
CRS3035RES200mN2530600E3921200,CRS3035RES1000mN2530000E3921000,CRS3035RES1000mN2530000E3921000,0,0,69386,901,520,66,296,11,168,30,27830654.6,32591,513,7,135,88,94,202,1,89,37.5,18.5,36.5,38,78.5,304,137,75,97,79,0
CRS3035RES200mN2530600E3921400,CRS3035RES1000mN2530000E3921000,CRS3035RES1000mN2530000E3921000,0,0,69386,910,517,88,293,16,112,68,22360670.8,29387,509,8,286,106,21,104,0,132,30,14,40,79.5,104.5,272,188,77,79,26,0
CRS3035RES200mN2530600E3921600,CRS3035RES1000mN2530000E3921000,CRS3035RES1000mN2530000E3921000,0,0,"69266,69386",981.5,545,106,331,25,125,42,21714050.8,30931,544,1,289,43,80,133,0,172,34,19,43,80.5,88,330,176,108,72,31,0
CRS3035RES200mN2530800E3915200,CRS3035RES1000mN2530000E3915000,CRS3035RES1000mN2530000E3915000,0,0,"69385,69244",91,44,3,15,1,33,1,3345949,4954,36,8,3,5,13,23,0,0,3,2,4,7,4,8,18,3,30,12,0
CRS3035RES200mN2530800E3915400,CRS3035RES1000mN2530000E3915000,CRS3035RES1000mN2530000E3915000,0,0,69385,462.5,202,21,75,15,69,34,10164566.6,15823,202,0,0,150,52,0,0,126,26,9,36,44,42.5,72,75,40,82,36,0
CRS3035RES200mN2530800E3915600,CRS3035RES1000mN2530000E3915000,CRS3035RES1000mN2530000E3915000,0,0,"69385,69389",320,159,28,76,9,51,31,6644536.9,9788,159,0,0,159,0,0,0,75,17,9,26,29,17,72,72,22,36,20,0
CRS3035RES200mN2530800E3915800,CRS3035RES1000mN2530000E3915000,CRS3035RES1000mN2530000E3915000,0,0,"69385,69389",581.5,256,34,91,24,13,48,11655435.2,19255,253,3,1,2,253,0,0,240,26.5,18.5,46,56.5,43,93,98,65,99,36,0
CRS3035RES200mN2530800E3916000,CRS3035RES1000mN2530000E3916000,CRS3035RES1000mN2530000E3916000,0,0,"69385,69389",291,159,8,70,2,123,13,7643459.9,11941,159,0,0,0,159,0,0,0,11,8,8,13,13,55,54,37,58,34,0
CRS3035RES200mN2530800E3916600,CRS3035RES1000mN2530000E3916000,CRS3035RES1000mN2530000E3916000,0,0,69389,1203,512,145,199,58,11,113,20550063.7,30376,512,0,0,469,0,43,0,500,98.5,48.5,121.5,115,79.5,240,215,110,119,56,0
CRS3035RES200mN2530800E3916800,CRS3035RES1000mN2530000E3916000,CRS3035RES1000mN2530000E3916000,0,0,69389,281.5,138,10,55,5,86,10,7944554.7,10405,138,0,0,0,95,43,0,12,25,5,15,13.5,15,87,43,23,48,7,0
CRS3035RES200mN2530800E3917000,CRS3035RES1000mN2530000E3917000,CRS3035RES1000mN2530000E3917000,1,0,"69385,69389",4,1.7,0.3,0.6,0.2,1.1,0.2,143827.3,157.8,0.8,0.9,1.3,0.3,0,0.1,0,0,0.1,0.1,0.3,0.5,0.4,0.5,1.1,0.2,0.8,0,0
CRS3035RES200mN2530800E3917200,CRS3035RES1000mN2530000E3917000,CRS3035RES1000mN2530000E3917000,1,0,"69389,69385",3,1.3,0.2,0.5,0.2,0.8,0.2,107870.5,118.4,0.6,0.7,1,0.2,0,0.1,0,0,0.1,0.1,0.2,0.3,0.3,0.4,0.8,0.2,0.6,0,0
CRS3035RES200mN2530800E3917400,CRS3035RES1000mN2530000E3917000,CRS3035RES1000mN2530000E3917000,1,0,"69385,69389",7,3,0.5,1.1,0.4,2,0.4,251697.8,276.2,1.4,1.6,2.3,0.5,0.1,0.1,0,0,0.2,0.2,0.5,0.8,0.6,0.9,1.9,0.4,1.5,0,0
CRS3035RES200mN2530800E3917600,CRS3035RES1000mN2530000E3917000,CRS3035RES1000mN2530000E3917000,1,0,"69385,69389",5,2.1,0.4,0.8,0.3,1.4,0.3,179784.1,197.3,1,1.1,1.6,0.3,0.1,0.1,0,0,0.2,0.2,0.3,0.6,0.4,0.6,1.3,0.3,1.1,0,0
CRS3035RES200mN2530800E3917800,CRS3035RES1000mN2530000E3917000,CRS3035RES1000mN2530000E3917000,0,0,"69385,69389",43,13,2,3,2,9,0,1475417.5,1704,10,3,13,0,0,0,0,0,1,2,4,6,4,2,7,8,7,0,2
CRS3035RES200mN2530800E3918000,CRS3035RES1000mN2530000E3918000,CRS3035RES1000mN2530000E3918000,1,0,69385,9,4.2,0.2,1.4,0.2,2.5,0,383721.6,539.7,3.7,0.5,3.9,0.1,0,0.2,0,0,0.6,0.3,0.3,0,0.3,2.3,0.9,1.1,1.9,1.3,0
CRS3035RES200mN2530800E3918200,CRS3035RES1000mN2530000E3918000,CRS3035RES1000mN2530000E3918000,0,0,69385,100.5,61,15,35,0,14,10,2475090.6,3981,60,1,47,13,0,1,0,22,3,2,2,8.5,6,37,22,8,9,3,0
CRS3035RES200mN2530800E3918400,CRS3035RES1000mN2530000E3918000,CRS3035RES1000mN2530000E3918000,0,0,69385,766.5,463,114,281,14,129,39,19355221,28578,462,1,460,0,0,3,0,79,23.5,7.5,34.5,46,92,253,153,72,58,27,0
CRS3035RES200mN2530800E3918600,CRS3035RES1000mN2530000E3918000,CRS3035RES1000mN2530000E3918000,0,0,"69381,69385,69382",224.5,121,19,60,4,50,6,7609864.9,9812,121,0,118,0,0,3,0,0,7,1,4.5,12,26,64,42,28,32,8,0
CRS3035RES200mN2530800E3918800,CRS3035RES1000mN2530000E3918000,CRS3035RES1000mN2530000E3918000,0,0,"69381,69382",771,480,83,293,9,129,21,22844885.1,33218,480,0,451,9,10,10,0,31,23,4,15.5,30,77.5,306,137,61,84,33,0
CRS3035RES200mN2530800E3919000,CRS3035RES1000mN2530000E3919000,CRS3035RES200mN2530800E3919000,0,0,"69382,69381",645.5,366,66,199,10,61,31,18452244.1,26337,366,0,351,9,6,0,0,50,14.5,4.5,32,39,69.5,241,120,54,53,18,0
CRS3035RES200mN2530800E3919200,CRS3035RES1000mN2530000E3919000,CRS3035RES200mN2530800E3919200,0,0,"69382,69381",121.5,62,11,27,3,13,8,3878566.8,5151,62,0,62,0,0,0,0,18,4,2,6,11,15.5,43,25,9,6,0,0
CRS3035RES200mN2530800E3919400,CRS3035RES1000mN2530000E3919000,CRS3035RES200mN2530800E3919400,0,0,"69386,69382,69381",291.5,141,11,59,6,61,12,10725757.5,13968,139,2,141,0,0,0,0,6,6,4,14,33,19.5,56,56,38,49,16,0
CRS3035RES200mN2530800E3919600,CRS3035RES1000mN2530000E3919000,CRS3035RES200mN2530800E3919600,0,0,69386,1177,642,86,349,27,219,46,37738936.4,44220,638,4,587,11,0,44,0,30,52,19.5,55,69.5,115,365,213,105,123,60,0
CRS3035RES200mN2530800E3919800,CRS3035RES1000mN2530000E3919000,CRS3035RES200mN2530800E3919800,0,0,69386,488.5,244,23,112,11,101,15,17744868.1,19742,244,0,89,32,37,86,0,10,22,7,22.5,30,44,113,101,59,57,33,0
CRS3035RES200mN2530800E3920000,CRS3035RES1000mN2530000E3920000,CRS3035RES1000mN2530000E3920000,0,0,69386,1262.5,601,72,262,33,284,52,41137129.4,46812,601,0,48,32,432,89,0,113,41,23.5,62.5,94,115.5,205,266,148,211,96,0
CRS3035RES200mN2530800E3920200,CRS3035RES1000mN2530000E3920000,CRS3035RES1000mN2530000E3920000,0,0,69386,1312,626,93,264,33,242,68,38626644,46408,626,0,12,125,442,47,0,193,51,38,78.5,105.5,90,276,255,141,176,101,0
CRS3035RES200mN2530800E3920400,CRS3035RES1000mN2530000E3920000,CRS3035RES1000mN2530000E3920000,0,0,69386,1100.5,590,92,319,24,174,48,33196632.1,39811,590,0,193,142,189,66,0,150,41,13.5,42.5,68,107.5,302,196,144,128,58,0
CRS3035RES200mN2530800E3920600,CRS3035RES1000mN2530000E3920000,CRS3035RES1000mN2530000E3920000,0,0,69386,931,531,64,300,17,116,42,27391371.7,34155,531,0,417,1,76,37,0,106,32.5,13.5,35,53,111,273,199,104,67,43,0
CRS3035RES200mN2530800E3920800,CRS3035RES1000mN2530000E3920000,CRS3035RES1000mN2530000E3920000,0,0,69386,456.5,204,10,61,11,131,20,17681638.6,20492,202,2,188,16,0,0,0,16,13.5,6,29.5,38.5,37,61,92,67,77,35,0
CRS3035RES200mN2530800E3921000,CRS3035RES1000mN2530000E3921000,CRS3035RES1000mN2530000E3921000,1,0,69386,6,2.5,0.2,0.8,0.1,1.1,0.2,173119.6,196.3,2.5,0,0,0.1,2.4,0,0,0.7,0.3,0,0.3,0.6,0.5,1.6,1.4,0.7,0.4,0.2,0
CRS3035RES200mN2530800E3921200,CRS3035RES1000mN2530000E3921000,CRS3035RES1000mN2530000E3921000,0,0,69386,533,290,26,153,8,127,17,17597685.4,20282,288,2,115,4,54,116,1,10,14.5,9,18.5,33.5,58.5,147,95,71,68,18,0
CRS3035RES200mN2530800E3921400,CRS3035RES1000mN2530000E3921000,CRS3035RES1000mN2530000E3921000,0,0,"69386,69266",1061,537,63,265,24,246,49,32385265.3,36220,529,8,187,17,24,309,0,32,58,23,67,74.5,94.5,335,222,89,76,22,0
CRS3035RES200mN2530800E3921600,CRS3035RES1000mN2530000E3921000,CRS3035RES1000mN2530000E3921000,0,0,"69266,69386",838,451,72,241,15,167,34,21081787.9,26357,447,4,135,119,27,170,0,17,27,17.5,35.5,50.5,96.5,286,159,71,62,33,0
CRS3035RES200mN2531000E3915200,CRS3035RES1000mN2531000E3915000,CRS3035RES1000mN2531000E3915000,0,0,"69244,69389,69385",187,89,8,32,4,66,13,4436424.8,6523,84,5,5,84,0,0,0,0,4,4,6.5,16.5,25,30,40,22,29,10,0
CRS3035RES200mN2531000E3915400,CRS3035RES1000mN2531000E3915000,CRS3035RES1000mN2531000E3915000,0,0,"69389,69385",506.5,254,29,115,11,169,25,13130062.9,17410,251,3,2,154,97,1,0,2,28,8,21.5,33,51,141,96,42,61,25,0
CRS3035RES200mN2531000E3915600,CRS3035RES1000mN2531000E3915000,CRS3035RES1000mN2531000E3915000,0,0,"69389,69385",414.5,192,17,78,14,133,15,11240274.7,15606,192,0,0,3,189,0,0,13,17,10,26.5,33,31,88,65,42,81,21,0
CRS3035RES200mN2531000E3915800,CRS3035RES1000mN2531000E3915000,CRS3035RES1000mN2531000E3915000,0,0,69389,108,81,6,69,3,12,1,2784768.2,3976,71,10,0,11,69,1,0,0,0,0,5,7,3,1,10,7,20,55,0
CRS3035RES200mN2531000E3916400,CRS3035RES1000mN2531000E3916000,CRS3035RES1000mN2531000E3916000,1,0,69389,2,0.9,0.1,0.3,0.1,0.6,0,64612.7,85.1,0.2,0.7,0.6,0.2,0,0.1,0,0,0.1,0.1,0.1,0.2,0,0.5,0.4,0.2,0.2,0.2,0
CRS3035RES200mN2531000E3916600,CRS3035RES1000mN2531000E3916000,CRS3035RES1000mN2531000E3916000,0,0,69389,214.5,92,19,35,13,0,21,3778967,6248,85,7,0,92,0,0,0,20,15,9,18,19.5,17,34,39,25,22,16,0
CRS3035RES200mN2531000E3916800,CRS3035RES1000mN2531000E3916000,CRS3035RES1000mN2531000E3916000,0,0,69389,86,45,3,19,0,37,2,2588181.9,3633,45,0,0,0,32,13,0,0,4,1,1,2,7,19,10,8,23,11,0
CRS3035RES200mN2531000E3917000,CRS3035RES1000mN2531000E3917000,CRS3035RES1000mN2531000E3917000,0,0,69389,285.5,152,11,73,4,107,8,8672996.7,11454,145,7,6,144,0,1,1,1,9,4,15.5,13,18,73,56,34,41,22,0
CRS3035RES200mN2531000E3917200,CRS3035RES1000mN2531000E3917000,CRS3035RES1000mN2531000E3917000,0,0,69389,224,126,7,58,4,69,10,7001343.6,9376,121,5,9,0,114,3,0,0,9,3,10.5,8.5,12,70,43,17,42,9,0
CRS3035RES200mN2531000E3917400,CRS3035RES1000mN2531000E3917000,CRS3035RES1000mN2531000E3917000,0,0,"69389,69385",67,34,1,19,2,16,3,2340959.4,2465,25,9,27,6,0,0,1,0,1.5,1,3,7,6.5,19,14,9,3,3,0
CRS3035RES200mN2531000E3917600,CRS3035RES1000mN2531000E3917000,CRS3035RES1000mN2531000E3917000,0,0,"69389,69385,69381",253.5,142,23,70,1,66,12,7629169.7,9670,134,8,130,3,0,8,1,15,11,3,13.5,15.5,15,96.5,56,13,23,7,0
CRS3035RES200mN2531000E3917800,CRS3035RES1000mN2531000E3917000,CRS3035RES1000mN2531000E3917000,0,0,"69385,69389,69381",272,130,16,55,10,41,15,8685335.6,10141,114,16,96,0,0,33,1,30,9,5,15.5,27.5,21,90,62,26,15,1,0
CRS3035RES200mN2531000E3918000,CRS3035RES1000mN2531000E3918000,CRS3035RES200mN2531000E3918000,0,0,69385,362.5,217,36,119,4,107,18,11627460.3,15099,216,1,214,2,1,0,0,39,14,7,10.5,15,22,105,83,42,53,11,0
CRS3035RES200mN2531000E3918200,CRS3035RES1000mN2531000E3918000,CRS3035RES200mN2531000E3918200,0,0,69385,189,112,17,70,5,42,9,5611965.6,7559,111,1,100,5,0,7,0,0,3,1,10.5,9.5,25,66,32,17,17,8,0
CRS3035RES200mN2531000E3918400,CRS3035RES1000mN2531000E3918000,CRS3035RES200mN2531000E3918400,0,0,"69385,69381",403,210,33,105,13,76,11,12086389.8,15472,210,0,210,0,0,0,0,0,20,6,12.5,30,39.5,131,71,41,37,15,0
CRS3035RES200mN2531000E3918600,CRS3035RES1000mN2531000E3918000,CRS3035RES200mN2531000E3918600,0,0,"69381,69385",803,423,61,215,17,183,20,25646450.1,34426,423,0,407,0,0,16,0,52,36,14,40,44,78,212,138,104,105,32,0
CRS3035RES200mN2531000E3918800,CRS3035RES1000mN2531000E3918000,CRS3035RES200mN2531000E3918800,0,0,69381,466.5,301,54,200,5,88,20,13431961.7,19549,301,0,260,39,0,2,0,53,17.5,2,11.5,25.5,53,154,93,48,43,19,0
CRS3035RES200mN2531000E3919000,CRS3035RES1000mN2531000E3919000,CRS3035RES200mN2531000E3919000,0,0,69381,481.5,279,46,160,10,75,23,14652147.6,19657,279,0,268,10,0,1,0,19,23.5,6.5,19.5,31.5,52.5,174,81,37,38,18,0
CRS3035RES200mN2531000E3919200,CRS3035RES1000mN2531000E3919000,CRS3035RES200mN2531000E3919200,0,0,69381,380.5,215,32,119,6,82,13,12329266.8,16527,215,0,188,0,0,27,0,10,14,3,13,22,47.5,143,63,44,23,7,1
CRS3035RES200mN2531000E3919400,CRS3035RES1000mN2531000E3919000,CRS3035RES200mN2531000E3919400,0,0,"69386,69381",302,139,9,50,7,70,10,12010785.7,16428,135,4,137,0,0,2,0,0,13,6.5,11,18.5,34,56,62,42,42,17,0
CRS3035RES200mN2531000E3919600,CRS3035RES1000mN2531000E3919000,CRS3035RES200mN2531000E3919600,0,0,69386,1104.5,545,51,260,32,206,31,40424092.5,47221,545,0,545,0,0,0,0,16,49,26.5,42,80,90,298,211,118,132,58,0
CRS3035RES200mN2531000E3919800,CRS3035RES1000mN2531000E3919000,CRS3035RES200mN2531000E3919800,0,0,69386,1179.5,597,54,271,19,222,57,43482044.3,47419,597,0,386,23,120,68,0,5,54.5,23,47,84.5,100.5,291,226,126,166,61,0
CRS3035RES200mN2531000E3920000,CRS3035RES1000mN2531000E3920000,CRS3035RES200mN2531000E3920000,0,0,69386,793,380,32,159,18,191,35,29278455.8,32000,380,0,181,50,68,81,0,13,32,14,35,52.5,90.5,201,147,84,81,56,0
CRS3035RES200mN2531000E3920200,CRS3035RES1000mN2531000E3920000,CRS3035RES200mN2531000E3920200,0,0,69386,1351,691,118,334,25,252,84,37714985.5,45922,691,0,245,205,173,68,0,177,58,28.5,85,89,108,325,252,127.5,168,110,0
CRS3035RES200mN2531000E3920400,CRS3035RES1000mN2531000E3920000,CRS3035RES200mN2531000E3920400,0,0,69386,879.5,573,110,380,13,145,32,24903994.5,30522,572,1,282,56,116,118,1,156,31.5,6,26,38.5,81.5,301,146,73,105,71,0
CRS3035RES200mN2531000E3920600,CRS3035RES1000mN2531000E3920000,CRS3035RES200mN2531000E3920600,0,0,69386,1342,815,116,495,18,214,54,40242383.1,47697,813,2,745,42,10,17,1,58,60,12.5,56.5,59,134,551,228,100,95,45,1
CRS3035RES200mN2531000E3920800,CRS3035RES1000mN2531000E3920000,CRS3035RES200mN2531000E3920800,0,0,69386,803.5,387,32,152,15,203,34,29621385.8,35287,385,2,298,88,0,0,1,0,31,16.5,36,49.5,75.5,176,132,95,127,63,2
CRS3035RES200mN2531000E3921000,CRS3035RES1000mN2531000E3921000,CRS3035RES200mN2531000E3921000,0,0,69386,246.5,113,30,48,9,22,18,5562754,8064,113,0,0,14,99,0,0,69,6,3.5,18,30,21,45,51,24,36,12,0
CRS3035RES200mN2531000E3921200,CRS3035RES1000mN2531000E3921000,CRS3035RES200mN2531000E3921200,0,0,"69386,69266",823.5,425,45,205,17,217,26,26374979.8,31030,410,15,37,48,242,98,0,11,24,15.5,34,64.5,79.5,173,162,84,117,70,0
CRS3035RES200mN2531000E3921400,CRS3035RES1000mN2531000E3921000,CRS3035RES200mN2531000E3921400,0,0,"69266,69386",827,474,106,294,21,132,29,20382114.3,27744,455,19,238,45,47,144,0,60,34,19,40,49,113,249,147,67,82,27,0
CRS3035RES200mN2531200E3915200,CRS3035RES1000mN2531000E3915000,CRS3035RES1000mN2531000E3915000,0,0,"69244,69389",90,29,1,6,7,25,2,3669138.2,4212,3,26,20,7,0,2,0,0,0,1,6,17,13,5,22,11,12,3,0
CRS3035RES200mN2531200E3915400,CRS3035RES1000mN2531000E3915000,CRS3035RES1000mN2531000E3915000,0,0,"69389,69244",142.5,58,7,21,5,44,6,3274160.5,4551,50,8,8,47,2,1,0,0,11,2,10,12.5,17,25,31,15,10,9,0
CRS3035RES200mN2531200E3915600,CRS3035RES1000mN2531000E3915000,CRS3035RES1000mN2531000E3915000,0,0,69389,494,183,44,62,29,58,28,9381806.6,14616,183,0,0,0,182,0,1,110,33,17,53,56,52,102,92,38,39,12,0
CRS3035RES200mN2531200E3915800,CRS3035RES1000mN2531000E3915000,CRS3035RES1000mN2531000E3915000,0,0,69389,322.5,153,13,56,7,122,12,8983243.5,13315,152,1,0,1,151,0,1,0,10,4,9.5,28.5,28.5,54,55,49,65,19,0
CRS3035RES200mN2531200E3916000,CRS3035RES1000mN2531000E3916000,CRS3035RES1000mN2531000E3916000,0,0,69389,161.5,77,34,40,7,0,10,2538394.1,4027,76,1,76,0,0,1,0,76,11,10,11,9.5,13,28,36,14,21,8,0
CRS3035RES200mN2531200E3916200,CRS3035RES1000mN2531000E3916000,CRS3035RES1000mN2531000E3916000,0,0,69389,667,231,76,63,48,2,40,11312545.6,17418,230,1,64,0,152,15,0,229,32.5,17,77,91,54.5,89,134,75,70,27,0
CRS3035RES200mN2531200E3916400,CRS3035RES1000mN2531000E3916000,CRS3035RES1000mN2531000E3916000,0,0,69389,384,225,66,135,7,0,38,6803666.2,11292,224,1,144,80,0,1,0,213,14,9,21,25.5,18.5,66,63,61,65,41,0
CRS3035RES200mN2531200E3916600,CRS3035RES1000mN2531000E3916000,CRS3035RES1000mN2531000E3916000,0,0,69389,297.5,148,36,71,9,34,22,6162237.5,9747,148,0,0,77,0,71,0,87,19,5.5,11,22.5,29.5,77,55,39,28,11,0
CRS3035RES200mN2531200E3916800,CRS3035RES1000mN2531000E3916000,CRS3035RES1000mN2531000E3916000,0,0,69389,209.5,91,11,40,9,2,12,4390504.9,6275,91,0,0,0,36,54,1,0,13.5,1.5,15.5,29.5,22.5,60,42,16,7,2,0
CRS3035RES200mN2531200E3917000,CRS3035RES1000mN2531000E3917000,CRS3035RES1000mN2531000E3917000,0,0,69389,124,67,4,32,1,41,7,4059654.5,4931,66,1,21,41,0,5,0,0,7.5,2,1,8.5,6,36,25,13,19,6,0
CRS3035RES200mN2531200E3917200,CRS3035RES1000mN2531000E3917000,CRS3035RES1000mN2531000E3917000,0,0,69389,310,169,25,86,3,93,14,8379251.7,10508,168,1,43,114,7,5,0,1,21,11,11.5,13,18.5,99,56,28,36,16,0
CRS3035RES200mN2531200E3917400,CRS3035RES1000mN2531000E3917000,CRS3035RES1000mN2531000E3917000,0,0,"69381,69389",163.5,85,8,43,4,43,4,5372363.3,6589,84,1,61,0,1,23,0,1,3,2,9,15,16.5,43,37,21,16,1,0
CRS3035RES200mN2531200E3917600,CRS3035RES1000mN2531000E3917000,CRS3035RES1000mN2531000E3917000,0,0,"69381,69389",80,37,4,16,3,18,3,2770682.5,3349,31,6,7,30,0,0,0,0,3,4,3,6,6,15,17,12,10,4,0
CRS3035RES200mN2531200E3917800,CRS3035RES1000mN2531000E3917000,CRS3035RES1000mN2531000E3917000,0,0,"69381,69385",134,64,6,25,6,45,5,5264164.6,6613,61,3,44,0,0,20,0,0,5,3,5,9,12,25,22,19,19,15,0
CRS3035RES200mN2531200E3918000,CRS3035RES1000mN2531000E3918000,CRS3035RES200mN2531200E3918000,0,0,"69381,69385",241.5,112,17,47,1,49,8,7725815.7,10768,112,0,92,20,0,0,0,0,11,3,6,21,28.5,51,52,33,24,12,0
CRS3035RES200mN2531200E3918200,CRS3035RES1000mN2531000E3918000,CRS3035RES200mN2531200E3918200,0,0,"69381,69385",413,218,30,112,9,115,18,13047036.7,17733,218,0,204,0,0,14,0,14,17,6,12.5,19.5,47,113,86,45,43,24,0
CRS3035RES200mN2531200E3918400,CRS3035RES1000mN2531000E3918000,CRS3035RES200mN2531200E3918400,0,0,"69381,69385",1090.5,584,105,300,24,200,64,30975886.5,41892,583,1,425,0,47,112,0,145,32.5,18,52.5,97,89,311,230.5,116,107,37,0
CRS3035RES200mN2531200E3918600,CRS3035RES1000mN2531000E3918000,CRS3035RES200mN2531200E3918600,0,0,69381,920,534,83,310,14,205,32,27356874.2,37783,534,0,494,0,0,40,0,50,23.5,14,36.5,48.5,89,279.5,197,93,96,43,0
CRS3035RES200mN2531200E3918800,CRS3035RES1000mN2531000E3918000,CRS3035RES200mN2531200E3918800,0,0,69381,1408,826,173,503,27,252,59,37429622.6,52414,824,2,804,0,20,2,0,128,54.5,19,49,96.5,138,553,270,113,80,35,0
CRS3035RES200mN2531200E3919000,CRS3035RES1000mN2531000E3919000,CRS3035RES200mN2531200E3919000,0,0,69381,1626.5,946,208,558,33,191,72,40516163.9,56522,945,1,939,4,3,0,0,261,63,32,58.5,96,143,636,333,125,105,35,0
CRS3035RES200mN2531200E3919200,CRS3035RES1000mN2531000E3919000,CRS3035RES200mN2531200E3919200,0,0,69381,125.5,75,11,40,1,33,2,4653719.9,5918,74,1,69,0,0,6,0,0,3,0,3,3.5,12,45,28,11,16,4,0
CRS3035RES200mN2531200E3919400,CRS3035RES1000mN2531000E3919000,CRS3035RES200mN2531200E3919400,0,0,"69386,69381",176.5,79,6,29,10,42,4,7743298.8,10345,79,0,73,6,0,0,0,0,8,6,7.5,16,12,35,34,15,30,13,0
CRS3035RES200mN2531200E3919600,CRS3035RES1000mN2531000E3919000,CRS3035RES200mN2531200E3919600,0,0,69386,719.5,309,21,109,30,165,31,28284960.8,35577,307,2,247,23,0,39,0,15,25,15,44.5,60.5,73.5,116,141,100,97,47,0
CRS3035RES200mN2531200E3919800,CRS3035RES1000mN2531000E3919000,CRS3035RES200mN2531200E3919800,0,0,69386,821,402,33,188,20,195,33,30705727.4,37392,400,2,326,76,0,0,0,0,46,20.5,36.5,63.5,68.5,187,161,81,97,60,0
CRS3035RES200mN2531200E3920000,CRS3035RES1000mN2531000E3920000,CRS3035RES200mN2531200E3920000,0,0,69386,1126.5,567,60,277,27,224,43,39320020.8,46607,567,0,312,150,0,105,0,67,44,18,51,91,99.5,256,226,138,131,72,0
CRS3035RES200mN2531200E3920200,CRS3035RES1000mN2531000E3920000,CRS3035RES200mN2531200E3920200,0,0,69386,1093.5,619,85,346,20,176,47,35098924.9,40246,617,2,569,11,17,20,2,92,40,14.5,47,73,100,364,220,96,106,33,0
CRS3035RES200mN2531200E3920400,CRS3035RES1000mN2531000E3920000,CRS3035RES200mN2531200E3920400,0,0,69386,1296.5,647,82,306,33,249,62,44203141.3,47636,644,3,368,48,97,133,1,59,55,30,77.5,104.5,115.5,319,267,123,144,61,0
CRS3035RES200mN2531200E3920600,CRS3035RES1000mN2531000E3920000,CRS3035RES200mN2531200E3920600,0,0,69386,888.5,488,61,255,18,193,38,30564615,34202,486,2,397,73,0,18,0,14,37,21,44.5,51.5,68.5,319,155,51,89,52,0
CRS3035RES200mN2531200E3920800,CRS3035RES1000mN2531000E3920000,CRS3035RES200mN2531200E3920800,0,0,69386,666,366,53,199,12,148,31,21689025,27789,363,3,239,59,57,11,0,21,18,7,28,49,74,178,138,63,81,30,0
CRS3035RES200mN2531200E3921000,CRS3035RES1000mN2531000E3921000,CRS3035RES200mN2531200E3921000,0,0,"69386,69266",598,336,47,193,14,118,21,16912380.1,21672,331,5,197,39,49,51,0,28,19.5,10,30.5,31.5,70.5,192,103,57,56,28,0
CRS3035RES200mN2531200E3921200,CRS3035RES1000mN2531000E3921000,CRS3035RES200mN2531200E3921200,0,0,"69266,69386",713.5,388,84,204,15,128,31,19719166,22887,382,6,137,31,69,150,1,52,36,12.5,25.5,45.5,80,266,103,54,68,23,0
CRS3035RES200mN2531400E3915400,CRS3035RES1000mN2531000E3915000,CRS3035RES1000mN2531000E3915000,0,0,"69244,69389",369.5,167,16,69,11,96,20,10530788.1,14526,159,8,0,115,0,52,0,46,18.5,6,28.5,32.5,30,57,70,51,48,28,0
CRS3035RES200mN2531400E3915600,CRS3035RES1000mN2531000E3915000,CRS3035RES1000mN2531000E3915000,0,0,"69389,69244",482.5,226,8,75,7,186,21,15044769.9,20440,214,12,0,28,198,0,0,0,14,9,20,30.5,37,83,93,59,85,52,0
CRS3035RES200mN2531400E3915800,CRS3035RES1000mN2531000E3915000,CRS3035RES1000mN2531000E3915000,1,0,69389,4,1.1,0.1,0.2,0.4,0.9,0,144484.6,119.8,0.3,0.8,0.4,0.1,0.6,0,0,0,0.2,0.1,0.4,0.5,0.5,0.5,0.8,0.7,0.2,0.1,0
CRS3035RES200mN2531400E3916000,CRS3035RES1000mN2531000E3916000,CRS3035RES1000mN2531000E3916000,0,0,69389,192.5,85,19,39,11,17,13,3529661.5,6464,77,8,33,0,27,25,0,44,10,9,14.5,14,12,39,39,25,24,6,0
CRS3035RES200mN2531400E3916200,CRS3035RES1000mN2531000E3916000,CRS3035RES1000mN2531000E3916000,0,0,69389,231.5,108,21,49,7,26,18,4696371.1,7370,108,0,7,34,0,67,0,47,14,6.5,21,19,24,60,40,17,17,13,0
CRS3035RES200mN2531400E3916400,CRS3035RES1000mN2531000E3916000,CRS3035RES1000mN2531000E3916000,0,0,69389,284,156,17,74,1,71,9,8146763.2,9452,156,0,3,0,0,153,0,0,10,5,10,9,40,91,51,35,26,7,0
CRS3035RES200mN2531400E3916600,CRS3035RES1000mN2531000E3916000,CRS3035RES1000mN2531000E3916000,0,0,69389,353.5,199,48,115,6,58,13,9207683,11329,193,6,35,1,9,154,0,11,17,7,12.5,23.5,49.5,129,54,26,24,11,0
CRS3035RES200mN2531400E3916800,CRS3035RES1000mN2531000E3916000,CRS3035RES1000mN2531000E3916000,0,0,69389,171.5,109,16,68,1,39,4,4870813.7,5918,109,0,0,0,0,109,0,0,7,1,6,4,28.5,64,28,13,15,5,0
CRS3035RES200mN2531400E3917000,CRS3035RES1000mN2531000E3917000,CRS3035RES1000mN2531000E3917000,0,0,69389,511.5,262,63,134,15,17,34,10016034.2,14856,262,0,2,205,0,55,0,219,28,16.5,31,42,52,148,73,49,51,20,1
CRS3035RES200mN2531400E3917200,CRS3035RES1000mN2531000E3917000,CRS3035RES1000mN2531000E3917000,0,0,"69389,69381",105,50,13,25,5,20,1,3262729.9,3748,49,1,45,0,0,5,0,15,9,2,8,6,8,35,24,10,0,3,0
CRS3035RES200mN2531400E3917400,CRS3035RES1000mN2531000E3917000,CRS3035RES1000mN2531000E3917000,1,0,"69381,69389",31,10.9,1.7,3.4,1.7,4.2,0,1163291.2,1013.8,10.1,0.8,1.7,0,0.8,8.4,0,4.2,1.7,0,4.2,3.3,2.5,2.5,10.1,2.5,4.2,0,0
CRS3035RES200mN2531400E3917600,CRS3035RES1000mN2531000E3917000,CRS3035RES1000mN2531000E3917000,0,0,69381,620.5,281,32,103,18,126,37,19479181.4,23215,270,11,71,1,62,147,0,76,25,9.5,47,55,53,125,138,70,69,29,0
CRS3035RES200mN2531400E3917800,CRS3035RES1000mN2531000E3917000,CRS3035RES1000mN2531000E3917000,0,0,69381,131.5,55,3,18,4,38,7,4369015.4,5308,55,0,9,25,21,0,0,0,4.5,3,6.5,11.5,19,11,29,17,21,9,0
CRS3035RES200mN2531400E3918000,CRS3035RES1000mN2531000E3918000,CRS3035RES200mN2531400E3918000,0,0,69381,98,47,3,23,3,18,1,3623513.3,3415,47,0,22,0,0,25,0,0,3,3,4,8,7,20,25,16,11,1,0
CRS3035RES200mN2531400E3918200,CRS3035RES1000mN2531000E3918000,CRS3035RES200mN2531400E3918200,0,0,69381,502.5,271,43,135,7,132,27,14947932,18528,267,4,267,1,0,3,0,19,22.5,6,13,44.5,45.5,149,88,56,72,6,0
CRS3035RES200mN2531400E3918400,CRS3035RES1000mN2531000E3918000,CRS3035RES200mN2531400E3918400,0,0,69381,846,479,58,256,14,194,44,24681496.7,30581,479,0,456,0,0,23,0,22,31,17,31,56.5,68.5,296,188,63,70,25,0
CRS3035RES200mN2531400E3918600,CRS3035RES1000mN2531000E3918000,CRS3035RES200mN2531400E3918600,0,0,69381,463.5,251,39,124,5,78,32,11941276.9,17280,251,0,242,0,0,9,0,68,22.5,6,20,33,39,130,103,46,50,14,0
CRS3035RES200mN2531400E3918800,CRS3035RES1000mN2531000E3918000,CRS3035RES200mN2531400E3918800,0,0,69381,1446,826,193,486,25,257,91,35911401.8,48924,825,1,773,0,19,33,1,229,70,30.5,87.5,100.5,95.5,432,343,132,120,35,0
CRS3035RES200mN2531400E3919000,CRS3035RES1000mN2531000E3919000,CRS3035RES200mN2531400E3919000,0,0,69381,1537.5,845,161,460,25,276,67,40523728.2,52577,844,1,762,24,20,39,0,128,76.5,24,65.5,87.5,134,558,334,136,101,21,0
CRS3035RES200mN2531400E3919200,CRS3035RES1000mN2531000E3919000,CRS3035RES200mN2531400E3919200,0,0,69381,524.5,288,44,153,12,94,27,15722245.9,22761,288,0,280,8,0,0,0,44,20.5,11.5,27.5,26.5,37.5,181,103,46,54,17,0
CRS3035RES200mN2531400E3919400,CRS3035RES1000mN2531000E3919000,CRS3035RES200mN2531400E3919400,0,0,"69386,69381",238,123,10,53,4,49,11,9098569.6,12891,123,0,117,0,6,0,0,0,10,8.5,10.5,10,17,57,39,30,37,19,0
CRS3035RES200mN2531400E3919600,CRS3035RES1000mN2531000E3919000,CRS3035RES200mN2531400E3919600,0,0,69386,1269.5,590,40,238,35,316,40,48971374.2,56673,590,0,447,64,7,72,0,33,51,25.5,59.5,102.5,111,265,242,131,198,84,0
CRS3035RES200mN2531400E3919800,CRS3035RES1000mN2531000E3919000,CRS3035RES200mN2531400E3919800,0,0,69386,907,420,25,173,29,220,34,36760109.9,38239,419,1,176,85,70,89,0,9,34,19.5,57,73.5,77,166,188,106,118,68,0
CRS3035RES200mN2531400E3920000,CRS3035RES1000mN2531000E3920000,CRS3035RES200mN2531400E3920000,0,0,69386,1049,570,62,289,19,292,50,37650560,44522,570,0,62,53,408,47,0,99,33,15,46,70,75,209,202,117,173,109,0
CRS3035RES200mN2531400E3920200,CRS3035RES1000mN2531000E3920000,CRS3035RES200mN2531400E3920200,0,0,69386,963,466,39,202,24,269,33,35402933.7,38729,462,4,136,179,72,79,0,0,36,21.5,48.5,63.5,96,196,178,111.5,119,93,0
CRS3035RES200mN2531400E3920400,CRS3035RES1000mN2531000E3920000,CRS3035RES200mN2531400E3920400,0,0,69386,1167,519,36,185,32,273,47,44409182.9,46377,516,3,184,105,138,92,0,16,45,22.5,59.5,122.5,95.5,213,239,134,156,79,1
CRS3035RES200mN2531400E3920600,CRS3035RES1000mN2531000E3920000,CRS3035RES200mN2531400E3920600,0,0,69386,866.5,371,29,120,30,196,28,34538967.6,41288,368,3,196,56,26,93,0,36,41,22.5,50.5,79.5,69.5,128,173.5,98,132,72,0
CRS3035RES200mN2531400E3920800,CRS3035RES1000mN2531000E3920000,CRS3035RES200mN2531400E3920800,0,0,"69386,69266",37,13,1,2,3,0,3,1115324.3,1725,13,0,13,0,0,0,0,0,0,1,2,6,7,3,11,7,0,0,0
CRS3035RES200mN2531400E3921000,CRS3035RES1000mN2531000E3921000,CRS3035RES200mN2531400E3921000,0,0,"69266,69386",680,331,38,144,18,103,35,19823325.9,23397,318,13,31,0,55,245,0,58,39,16,49.5,46,52.5,238,122,58,42,17,0
CRS3035RES200mN2531600E3915600,CRS3035RES1000mN2531000E3915000,CRS3035RES1000mN2531000E3915000,0,0,"69389,69244",137.5,75,5,35,3,53,8,3647376.7,5561,68,7,0,35,40,0,0,3,6,2,5,5.5,8,37,16,19,28,11,0
CRS3035RES200mN2531600E3915800,CRS3035RES1000mN2531000E3915000,CRS3035RES1000mN2531000E3915000,0,0,69389,200,118,6,66,2,91,5,5036926.9,7682,118,0,0,118,0,0,0,0,4,3,4,8,15,53,32,14,37,30,0
CRS3035RES200mN2531600E3916000,CRS3035RES1000mN2531000E3916000,CRS3035RES1000mN2531000E3916000,1,0,69389,23,10.1,0.9,3.7,0.9,7.4,0,743046.1,978.9,1.8,8.3,7.4,1.8,0,0.9,0,0,0.9,1.8,1.8,1.8,0,5.5,4.6,1.9,1.9,2.8,0
CRS3035RES200mN2531600E3916200,CRS3035RES1000mN2531000E3916000,CRS3035RES1000mN2531000E3916000,0,0,69389,60,30,0,16,3,16,2,1804568,1888,26,4,0,0,0,30,0,0,6,0,4,8,2,17,15,3,4,1,0
CRS3035RES200mN2531600E3916400,CRS3035RES1000mN2531000E3916000,CRS3035RES1000mN2531000E3916000,0,0,69389,335.5,195,14,105,1,77,13,9614199.9,11108,193,2,40,1,0,154,0,22,20,7,12,11.5,25,168,55,23,9,5,0
CRS3035RES200mN2531600E3916600,CRS3035RES1000mN2531000E3916000,CRS3035RES1000mN2531000E3916000,0,0,69389,410,206,19,87,4,91,16,13021698.1,13477,202,4,26,0,0,180,0,0,25,12,25.5,22,24.5,171,85,21,19,5,0
CRS3035RES200mN2531600E3916800,CRS3035RES1000mN2531000E3916000,CRS3035RES1000mN2531000E3916000,0,0,69389,828.5,368,39,140,26,150,43,22217822.3,25418,368,0,11,0,0,357,0,76,61,35.5,65,63.5,47.5,272,164,58,51,11,0
CRS3035RES200mN2531600E3917000,CRS3035RES1000mN2531000E3917000,CRS3035RES1000mN2531000E3917000,0,0,69389,93,45,1,19,1,32,3,3414418.3,4341,43,2,10,23,12,0,0,0,10,0,2,3,8,24,23,12,3,8,0
CRS3035RES200mN2531600E3917200,CRS3035RES1000mN2531000E3917000,CRS3035RES1000mN2531000E3917000,0,0,"69389,69384,69381",252,130,15,63,6,66,11,7515034.2,10065,126,4,52,0,18,60,0,14,16,5,15,15,17,73,36,32,29,14,0
CRS3035RES200mN2531600E3917400,CRS3035RES1000mN2531000E3917000,CRS3035RES1000mN2531000E3917000,1,0,"69381,69384",2,0.7,0.1,0.2,0.1,0.3,0,75051,65.4,0.6,0.1,0.1,0,0.1,0.5,0,0.3,0.1,0,0.3,0.2,0.1,0.2,0.6,0.2,0.3,0,0
CRS3035RES200mN2531600E3917600,CRS3035RES1000mN2531000E3917000,CRS3035RES1000mN2531000E3917000,0,0,"69381,69384",501,225,12,91,17,150,20,17825963.2,21214,219,6,39,127,47,12,0,1,16,9.5,30.5,47.5,50.5,60,113,71,68,35,0
CRS3035RES200mN2531600E3917800,CRS3035RES1000mN2531000E3917000,CRS3035RES1000mN2531000E3917000,0,0,"69381,69384",267.5,120,13,46,4,34,10,9479761.9,9463,118,2,34,30,17,39,0,0,7,5,16,34,20.5,29,64,28,45,19,0
CRS3035RES200mN2531600E3918000,CRS3035RES1000mN2531000E3918000,CRS3035RES200mN2531600E3918000,0,0,69381,627,374,114,215,8,66,46,14046355.7,21380,373,1,313,18,0,43,0,230,16,8.5,24,37.5,34,125,122,81,111,68,0
CRS3035RES200mN2531600E3918200,CRS3035RES1000mN2531000E3918000,CRS3035RES200mN2531600E3918200,0,0,69381,733.5,403,63,211,11,149,51,21053485.5,25641,396,7,286,56,24,37,0,61,30,13,27.5,59,52,212,169,93,56,22,0
CRS3035RES200mN2531600E3918400,CRS3035RES1000mN2531000E3918000,CRS3035RES200mN2531600E3918400,0,0,69381,730,406,80,211,16,159,50,19791111.9,23889,402,4,344,18,39,5,0,78,20.5,12,37,49.5,57,205,178,86,64,21,0
CRS3035RES200mN2531600E3918600,CRS3035RES1000mN2531000E3918000,CRS3035RES200mN2531600E3918600,0,0,69381,748.5,400,67,203,12,155,45,20012088.9,25209,396,4,255,6,15,124,0,90,29,8,26.5,65.5,62.5,189,169,92,73,34,0
CRS3035RES200mN2531600E3918800,CRS3035RES1000mN2531000E3918000,CRS3035RES200mN2531600E3918800,0,0,69381,982.5,493,93,245,30,176,64,24489582.2,31355,489,4,390,8,70,25,0,149,41.5,27,63,78,71,278,220,93,77,27,7
CRS3035RES200mN2531600E3919000,CRS3035RES1000mN2531000E3919000,CRS3035RES200mN2531600E3919000,0,0,69381,1003.5,561,107,302,17,196,55,25662348.7,33193,558,3,467,23,19,52,0,53,37,16.5,51,61,68,351,200,101,91,27,0
CRS3035RES200mN2531600E3919200,CRS3035RES1000mN2531000E3919000,CRS3035RES200mN2531600E3919200,0,0,69381,383.5,193,32,89,8,86,16,11822243.1,17274,192,1,174,7,6,6,0,32,16,14.5,12,23,32,110,72,40,49,15,0
CRS3035RES200mN2531600E3919400,CRS3035RES1000mN2531000E3919000,CRS3035RES200mN2531600E3919400,0,0,"69386,69381,69384",58,20,3,5,4,15,1,2408805.5,2672,20,0,20,0,0,0,0,0,2,1,5,6,10,6,15,7,1,5,0
CRS3035RES200mN2531600E3919600,CRS3035RES1000mN2531000E3919000,CRS3035RES200mN2531600E3919600,0,0,69386,977.5,404,23,140,42,210,26,38594691.5,45031,400,4,275,90,29,10,0,12,31,28,69,112.5,78,163,196,101,134,65,0
CRS3035RES200mN2531600E3919800,CRS3035RES1000mN2531000E3919000,CRS3035RES200mN2531600E3919800,0,0,69386,904,438,25,181,23,247,36,33391459.4,37413,433,5,131,168,87,52,0,10,41,16,39.5,64,69.5,196,167,104,141,66,0
CRS3035RES200mN2531600E3920000,CRS3035RES1000mN2531000E3920000,CRS3035RES200mN2531600E3920000,0,0,69386,1266.5,628,46,276,30,363,51,46743803,53330,625,3,80,442,105,0,1,0,57.5,19,59.5,94,91.5,260,255,119,192,119,0
CRS3035RES200mN2531600E3920200,CRS3035RES1000mN2531000E3920000,CRS3035RES200mN2531600E3920200,0,0,69386,589.5,271,18,107,18,164,20,22334274,28128,263,8,84,171,0,16,0,0,30,13,27.5,50.5,47,104.5,104,58,93,62,0
CRS3035RES200mN2531600E3920400,CRS3035RES1000mN2531000E3920000,CRS3035RES200mN2531600E3920400,0,0,69386,137.5,76,8,41,3,52,4,6016301.4,9206,70,6,75,0,0,1,0,0,2,2,3.5,9,11,17,23,32,26,12,0
CRS3035RES200mN2531800E3915600,CRS3035RES1000mN2531000E3915000,CRS3035RES1000mN2531000E3915000,1,0,"69244,69389,69081",15,4.2,0.4,0.6,1.5,3.4,0,541817.4,449.1,1.2,3,1.5,0.3,2.2,0.2,0,0,0.7,0.5,1.3,1.9,1.8,1.8,3.1,2.5,0.9,0.5,0
CRS3035RES200mN2531800E3915800,CRS3035RES1000mN2531000E3915000,CRS3035RES1000mN2531000E3915000,0,0,69389,264,146,18,75,2,88,14,6736242.9,8906,141,5,14,106,1,25,0,0,17,1.5,20,5.5,16,105,45,19,23,12,0
CRS3035RES200mN2531800E3916000,CRS3035RES1000mN2531000E3916000,CRS3035RES1000mN2531000E3916000,0,0,69389,32.5,18,4,9,1,7,2,756551.1,1217,17,1,10,0,0,8,0,0,1,0,1,2.5,3,7,9,5,4,0,0
CRS3035RES200mN2531800E3916200,CRS3035RES1000mN2531000E3916000,CRS3035RES1000mN2531000E3916000,0,0,69389,589.5,280,70,124,19,79,27,14188679.2,17584,255,25,87,0,1,192,0,129,28.5,10,40,51.5,61.5,165,119,51,52,10,1
CRS3035RES200mN2531800E3916400,CRS3035RES1000mN2531000E3916000,CRS3035RES1000mN2531000E3916000,0,0,69389,1348.5,609,97,247,50,252,68,34497565.9,41909,604,5,6,1,133,469,0,110,85.5,46,103,111.5,92.5,391,265,98,109,47,0
CRS3035RES200mN2531800E3916600,CRS3035RES1000mN2531000E3916000,CRS3035RES1000mN2531000E3916000,0,0,69389,719,439,77,266,10,137,36,18505142.4,23701,437,2,141,3,12,283,0,46,34,15.5,23,36.5,67,298,136,52,45,12,0
CRS3035RES200mN2531800E3916800,CRS3035RES1000mN2531000E3916000,CRS3035RES1000mN2531000E3916000,0,0,69389,644.5,396,93,248,8,97,44,13887987.1,20884,395,1,277,53,21,45,0,68,30.5,16,33.5,35.5,57,234,116,56,43,23,0
CRS3035RES200mN2531800E3917000,CRS3035RES1000mN2531000E3917000,CRS3035RES1000mN2531000E3917000,0,0,"69389,69384",292,171,39,103,3,61,9,7456892.4,10294,171,0,158,7,0,6,0,3,24,4.5,10,6.5,21,126,38,24,27,11,0
CRS3035RES200mN2531800E3917200,CRS3035RES1000mN2531000E3917000,CRS3035RES1000mN2531000E3917000,0,0,"69384,69389",48,27,4,15,1,13,0,1473442.5,2142,27,0,7,0,0,20,0,0,2,1,2,3,6,11,12,3,5,3,0
CRS3035RES200mN2531800E3917400,CRS3035RES1000mN2531000E3917000,CRS3035RES1000mN2531000E3917000,0,0,69384,768.5,367,18,147,14,280,27,26919866.5,32462,365,2,1,1,365,0,0,0,25,15,31.5,61,47,124,157,99,157,52,0
CRS3035RES200mN2531800E3917600,CRS3035RES1000mN2531000E3917000,CRS3035RES1000mN2531000E3917000,1,0,69384,4,1.4,0.2,0.4,0.2,0.5,0,150102.1,130.8,1.3,0.1,0.2,0,0.1,1.1,0,0.5,0.2,0,0.6,0.4,0.3,0.3,1.3,0.3,0.6,0,0
CRS3035RES200mN2531800E3917800,CRS3035RES1000mN2531000E3917000,CRS3035RES1000mN2531000E3917000,0,0,"69384,69381",247,110,4,41,9,74,5,10885229.9,12269,102,8,13,0,20,77,0,0,7,3,21,25,15,26,50,18,59,23,0
CRS3035RES200mN2531800E3918000,CRS3035RES1000mN2531000E3918000,CRS3035RES200mN2531800E3918000,0,0,"69384,69381",568.5,287,42,139,17,146,29,18451171,22065,282,5,197,67,0,22,1,21,22,7,29,50,39.5,124,132,62,66,37,0
CRS3035RES200mN2531800E3918200,CRS3035RES1000mN2531000E3918000,CRS3035RES200mN2531800E3918200,0,0,"69384,69381",500.5,255,20,113,9,102,30,16103701.4,18942,252,3,233,2,0,20,0,1,23,15,20.5,44,27,130,125,45,48,23,0
CRS3035RES200mN2531800E3918400,CRS3035RES1000mN2531000E3918000,CRS3035RES200mN2531800E3918400,0,0,"69381,69384",913,500,70,257,12,166,38,26315190.3,31384,498,2,404,25,12,59,0,79,37,18.5,40,47,56,240.5,182,109,126,56,1
CRS3035RES200mN2531800E3918600,CRS3035RES1000mN2531000E3918000,CRS3035RES200mN2531800E3918600,0,0,"69381,69384",698,429,49,267,10,157,39,20828078.3,25848,429,0,255,5,129,40,0,86,19.5,12.5,27,54.5,36.5,144,116,63,89,136,0
CRS3035RES200mN2531800E3918800,CRS3035RES1000mN2531000E3918000,CRS3035RES200mN2531800E3918800,0,0,"69381,69384",772.5,428,49,221,8,159,31,24507872.1,30158,424,4,193,8,57,170,0,46,30,11,37,41,44.5,202,148,86,117,56,0
CRS3035RES200mN2531800E3919000,CRS3035RES1000mN2531000E3919000,CRS3035RES200mN2531800E3919000,0,0,"69381,69384",928.5,493,59,249,14,238,32,28792696.8,34282,493,0,332,0,113,48,0,51,40.5,20.5,31,69,61.5,247,206,88,105,60,0
CRS3035RES200mN2531800E3919200,CRS3035RES1000mN2531000E3919000,CRS3035RES200mN2531800E3919200,0,0,"69384,69381",684.5,332,48,133,12,167,30,21098115.1,26831,329,3,299,8,0,24,1,24,34,17,23.5,55.5,61.5,194,136,75,59,29,0
CRS3035RES200mN2531800E3919400,CRS3035RES1000mN2531000E3919000,CRS3035RES200mN2531800E3919400,0,0,"69384,69386,69381",28.5,14,1,5,1,8,2,897866,1134,14,0,0,14,0,0,0,0,1,0,0,2,4.5,8,6,3,3,1,0
CRS3035RES200mN2531800E3919600,CRS3035RES1000mN2531000E3919000,CRS3035RES200mN2531800E3919600,0,0,69386,519,233,14,88,18,122,16,20924718,25614,233,0,90,134,0,9,0,0,21,10,33.5,53,31.5,82,115,36,90,47,0
CRS3035RES200mN2531800E3919800,CRS3035RES1000mN2531000E3919000,CRS3035RES200mN2531800E3919800,0,0,69386,1437.5,652,56,247,39,337,49,52471296.5,60087,647,5,93,227,121,190,21,82,61.5,38,79.5,120.5,102,249,291,151,214,131,0
CRS3035RES200mN2531800E3920000,CRS3035RES1000mN2531000E3920000,CRS3035RES200mN2531800E3920000,0,0,69386,430.5,193,12,72,14,127,16,18205666.5,21017,192,1,20,156,5,12,0,0,16,7.5,20,39.5,37.5,66,79,62,62,41,0
CRS3035RES200mN2531800E3920200,CRS3035RES1000mN2531000E3920000,CRS3035RES200mN2531800E3920200,0,0,69386,113.5,52,4,19,4,35,3,4966324,6710,49,3,15,37,0,0,0,0,5,2,6,6.5,11,14,19,9,30,11,0
CRS3035RES200mN2532000E3915600,CRS3035RES1000mN2532000E3915000,CRS3035RES1000mN2532000E3915000,1,0,"69081,69244,69389",17,6.8,0.8,1.9,1.1,2.8,0.6,605019.5,773,3,3.8,3.8,0.8,1.1,1.1,0,0,0.3,0.5,1.4,1.9,1.6,3.3,3.8,1.9,1.7,0.6,0
CRS3035RES200mN2532000E3915800,CRS3035RES1000mN2532000E3915000,CRS3035RES1000mN2532000E3915000,0,0,"69389,69081,69244",324,184,31,100,3,81,13,8600688.2,10789,181,3,70,31,19,64,0,0,18,9.5,16,8.5,28,136,55,31,16,6,0
CRS3035RES200mN2532000E3916000,CRS3035RES1000mN2532000E3916000,CRS3035RES1000mN2532000E3916000,0,0,69389,495,238,58,129,21,59,25,10549939.3,13752,236,2,30,4,0,203,1,30,39,23,38,38,39,158,84,38,30,6,2
CRS3035RES200mN2532000E3916200,CRS3035RES1000mN2532000E3916000,CRS3035RES1000mN2532000E3916000,0,0,69389,126,68,7,36,3,20,3,3391936.9,3701,66,2,23,0,0,45,0,0,2,1,7,8,17,59,23,1,6,2,0
CRS3035RES200mN2532000E3916400,CRS3035RES1000mN2532000E3916000,CRS3035RES1000mN2532000E3916000,0,0,69389,598.5,322,46,171,13,77,33,14488400,18895,322,0,96,0,0,226,0,102,38,11,22.5,37.5,56.5,209,102,55,55,12,0
CRS3035RES200mN2532000E3916600,CRS3035RES1000mN2532000E3916000,CRS3035RES1000mN2532000E3916000,0,0,69389,559.5,314,63,172,11,59,24,13632532.5,18630,311,3,195,0,0,119,0,112,23.5,8,24,28,56,208,96,44,55,17,0
CRS3035RES200mN2532000E3916800,CRS3035RES1000mN2532000E3916000,CRS3035RES1000mN2532000E3916000,0,0,69389,697.5,447,80,286,6,119,30,18386999.6,25896,445,2,324,16,10,95,2,16,31,4,21.5,32,83,284,122,60,45,15,0
CRS3035RES200mN2532000E3917000,CRS3035RES1000mN2532000E3917000,CRS3035RES1000mN2532000E3917000,0,0,"69389,69384",163.5,89,8,40,1,27,8,4429408.5,6633,89,0,89,0,0,0,0,0,6,1.5,6,10,14,70,33,11,8,4,0
CRS3035RES200mN2532000E3917200,CRS3035RES1000mN2532000E3917000,CRS3035RES1000mN2532000E3917000,0,0,69384,251.5,118,18,59,13,57,17,6202404.2,8935,118,0,15,68,0,35,0,33,15,7,9.5,30,21,56,49,27,19,18,0
CRS3035RES200mN2532000E3917600,CRS3035RES1000mN2532000E3917000,CRS3035RES1000mN2532000E3917000,1,0,69384,4,2.6,0.7,1.8,0,0.3,0,102351.4,142.2,2.5,0.1,1.2,0,0,1.4,0,0,0,0,0.1,0.4,0.7,1.8,1,0,0,0,0
CRS3035RES200mN2532000E3917800,CRS3035RES1000mN2532000E3917000,CRS3035RES1000mN2532000E3917000,0,0,69384,612,281,25,113,24,165,21,20430187.3,28730,275,6,2,170,109,0,0,55,16,14.5,41.5,53.5,58.5,64,115,56,108,85,0
CRS3035RES200mN2532000E3918000,CRS3035RES1000mN2532000E3918000,CRS3035RES200mN2532000E3918000,0,0,69384,1083.5,546,36,226,18,322,68,34209842.4,42224,537,9,184,233,10,119,0,6,55.5,17.5,51,77.5,78,226,204,146,154,74,0
CRS3035RES200mN2532000E3918200,CRS3035RES1000mN2532000E3918000,CRS3035RES200mN2532000E3918200,0,0,69384,1010.5,480,58,198,23,234,69,30448327,35097,472,8,140,150,44,146,0,62,46,22.5,54.5,95.5,85,209,226,116,113,43,0
CRS3035RES200mN2532000E3918400,CRS3035RES1000mN2532000E3918000,CRS3035RES200mN2532000E3918400,0,0,69384,1267,658,62,317,13,338,55,39545186.9,43297,655,3,463,48,28,119,0,8,52,27.5,49,89,104.5,321,274,136,154,60,0
CRS3035RES200mN2532000E3918600,CRS3035RES1000mN2532000E3918000,CRS3035RES200mN2532000E3918600,0,0,69384,964.5,491,96,229,22,154,83,24404599.8,30710,489,2,238,177,16,60,0,188,37.5,24,70.5,79.5,73,211,182,118,126,43,0
CRS3035RES200mN2532000E3918800,CRS3035RES1000mN2532000E3918000,CRS3035RES200mN2532000E3918800,0,0,69384,895.5,502,66,260,18,193,41,26963860.6,31843,495,7,396,0,41,65,0,32,33.5,17,41,59,61,281,175,85,103,40,0
CRS3035RES200mN2532000E3919000,CRS3035RES1000mN2532000E3919000,CRS3035RES200mN2532000E3919000,0,0,"69384,69381",1547,812,131,411,32,321,76,44212396.4,48328,811,1,737,19,0,56,0,45,74.5,32,66.5,120.5,131.5,477,351,137,108,49,0
CRS3035RES200mN2532000E3919200,CRS3035RES1000mN2532000E3919000,CRS3035RES200mN2532000E3919200,0,0,69384,857.5,420,48,183,13,239,43,26133283.5,29760,411,9,285,116,0,19,0,6,41.5,27.5,45,70.5,62,196,218,76,80,41,0
CRS3035RES200mN2532000E3919400,CRS3035RES1000mN2532000E3919000,CRS3035RES200mN2532000E3919400,0,0,"69384,69386",282.5,136,10,57,9,88,9,9590204.9,11849,133,3,77,9,15,35,0,1,15,8,13.5,13,20,86,36,42,42,7,0
CRS3035RES200mN2532000E3919800,CRS3035RES1000mN2532000E3919000,CRS3035RES200mN2532000E3919800,0,0,69386,475.5,208,10,60,15,145,16,21140794.8,26656,205,3,33,163,11,1,0,0,26,12.5,21,33,31,74,71,57,85,65,0
CRS3035RES200mN2532000E3920000,CRS3035RES1000mN2532000E3920000,CRS3035RES1000mN2532000E3920000,1,0,69386,48,24.2,1.9,8.4,0.9,16.8,1.9,1947944.4,2958.3,21.4,2.8,3.7,20.5,0,0,0,0,1.9,0,1.9,1.4,3.7,3.7,7.4,8.4,8.4,11.2,0
CRS3035RES200mN2532200E3915800,CRS3035RES1000mN2532000E3915000,CRS3035RES1000mN2532000E3915000,0,0,"69081,69389",95,36,13,13,6,5,8,1618808.4,2535,35,1,5,1,0,30,0,30,11,5.5,12,8.5,5,21,19,7,5,1,0
CRS3035RES200mN2532200E3916000,CRS3035RES1000mN2532000E3916000,CRS3035RES1000mN2532000E3916000,0,0,"69389,69081",106.5,54,12,26,3,9,12,2139822,3341,51,3,14,13,0,27,0,26,6,1,5,9,16.5,31,18,7,10,3,0
CRS3035RES200mN2532200E3916200,CRS3035RES1000mN2532000E3916000,CRS3035RES1000mN2532000E3916000,0,0,69389,98,38,12,16,7,8,8,1776687.2,2576,35,3,12,12,0,14,0,14,2,6,11,16,8,13,26,10,2,4,0
CRS3035RES200mN2532200E3916400,CRS3035RES1000mN2532000E3916000,CRS3035RES1000mN2532000E3916000,0,0,69389,637.5,291,95,150,30,69,41,13178149.6,16059,287,4,78,27,0,186,0,90,52,26.5,60.5,63.5,67,193,95,51,19,10,0
CRS3035RES200mN2532200E3916600,CRS3035RES1000mN2532000E3916000,CRS3035RES1000mN2532000E3916000,0,0,69389,490,267,51,150,12,78,21,12378988.9,16570,263,4,122,24,1,118,2,36,14,11.5,36,32.5,50,174,100,34,22,9,7
CRS3035RES200mN2532200E3916800,CRS3035RES1000mN2532000E3916000,CRS3035RES1000mN2532000E3916000,0,0,69389,509.5,284,54,171,20,61,23,11980450.9,15415,280,4,95,0,0,189,0,101,19,8,31,35,64.5,181,104,30,25,12,0
CRS3035RES200mN2532200E3917200,CRS3035RES1000mN2532000E3917000,CRS3035RES1000mN2532000E3917000,0,0,69384,480.5,242,40,116,8,129,21,13106986,18503,240,2,43,100,22,77,0,38,17.5,14.5,24.5,39,37,116,104,46,56,25,1
CRS3035RES200mN2532200E3917400,CRS3035RES1000mN2532000E3917000,CRS3035RES1000mN2532000E3917000,0,0,69384,280,160,30,93,5,52,8,8344178.4,13069,160,0,0,91,69,0,0,91,8,6,15,22,12,27,59,37,66,28,0
CRS3035RES200mN2532200E3917600,CRS3035RES1000mN2532000E3917000,CRS3035RES1000mN2532000E3917000,0,0,69384,274.5,140,14,50,2,52,24,8540879.2,10516,138,2,4,58,14,64,0,44,6,6.5,11,24,20,46,62,32,48,19,0
CRS3035RES200mN2532200E3917800,CRS3035RES1000mN2532000E3917000,CRS3035RES1000mN2532000E3917000,0,0,69384,422,223,43,111,10,106,29,12725851.6,20698,222,1,27,83,113,0,0,70,12.5,8,25,37.5,24,42,72,40,97,64,0
CRS3035RES200mN2532200E3918000,CRS3035RES1000mN2532000E3918000,CRS3035RES200mN2532200E3918000,0,0,69384,424,203,8,80,9,135,25,14581093.9,17622,197,6,60,54,50,39,0,0,15,9.5,29.5,30,31,66,81,53,73,36,0
CRS3035RES200mN2532200E3918200,CRS3035RES1000mN2532000E3918000,CRS3035RES200mN2532200E3918200,0,0,69384,605.5,290,17,123,12,170,35,18400281.1,21990,277,13,66,90,55,79,0,8,20,12.5,45,56,43,102,162,61,71,33,0
CRS3035RES200mN2532200E3918400,CRS3035RES1000mN2532000E3918000,CRS3035RES200mN2532200E3918400,0,0,69384,738.5,338,15,133,22,197,32,26544143.7,27468,329,9,119,0,83,136,0,1,47.5,24,41.5,60.5,49,135,164,69,107,41,0
CRS3035RES200mN2532200E3918600,CRS3035RES1000mN2532000E3918000,CRS3035RES200mN2532200E3918600,0,0,69384,956.5,445,45,177,22,203,56,29886525.6,33443,444,1,141,0,29,275,0,60,51,35,41.5,78,74,189,217,122,101,48,0
CRS3035RES200mN2532200E3918800,CRS3035RES1000mN2532000E3918000,CRS3035RES200mN2532200E3918800,0,0,69384,967,537,68,287,12,184,43,28408518.6,32638,521,16,396,0,4,137,0,53,41,12,27.5,62.5,92,264,196,102,133,37,0
CRS3035RES200mN2532200E3919000,CRS3035RES1000mN2532000E3919000,CRS3035RES200mN2532200E3919000,0,0,69384,1415.5,742,102,353,21,322,106,40047809.6,45636,737,5,610,0,12,120,0,48,66.5,27,71,114,120,406,334,132,110,35,0
CRS3035RES200mN2532200E3919200,CRS3035RES1000mN2532000E3919000,CRS3035RES200mN2532200E3919200,0,0,69384,989,494,62,229,13,277,51,29835689.2,33772,487,7,190,149,49,106,0,48,36.5,20,53.5,83,72,207,246,122,99,50,0
CRS3035RES200mN2532200E3919400,CRS3035RES1000mN2532000E3919000,CRS3035RES200mN2532200E3919400,0,0,69384,265.5,137,20,61,3,68,11,8543578.7,10828,135,2,123,9,0,5,0,0,8,5,14,10,24.5,94,45,28,25,12,0
CRS3035RES200mN2532200E3920400,CRS3035RES1000mN2532000E3920000,CRS3035RES1000mN2532000E3920000,1,0,69386,3.5,1.8,0.1,0.6,0.1,1.2,0.1,142037.6,215.7,1.6,0.2,0.3,1.5,0,0,0,0,0.1,0,0.1,0.1,0.3,0.3,0.6,0.6,0.6,0.8,0
CRS3035RES200mN2532200E3921000,CRS3035RES1000mN2532000E3921000,CRS3035RES1000mN2532000E3921000,0,0,"69266,69386",444,210,84,109,25,0,36,6717601.8,10897,210,0,68,0,142,0,0,98,26,19,39.5,49.5,43,89,88,43,40,7,0
CRS3035RES200mN2532400E3915800,CRS3035RES1000mN2532000E3915000,CRS3035RES1000mN2532000E3915000,0,0,"69081,69389",143.5,54,4,10,5,39,9,5091215.3,5306,41,13,5,0,34,15,0,13,2,1,9,19,18.5,6,36,31,19,2,0
CRS3035RES200mN2532400E3916000,CRS3035RES1000mN2532000E3916000,CRS3035RES1000mN2532000E3916000,0,0,"69389,69081",140,70,22,34,5,6,15,2632230.7,3899,65,5,0,56,0,14,0,0,12,4.5,12,7.5,7,34,24,19,13,7,0
CRS3035RES200mN2532400E3916200,CRS3035RES1000mN2532000E3916000,CRS3035RES1000mN2532000E3916000,1,0,69389,9,3.1,0.3,1,0.5,1.8,0,358578.6,427.6,1,2.1,2.8,0,0,0,0.3,0,0,0,0,0.3,2,2.6,2.1,1.5,0.5,0,0
CRS3035RES200mN2532400E3916400,CRS3035RES1000mN2532000E3916000,CRS3035RES1000mN2532000E3916000,0,0,69389,248,127,26,65,5,51,9,6148558.3,7425,123,4,20,16,0,91,0,20,13.5,10,19.5,16,15,91,45,15,18,5,0
CRS3035RES200mN2532400E3916600,CRS3035RES1000mN2532000E3916000,CRS3035RES1000mN2532000E3916000,0,0,69389,648,422,78,276,6,100,23,16139165,22052,418,4,226,64,0,131,1,4,33,7.5,13.5,22,72,288,100,39,47,19,7
CRS3035RES200mN2532400E3916800,CRS3035RES1000mN2532000E3916000,CRS3035RES1000mN2532000E3916000,0,0,69389,1426,690,108,309,39,221,76,37085044.2,47480,688,2,180,23,76,411,0,147,82.5,33,89.5,107,126,437,282,127,102,40,0
CRS3035RES200mN2532400E3917000,CRS3035RES1000mN2532000E3917000,CRS3035RES1000mN2532000E3917000,0,0,"69389,69384",283,138,8,54,3,87,13,8931491.2,10930,138,0,33,19,22,63,1,1,16,6.5,10,17,18.5,83,58,29,32,13,0
CRS3035RES200mN2532400E3917200,CRS3035RES1000mN2532000E3917000,CRS3035RES1000mN2532000E3917000,0,0,"69384,69389",279.5,152,8,71,1,90,14,9013713.2,11744,147,5,0,43,45,63,1,0,11.5,5,10.5,16.5,13,77,52,29,44,21,0
CRS3035RES200mN2532400E3917400,CRS3035RES1000mN2532000E3917000,CRS3035RES1000mN2532000E3917000,0,0,69384,302,146,10,58,5,91,20,8869106,10498,119,27,23,123,0,0,0,0,18,9,17.5,23,18.5,49,64,32,50,21,0
CRS3035RES200mN2532400E3917600,CRS3035RES1000mN2532000E3917000,CRS3035RES1000mN2532000E3917000,0,0,69384,219,110,6,44,6,77,14,7940378.8,9113,90,20,19,52,0,39,0,0,4.5,4,5.5,20.5,18.5,32,48,29,41,16,0
CRS3035RES200mN2532400E3917800,CRS3035RES1000mN2532000E3917000,CRS3035RES1000mN2532000E3917000,0,0,69384,681.5,333,91,145,22,3,74,12216876.2,23211,331,2,58,98,177,0,0,329,27,12,38.5,69,44,92,120,109,124,46,0
CRS3035RES200mN2532400E3918000,CRS3035RES1000mN2532000E3918000,CRS3035RES200mN2532400E3918000,0,0,69384,261.5,119,10,44,6,86,12,8677332.6,10141,118,1,2,78,27,12,0,0,15,7,15.5,22,13,34,55,22,54,24,0
CRS3035RES200mN2532400E3918200,CRS3035RES1000mN2532000E3918000,CRS3035RES200mN2532400E3918200,0,0,69384,477,225,11,89,7,148,15,16799665.3,17820,224,1,2,106,21,96,0,0,20.5,5,25,35.5,43,87,96,63,62,40,0
CRS3035RES200mN2532400E3918400,CRS3035RES1000mN2532000E3918000,CRS3035RES200mN2532400E3918400,0,0,69384,848.5,422,32,184,21,228,39,27413566.5,33478,414,8,26,75,104,217,0,29,31.5,24,47,58,63,160,160,91,135,79,0
CRS3035RES200mN2532400E3918600,CRS3035RES1000mN2532000E3918000,CRS3035RES200mN2532400E3918600,0,0,69384,618,320,33,156,9,110,34,15789718.3,21230,312,8,90,110,33,87,0,134,26,4,37.5,41,43.5,124,143,74,79,46,0
CRS3035RES200mN2532400E3918800,CRS3035RES1000mN2532000E3918000,CRS3035RES200mN2532400E3918800,0,0,69384,614,349,50,200,10,120,30,16684403.2,19463,338,11,287,1,8,53,0,39,21.5,15.5,29,32.5,58.5,197,131,60,54,15,0
CRS3035RES200mN2532400E3919000,CRS3035RES1000mN2532000E3919000,CRS3035RES200mN2532400E3919000,0,0,69384,1029,527,67,254,12,238,59,30770347.6,33990,520,7,324,0,0,203,0,40,53.5,27,50,76,74.5,273,216,118,100,41,0
CRS3035RES200mN2532400E3919200,CRS3035RES1000mN2532000E3919000,CRS3035RES200mN2532400E3919200,0,0,69384,701,347,27,149,15,220,39,23309977.5,24659,343,4,208,27,37,75,0,0,27,14,44.5,55,47.5,144,155,95,91,28,0
CRS3035RES200mN2532400E3919400,CRS3035RES1000mN2532000E3919000,CRS3035RES200mN2532400E3919400,0,0,"69384,69034",510,292,69,180,8,125,13,15736019.6,18645,288,4,76,128,0,88,0,6,26,10,31,27,66,148,89,34,54,25,0
CRS3035RES200mN2532400E3919600,CRS3035RES1000mN2532000E3919000,CRS3035RES200mN2532400E3919600,0,0,"69034,69384,69386",181.5,97,11,50,2,49,9,5293675.8,6883,97,0,42,24,31,0,0,0,6,4,8,14,16.5,53,36,20,20,4,0
CRS3035RES200mN2532600E3915600,CRS3035RES1000mN2532000E3915000,CRS3035RES1000mN2532000E3915000,0,0,"69081,69389",89,30,3,8,6,26,3,3284811.4,3732,4,26,8,15,5,2,0,0,6,2,7,12,10,12,20,8,10,2,0
CRS3035RES200mN2532600E3915800,CRS3035RES1000mN2532000E3915000,CRS3035RES1000mN2532000E3915000,0,0,"69389,69081",521,181,92,58,37,2,28,7665754.2,10767,180,1,0,180,1,0,0,179,21,19,56.5,74,35.5,82,98,56,49,22,8
CRS3035RES200mN2532600E3916000,CRS3035RES1000mN2532000E3916000,CRS3035RES1000mN2532000E3916000,1,0,69389,6,2.1,0.2,0.7,0.3,1.2,0,239052.4,285.1,0.7,1.4,1.9,0,0,0,0.2,0,0,0,0,0.2,1.4,1.7,1.4,1,0.3,0,0
CRS3035RES200mN2532600E3916200,CRS3035RES1000mN2532000E3916000,CRS3035RES1000mN2532000E3916000,0,0,69389,119.5,71,13,49,5,15,3,2589991.7,3951,69,2,65,0,0,6,0,11,6.5,1,7,4,9,44,19,9,18,2,0
CRS3035RES200mN2532600E3916400,CRS3035RES1000mN2532000E3916000,CRS3035RES1000mN2532000E3916000,0,0,69389,141,83,14,55,5,21,3,3329035,4391,80,3,63,0,9,11,0,18,5,2.5,4,11.5,11,55,24,13,10,5,0
CRS3035RES200mN2532600E3916600,CRS3035RES1000mN2532000E3916000,CRS3035RES1000mN2532000E3916000,0,0,69389,106,58,19,29,4,11,7,2252159.9,3031,57,1,49,9,0,0,0,25,3,0,3,7,11,36,17,9,17,3,0
CRS3035RES200mN2532600E3916800,CRS3035RES1000mN2532000E3916000,CRS3035RES1000mN2532000E3916000,0,0,69389,1242,704,113,389,19,190,58,31632714.6,40839,704,0,151,11,16,526,0,126,51,23,53,63,146,511,199,96,76,24,0
CRS3035RES200mN2532600E3917000,CRS3035RES1000mN2532000E3917000,CRS3035RES1000mN2532000E3917000,0,0,69389,17,11,2,7,0,3,1,508859.2,765,11,0,1,10,0,0,0,0,0,1,0,0,3,7,2,1,3,0,0
CRS3035RES200mN2532600E3917200,CRS3035RES1000mN2532000E3917000,CRS3035RES1000mN2532000E3917000,0,0,"69384,69389",183,84,9,26,1,39,9,6509965.9,7824,84,0,21,0,1,62,0,1,15,4,8.5,9,14,61.5,34,14,20,3,0
CRS3035RES200mN2532600E3917400,CRS3035RES1000mN2532000E3917000,CRS3035RES1000mN2532000E3917000,0,0,69384,37.5,21,5,10,0,12,3,1191767,2251,16,5,21,0,0,0,0,0,3,0,0,0,2.5,17,5,4,5,1,0
CRS3035RES200mN2532600E3917600,CRS3035RES1000mN2532000E3917000,CRS3035RES1000mN2532000E3917000,0,0,69384,257,121,8,46,7,78,12,7868879.9,9979,115,6,6,45,70,0,0,0,12,4,11.5,22.5,19,34,52,30,44,28,0
CRS3035RES200mN2532600E3917800,CRS3035RES1000mN2532000E3917000,CRS3035RES1000mN2532000E3917000,0,0,69384,250,87,21,27,21,0,17,4622417.2,7472,87,0,0,87,0,0,0,87,5,13,26,39,22,22,50,31,29,13,0
CRS3035RES200mN2532600E3918000,CRS3035RES1000mN2532000E3918000,CRS3035RES200mN2532600E3918000,0,0,69384,275,120,9,40,10,58,15,8666741.8,9329,116,4,2,38,0,80,0,10,8.5,6.5,22,32,21,49,65,29,30,12,0
CRS3035RES200mN2532600E3918200,CRS3035RES1000mN2532000E3918000,CRS3035RES200mN2532600E3918200,0,0,69384,322,157,10,61,6,92,15,9905254.9,11573,155,2,1,74,18,64,0,13,16,4,17,27.5,17.5,73,69,40,31,27,0
CRS3035RES200mN2532600E3918400,CRS3035RES1000mN2532000E3918000,CRS3035RES200mN2532600E3918400,0,0,69384,881.5,406,82,169,37,21,81,18388595.5,26432,406,0,18,316,0,72,0,376,34.5,21.5,85.5,101,53,141,197,82,123,43,0
CRS3035RES200mN2532600E3918600,CRS3035RES1000mN2532000E3918000,CRS3035RES200mN2532600E3918600,0,0,69384,334,177,23,98,8,57,14,9398279.1,12139,168,9,6,66,84,20,1,89,17,7,11.5,19.5,34,44,56,41,45,59,0
CRS3035RES200mN2532600E3918800,CRS3035RES1000mN2532000E3918000,CRS3035RES200mN2532600E3918800,0,0,"69384,69034",178.5,109,12,72,0,24,11,4826238.6,6256,107,2,95,0,0,14,0,14,7,2,9.5,10.5,13.5,50,44,16,19,7,0
CRS3035RES200mN2532600E3919000,CRS3035RES1000mN2532000E3919000,CRS3035RES200mN2532600E3919000,0,0,"69384,69034",757.5,394,55,198,14,145,38,22004298.9,26354,384,10,55,16,49,274,0,68,33.5,16.5,45.5,42,76.5,175.5,158,82,94,34,0
CRS3035RES200mN2532600E3919200,CRS3035RES1000mN2532000E3919000,CRS3035RES200mN2532600E3919200,0,0,"69384,69034",621.5,287,41,126,17,128,35,17413096.3,19739,269,18,141,0,17,129,0,66,22.5,7,43,69,63,139,162,70,38,8,0
CRS3035RES200mN2532600E3919400,CRS3035RES1000mN2532000E3919000,CRS3035RES200mN2532600E3919400,0,0,"69034,69384",640.5,317,33,150,13,202,33,18800042.2,20435,296,21,245,39,5,28,0,7,35.5,13.5,27,52,59.5,187,152,68,35,11,0
CRS3035RES200mN2532600E3919800,CRS3035RES1000mN2532000E3919000,CRS3035RES200mN2532600E3919800,0,0,"69034,69386",39,16,1,7,2,14,1,1534664.4,1839,16,0,16,0,0,0,0,0,2,2,3,3,5,8,12,3,1,0,0
CRS3035RES200mN2532600E3920200,CRS3035RES1000mN2532000E3920000,CRS3035RES1000mN2532000E3920000,0,0,69386,252,119,2,31,4,101,7,10963003.3,14213,119,0,0,0,0,119,0,0,6,0,5,16,20,21,46,48,74,16,0
CRS3035RES200mN2532800E3915600,CRS3035RES1000mN2532000E3915000,CRS3035RES1000mN2532000E3915000,0,0,"69081,69389",141,70,8,38,5,15,7,4128264.3,5905,55,15,5,17,48,0,0,55,3,2,7,16,12,13,34,22,22,10,0
CRS3035RES200mN2532800E3915800,CRS3035RES1000mN2532000E3915000,CRS3035RES1000mN2532000E3915000,0,0,69389,856.5,385,146,170,44,51,61,13813763.6,21018,385,0,0,385,0,0,0,293,59.5,32.5,64.5,67,57,183,135,81,124,53,0
CRS3035RES200mN2532800E3916000,CRS3035RES1000mN2532000E3916000,CRS3035RES1000mN2532000E3916000,0,0,69389,588.5,254,64,103,19,83,40,11037886,18558,253,1,1,253,0,0,0,106,41,19.5,41.5,46.5,51,111,98,76,78,26,0
CRS3035RES200mN2532800E3916200,CRS3035RES1000mN2532000E3916000,CRS3035RES1000mN2532000E3916000,1,0,69389,20,6.9,0.6,2.3,1.1,4,0,796841.3,950.3,2.3,4.6,6.3,0,0,0,0.6,0,0,0,0,0.6,4.6,5.7,4.6,3.4,1.1,0,0
CRS3035RES200mN2532800E3917200,CRS3035RES1000mN2532000E3917000,CRS3035RES1000mN2532000E3917000,1,0,"69389,69384",13,8.5,2.2,5.8,0,0.9,0,332642.1,462.2,8.1,0.4,4,0,0,4.5,0,0,0,0,0.5,1.4,2.2,5.8,3.1,0,0,0,0
CRS3035RES200mN2532800E3917400,CRS3035RES1000mN2532000E3917000,CRS3035RES1000mN2532000E3917000,0,0,"69384,69389",264,126,16,52,8,79,16,8420526.1,11372,124,2,21,0,105,0,0,14,8,6,11,24.5,24.5,47,59,25,43,16,0
CRS3035RES200mN2532800E3917600,CRS3035RES1000mN2532000E3917000,CRS3035RES1000mN2532000E3917000,0,0,69384,178,93,21,43,3,35,18,3880700.9,5447,92,1,1,92,0,0,0,31,9,7.5,12,13,6.5,61,31,17,12,9,0
CRS3035RES200mN2532800E3917800,CRS3035RES1000mN2532000E3917000,CRS3035RES1000mN2532000E3917000,1,0,69384,12,7.9,2.1,5.4,0,0.8,0,307054.2,426.6,7.5,0.4,3.7,0,0,4.2,0,0,0,0,0.4,1.2,2.1,5.4,2.9,0,0,0,0
CRS3035RES200mN2532800E3918000,CRS3035RES1000mN2532000E3918000,CRS3035RES200mN2532800E3918000,0,0,69384,411,149,24,43,19,44,32,8938021,12010,142,7,2,52,60,35,0,60,20,13,42.5,79.5,26,57,103,33,20,17,0
CRS3035RES200mN2532800E3918200,CRS3035RES1000mN2532000E3918000,CRS3035RES200mN2532800E3918200,0,0,69384,986,432,36,156,25,220,47,30305532.3,34174,430,2,0,40,136,256,0,62,45,27,60.5,98,91,201.5,227,89,98,49,0
CRS3035RES200mN2532800E3918400,CRS3035RES1000mN2532000E3918000,CRS3035RES200mN2532800E3918400,0,0,"69384,69034",268.5,112,3,28,10,85,5,11169740.5,11866,72,40,19,7,0,86,0,0,8,4,10,29,20.5,41,50,45,46,15,0
CRS3035RES200mN2532800E3918600,CRS3035RES1000mN2532000E3918000,CRS3035RES200mN2532800E3918600,0,0,"69034,69384",130,55,3,17,4,21,9,4072384.8,3974,41,14,11,3,1,40,0,14,6.5,3,9,12.5,16,32,34,6,10,1,0
CRS3035RES200mN2532800E3918800,CRS3035RES1000mN2532000E3918000,CRS3035RES200mN2532800E3918800,0,0,"69034,69384",249.5,124,17,53,4,73,11,7951490.9,8527,123,1,34,2,8,80,0,0,9.5,3,11.5,18.5,22,49,67,23,35,11,0
CRS3035RES200mN2532800E3919200,CRS3035RES1000mN2532000E3919000,CRS3035RES200mN2532800E3919200,0,0,"69034,69384",200,90,5,28,3,67,13,6298530.6,6998,90,0,0,0,71,19,0,0,12,3,13.5,11,15.5,48,32,21,37,7,0
CRS3035RES200mN2532800E3920200,CRS3035RES1000mN2532000E3920000,CRS3035RES1000mN2532000E3920000,0,0,"69386,69034",262,111,10,35,5,41,13,9657810.9,9346,111,0,0,0,0,111,0,0,15.5,8,21.5,20.5,23.5,59,66,17,21,10,0
CRS3035RES200mN2533000E3915600,CRS3035RES1000mN2533000E3915000,CRS3035RES1000mN2533000E3915000,0,0,"69081,69389",184,66,14,22,16,6,10,3727851.1,4347,60,6,3,61,1,1,0,60,7,3,25,38,12,19,42,17,12,9,0
CRS3035RES200mN2533000E3915800,CRS3035RES1000mN2533000E3915000,CRS3035RES1000mN2533000E3915000,0,0,"69389,69081",114.5,48,2,17,4,36,7,2745506.7,3321,48,0,0,0,0,48,0,0,11.5,1,6.5,12.5,11,46,20,4,2,0,0
CRS3035RES200mN2533000E3916000,CRS3035RES1000mN2533000E3916000,CRS3035RES1000mN2533000E3916000,0,0,69389,347,179,23,81,6,138,18,8405292.1,13525,179,0,0,179,0,0,0,0,13,6,16.5,30.5,23,70,59,31,55,43,0
CRS3035RES200mN2533000E3916200,CRS3035RES1000mN2533000E3916000,CRS3035RES1000mN2533000E3916000,0,0,69389,426,177,41,73,18,37,27,8411689.6,12021,177,0,0,0,93,84,0,90,30.5,15,45.5,42,28,118,87,37,21,2,0
CRS3035RES200mN2533000E3916400,CRS3035RES1000mN2533000E3916000,CRS3035RES1000mN2533000E3916000,1,0,69389,25,6.8,0.6,0,1.7,5.7,0.6,807241.5,947.2,0.6,6.2,4,1.7,0.5,0.6,0,0,5.1,0.5,1.1,3.4,0.6,4,5.7,2.3,2.3,0,0
CRS3035RES200mN2533000E3916600,CRS3035RES1000mN2533000E3916000,CRS3035RES1000mN2533000E3916000,0,0,69389,30,15,0,7,0,11,1,692862.7,1036,10,5,0,10,5,0,0,0,0,1,2,3,3,8,7,3,1,2,0
CRS3035RES200mN2533000E3917000,CRS3035RES1000mN2533000E3917000,CRS3035RES1000mN2533000E3917000,0,0,69389,359.5,170,31,74,9,61,16,9087373.6,10941,170,0,0,0,45,125,0,50,23,11,21.5,37.5,20.5,126,73,16,21,10,0
CRS3035RES200mN2533000E3917200,CRS3035RES1000mN2533000E3917000,CRS3035RES1000mN2533000E3917000,0,0,69389,972,431,72,166,27,120,62,22003517.9,30676,431,0,0,0,109,321,1,199,67.5,36.5,80.5,72,52.5,295,187,79,80,22,0
CRS3035RES200mN2533000E3917400,CRS3035RES1000mN2533000E3917000,CRS3035RES1000mN2533000E3917000,1,0,"69389,69384",17,6.6,1.1,1.9,0.6,3.6,1.7,569708.4,598.3,4.5,2.1,5.6,0.8,0,0.2,0,1.5,1.7,0.9,1.3,2.2,0.4,3.4,3.2,2.4,0.6,0.9,0
CRS3035RES200mN2533000E3917600,CRS3035RES1000mN2533000E3917000,CRS3035RES1000mN2533000E3917000,1,0,69384,26,10.1,1.6,2.9,1,5.6,2.6,871318.8,915.1,6.8,3.3,8.5,1.3,0,0.3,0,2.3,2.6,1.3,2,3.4,0.7,5.2,4.9,3.6,1,1.3,0
CRS3035RES200mN2533000E3917800,CRS3035RES1000mN2533000E3917000,CRS3035RES1000mN2533000E3917000,0,0,69384,230,101,5,30,5,56,18,9639580.4,9909,101,0,0,0,0,101,0,0,6,1,12.5,24,22.5,32,52,46,32,2,0
CRS3035RES200mN2533000E3918000,CRS3035RES1000mN2533000E3918000,CRS3035RES1000mN2533000E3918000,0,0,69384,184.5,56,3,8,11,20,5,5657789.4,5605,3,53,3,0,1,52,0,0,2,6,19.5,28,22,21,53,25,8,0,0
CRS3035RES200mN2533000E3918200,CRS3035RES1000mN2533000E3918000,CRS3035RES1000mN2533000E3918000,0,0,"69384,69034",202.5,116,15,70,2,47,2,6724595.8,7220,101,15,17,45,0,54,0,53,8,3,9.5,7,10,27,27,31,35,45,0
CRS3035RES200mN2533000E3918400,CRS3035RES1000mN2533000E3918000,CRS3035RES1000mN2533000E3918000,0,0,"69034,69384",294,128,4,37,9,105,7,11420135,12939,91,37,23,6,88,11,0,0,5,8,20.5,29.5,13,31,53,36,67,31,0
CRS3035RES200mN2533000E3920200,CRS3035RES1000mN2533000E3920000,CRS3035RES1000mN2533000E3920000,0,0,"69034,69386",331.5,170,40,79,8,54,23,7958967.5,11554,170,0,67,52,38,13,0,53,12,7.5,27,18,25,78,78,32,32,15,7
CRS3035RES200mN2533200E3915800,CRS3035RES1000mN2533000E3915000,CRS3035RES1000mN2533000E3915000,0,0,"69389,69081",164.5,66,8,20,8,55,7,3786327.8,4564,63,3,0,0,1,65,0,2,12,7,12,10,16.5,59,33,11,4,0,0
CRS3035RES200mN2533200E3916000,CRS3035RES1000mN2533000E3916000,CRS3035RES1000mN2533000E3916000,0,0,69389,513.5,247,33,118,21,152,26,12122974.4,17472,246,1,0,0,80,167,0,42,23,21.5,31,53.5,40.5,134,110,37,53,10,0
CRS3035RES200mN2533200E3916200,CRS3035RES1000mN2533000E3916000,CRS3035RES1000mN2533000E3916000,0,0,69389,27,11,0,4,0,0,1,837877.4,985,11,0,0,11,0,0,0,0,1,0,2,4,1,2,9,7,1,0,0
CRS3035RES200mN2533200E3916600,CRS3035RES1000mN2533000E3916000,CRS3035RES1000mN2533000E3916000,0,0,69389,373,225,13,127,6,175,18,10024351.2,16286,224,1,0,0,224,1,0,1,10,4.5,12.5,17,14,80,66,54,61,54,0
CRS3035RES200mN2533200E3916800,CRS3035RES1000mN2533000E3916000,CRS3035RES1000mN2533000E3916000,0,0,69389,400,201,52,102,10,81,19,8594217.6,13351,183,18,0,97,22,82,0,90,18,13,28,39,23,68,83,37,72,19,0
CRS3035RES200mN2533200E3917000,CRS3035RES1000mN2533000E3917000,CRS3035RES1000mN2533000E3917000,0,0,69389,55,17,5,2,4,0,3,915557.4,1115,17,0,0,17,0,0,0,0,2,3,6,8,3,11,9,1,10,2,0
CRS3035RES200mN2533200E3917200,CRS3035RES1000mN2533000E3917000,CRS3035RES1000mN2533000E3917000,0,0,69389,606.5,322,71,167,14,49,37,14689527.1,18248,320,2,56,0,0,266,0,88,42,18.5,37.5,42.5,50,237,107,52,18,2,0
CRS3035RES200mN2533200E3917400,CRS3035RES1000mN2533000E3917000,CRS3035RES1000mN2533000E3917000,1,0,"69389,69384",14,5.5,0.9,1.6,0.5,3,1.4,469171.7,492.7,3.7,1.8,4.6,0.7,0,0.2,0,1.2,1.4,0.7,1.1,1.9,0.4,2.8,2.6,1.9,0.5,0.7,0
CRS3035RES200mN2533200E3917800,CRS3035RES1000mN2533000E3917000,CRS3035RES1000mN2533000E3917000,0,0,69384,181.5,103,8,56,2,54,13,5909348.5,7194,102,1,0,0,75,28,0,0,4,1,12,17,15.5,37,51,26,13,5,0
CRS3035RES200mN2533200E3918000,CRS3035RES1000mN2533000E3918000,CRS3035RES1000mN2533000E3918000,1,0,"69384,69034",56.5,21.4,0,4.9,2.5,20.6,0.8,2327319.2,2640.2,4.9,16.5,12.3,4.1,2.5,2.5,0,0,6.6,1.6,2.5,3.7,2.5,12.4,11.5,6.6,6.6,2.5,0
CRS3035RES200mN2533200E3918200,CRS3035RES1000mN2533000E3918000,CRS3035RES1000mN2533000E3918000,1,0,"69034,69384",12,4.6,0,1.1,0.5,4.4,0.2,494297.9,560.8,1.1,3.5,2.7,0.9,0.5,0.5,0,0,1.4,0.4,0.5,0.8,0.5,2.6,2.5,1.4,1.4,0.5,0
CRS3035RES200mN2533400E3915400,CRS3035RES1000mN2533000E3915000,CRS3035RES1000mN2533000E3915000,0,0,"69389,69081",182,67,24,21,15,3,11,3252703.5,4799,58,9,3,0,1,63,0,51,7,5,16,27,20,20,39,18,24,6,0
CRS3035RES200mN2533400E3915600,CRS3035RES1000mN2533000E3915000,CRS3035RES1000mN2533000E3915000,0,0,"69389,69081",533,209,56,76,29,83,28,10598488.5,14080,197,12,5,77,3,124,0,105,39.5,20,51,46.5,50,137,103,50,32,4,0
CRS3035RES200mN2533400E3915800,CRS3035RES1000mN2533000E3915000,CRS3035RES1000mN2533000E3915000,0,0,"69389,69081",289,128,50,71,19,2,9,4762608.4,6181,127,1,0,0,1,127,0,41,22,9,30,34,43,79,45,16,9,2,0
CRS3035RES200mN2533400E3916000,CRS3035RES1000mN2533000E3916000,CRS3035RES1000mN2533000E3916000,0,0,69389,687.5,279,60,124,42,85,28,13338528.6,18184,279,0,0,0,0,279,0,168,27.5,19,64,75,68,150,138,64,57,25,0
CRS3035RES200mN2533400E3916400,CRS3035RES1000mN2533000E3916000,CRS3035RES1000mN2533000E3916000,0,0,69389,765.5,307,114,121,46,0,43,12196989.9,17877,307,0,1,306,0,0,0,305,39,21.5,66,81.5,55.5,121,161,88,93,39,0
CRS3035RES200mN2533400E3916600,CRS3035RES1000mN2533000E3916000,CRS3035RES1000mN2533000E3916000,0,0,69389,290,151,12,70,4,120,15,7658672.1,11735,151,0,0,151,0,0,0,0,19,6,13.5,16.5,13,69,52,32,49,20,0
CRS3035RES200mN2533400E3916800,CRS3035RES1000mN2533000E3916000,CRS3035RES1000mN2533000E3916000,0,0,69389,403.5,173,29,46,14,106,25,8955605.8,11420,172,1,107,64,0,2,0,5,11,5,28.5,29,44,89,86,36,61,14,0
CRS3035RES200mN2533400E3917000,CRS3035RES1000mN2533000E3917000,CRS3035RES1000mN2533000E3917000,0,0,69389,618.5,318,115,177,20,26,39,11088722.5,16487,299,19,25,105,0,188,0,258,37,14,44.5,63,41,157,131,53,56,22,0
CRS3035RES200mN2533400E3917200,CRS3035RES1000mN2533000E3917000,CRS3035RES1000mN2533000E3917000,1,0,69389,6,2.3,0.4,0.7,0.2,1.3,0.6,201073.6,211.2,1.6,0.7,1.9,0.3,0,0.1,0,0.5,0.6,0.3,0.5,0.8,0.2,1.2,1.1,0.8,0.2,0.3,0
CRS3035RES200mN2533400E3917800,CRS3035RES1000mN2533000E3917000,CRS3035RES1000mN2533000E3917000,0,0,"69384,69389",129.5,70,9,31,1,45,6,4221528.8,6192,70,0,0,0,70,0,0,0,6,1,5.5,4,8,23,24,19,31,8,0
CRS3035RES200mN2533400E3918000,CRS3035RES1000mN2533000E3918000,CRS3035RES1000mN2533000E3918000,0,0,"69384,69034",279,148,17,66,3,103,13,10017701.2,13161,138,10,1,0,139,8,0,0,10,3,5.5,20,21.5,45,57,41,60,16,0
CRS3035RES200mN2533400E3918200,CRS3035RES1000mN2533000E3918000,CRS3035RES1000mN2533000E3918000,0,0,"69034,69384",198,96,5,36,2,55,10,7136000.5,7814,81,15,7,1,0,88,0,0,7.5,2,6.5,13,19,50,40,29,25,6,0
CRS3035RES200mN2533600E3915400,CRS3035RES1000mN2533000E3915000,CRS3035RES1000mN2533000E3915000,0,0,"69389,69081",126,54,22,24,5,0,8,1987135.2,3413,54,0,0,53,1,0,0,53,11,3,9,13,3,26,17,20,19,5,0
CRS3035RES200mN2533600E3915600,CRS3035RES1000mN2533000E3915000,CRS3035RES1000mN2533000E3915000,0,0,69389,718,284,116,106,41,21,55,11257195.9,18336,284,0,0,284,0,0,0,257,32,15,58.5,102.5,52,110,130,92,87,39,0
CRS3035RES200mN2533600E3915800,CRS3035RES1000mN2533000E3915000,CRS3035RES1000mN2533000E3915000,0,0,"69389,69040",424,190,68,96,23,21,21,7028043.7,11279,190,0,0,93,42,55,0,157,21,16,38,49,37,73,82,32,49,26,1
CRS3035RES200mN2533600E3916000,CRS3035RES1000mN2533000E3916000,CRS3035RES1000mN2533000E3916000,0,0,"69389,69040",722.5,272,89,89,40,60,36,13250469.4,19317,272,0,0,117,0,154,1,163,47.5,39,59,78.5,56.5,178,118,65,65,16,0
CRS3035RES200mN2533600E3916400,CRS3035RES1000mN2533000E3916000,CRS3035RES1000mN2533000E3916000,0,0,69389,128,41,12,12,12,0,3,2312032,3909,41,0,0,0,0,41,0,41,4,9,19,22,12,21,27,7,6,1,0
CRS3035RES200mN2533600E3916600,CRS3035RES1000mN2533000E3916000,CRS3035RES1000mN2533000E3916000,0,0,69389,933.5,387,98,154,49,80,56,17428259.4,27554,387,0,0,387,0,0,0,285,48,32,104.5,99,58,164,154,120,110,44,0
CRS3035RES200mN2533600E3916800,CRS3035RES1000mN2533000E3916000,CRS3035RES1000mN2533000E3916000,0,0,"69389,69194",21,14,1,8,0,0,1,599316.6,784,14,0,14,0,0,0,0,0,0,0,0,0,4,14,2,1,0,0,0
CRS3035RES200mN2533600E3917000,CRS3035RES1000mN2533000E3917000,CRS3035RES1000mN2533000E3917000,0,0,"69389,69194",253.5,131,39,69,11,25,15,5039920.4,6835,126,5,128,1,0,2,0,90,13.5,8.5,20.5,13.5,19.5,51,64,22,27,14,0
CRS3035RES200mN2533600E3917400,CRS3035RES1000mN2533000E3917000,CRS3035RES1000mN2533000E3917000,0,0,69389,32,20,7,12,0,10,4,625885.1,1133,19,1,15,1,0,4,0,0,3,0,3,2,0,12,4,2,3,3,0
CRS3035RES200mN2533600E3917600,CRS3035RES1000mN2533000E3917000,CRS3035RES1000mN2533000E3917000,0,0,69389,308,140,36,55,9,43,18,6947859.8,8772,138,2,21,0,2,117,0,67,27,17,23.5,22.5,22,118,46,19,11,2,0
CRS3035RES200mN2533600E3917800,CRS3035RES1000mN2533000E3917000,CRS3035RES1000mN2533000E3917000,0,0,"69389,69384,69034",120,72,3,39,0,13,3,4052022.5,4047,72,0,0,0,0,72,0,0,9,2,1,2,10,69,18,5,4,0,0
CRS3035RES200mN2533600E3918000,CRS3035RES1000mN2533000E3918000,CRS3035RES1000mN2533000E3918000,0,0,"69034,69384,69389",207.5,96,2,40,4,75,11,5989969.3,6444,94,2,0,96,0,0,0,0,12,5.5,10,18,18,43,60,24,13,4,0
CRS3035RES200mN2533800E3915600,CRS3035RES1000mN2533000E3915000,CRS3035RES1000mN2533000E3915000,0,0,"69389,69040",169,68,8,23,8,37,7,4038117.5,5149,61,7,4,3,1,60,0,19,14,4,13,18.5,12.5,40,27,21,15,4,0
CRS3035RES200mN2533800E3915800,CRS3035RES1000mN2533000E3915000,CRS3035RES1000mN2533000E3915000,0,0,"69040,69389",591,278,95,136,26,64,36,11008975.5,18118,273,5,0,144,107,27,0,201,29,18.5,46,57.5,24,89,112,70,83,53,9
CRS3035RES200mN2533800E3916000,CRS3035RES1000mN2533000E3916000,CRS3035RES1000mN2533000E3916000,0,0,"69040,69389",337.5,155,28,62,7,38,16,8292330.8,9743,134,21,12,0,1,142,0,56,22.5,4,30.5,26,21.5,113,65,34,17,4,0
CRS3035RES200mN2533800E3916200,CRS3035RES1000mN2533000E3916000,CRS3035RES1000mN2533000E3916000,0,0,"69389,69040",305,115,20,32,14,17,21,6860732.8,9219,115,0,9,70,0,36,0,48,30,12,21,18,31,91,43,25,25,9,0
CRS3035RES200mN2533800E3916400,CRS3035RES1000mN2533000E3916000,CRS3035RES1000mN2533000E3916000,0,0,"69389,69040",402,217,21,111,12,159,21,9930876.2,17005,214,3,2,164,35,16,0,0,19,5,11.5,30.5,20,82,61,63,73,37,0
CRS3035RES200mN2533800E3916600,CRS3035RES1000mN2533000E3916000,CRS3035RES1000mN2533000E3916000,0,0,"69389,69194,69040",46.5,16,6,6,2,7,1,780962.3,1217,13,3,14,2,0,0,0,0,3,3,3,5.5,3,8,11,5,3,2,0
CRS3035RES200mN2533800E3916800,CRS3035RES1000mN2533000E3916000,CRS3035RES1000mN2533000E3916000,1,0,"69194,69389",19,5.2,0.4,0,1.3,4.3,0.4,613503.5,719.8,0.4,4.8,3,1.3,0.4,0.5,0,0,3.9,0.4,0.9,2.6,0.5,3,4.3,1.7,1.7,0,0
CRS3035RES200mN2533800E3917000,CRS3035RES1000mN2533000E3917000,CRS3035RES1000mN2533000E3917000,0,0,"69194,69389",28,14,4,5,1,3,2,752758.9,1086,11,3,13,0,1,0,0,6,3,0,3,0,4,7,6,2,2,1,0
CRS3035RES200mN2533800E3917200,CRS3035RES1000mN2533000E3917000,CRS3035RES1000mN2533000E3917000,0,0,"69389,69194",340,137,39,47,21,14,27,6102361.9,8932,121,16,0,136,1,0,0,121,17,12,30,46,24,56,63,39,36,17,0
CRS3035RES200mN2533800E3917400,CRS3035RES1000mN2533000E3917000,CRS3035RES1000mN2533000E3917000,1,0,69389,16.5,6.4,1,1.9,0.6,3.5,1.7,552952.3,580.7,4.3,2.1,5.4,0.8,0,0.2,0,1.5,1.7,0.8,1.3,2.2,0.4,3.3,3.1,2.3,0.6,0.8,0
CRS3035RES200mN2533800E3917600,CRS3035RES1000mN2533000E3917000,CRS3035RES1000mN2533000E3917000,0,0,69389,362.5,175,36,83,11,63,25,8163988.5,10567,175,0,0,0,0,175,0,59,33.5,15,25.5,26.5,24,155,54,17,11,1,0
CRS3035RES200mN2533800E3917800,CRS3035RES1000mN2533000E3917000,CRS3035RES1000mN2533000E3917000,0,0,69389,136.5,59,1,22,3,51,5,3955027.6,3706,59,0,0,0,0,59,0,1,21.5,6,9,3,7,62,21,4,3,0,0
CRS3035RES200mN2533800E3918200,CRS3035RES1000mN2533000E3918000,CRS3035RES1000mN2533000E3918000,0,0,"69034,69389",139,62,4,24,4,47,7,4087632.6,5146,57,5,3,59,0,0,0,0,7,8,8.5,12.5,8,28,28,15,14,10,0
CRS3035RES200mN2534000E3916200,CRS3035RES1000mN2534000E3916000,CRS3035RES1000mN2534000E3916000,1,0,"69040,69389",21,7.6,0.2,2.3,1.2,6.2,0.2,876532,1378.6,2.1,5.5,3.2,0.2,3,1.2,0,0,1.4,1.6,2.1,0.7,0.9,3.9,3,1.6,3.9,1.9,0
CRS3035RES200mN2534000E3916400,CRS3035RES1000mN2534000E3916000,CRS3035RES1000mN2534000E3916000,0,0,"69040,69194,69389",40.5,18,1,7,1,11,2,1498351.5,1771,13,5,13,0,0,5,0,0,3,2,1,3,3.5,13,11,4,0,0,0
CRS3035RES200mN2534000E3916600,CRS3035RES1000mN2534000E3916000,CRS3035RES1000mN2534000E3916000,0,0,"69194,69040,69389",29,15,0,6,1,9,3,921887.9,1194,11,4,14,1,0,0,0,0,2,0,0,2,6,8,5,3,2,1,0
CRS3035RES200mN2534000E3917200,CRS3035RES1000mN2534000E3917000,CRS3035RES1000mN2534000E3917000,0,0,"69194,69389",27,13,1,4,1,4,2,934636,1029,9,4,9,0,4,0,0,0,0,0.5,3.5,1,4,12,4,0,2,0,0
CRS3035RES200mN2534000E3917600,CRS3035RES1000mN2534000E3917000,CRS3035RES1000mN2534000E3917000,0,0,69389,24.5,11,0,5,1,0,2,657292.8,951,11,0,0,11,0,0,0,0,2,1,0,0,3.5,4,4,9,1,0,0
CRS3035RES200mN2534000E3918000,CRS3035RES1000mN2534000E3918000,CRS3035RES1000mN2534000E3918000,0,0,69389,102,52,9,26,2,13,6,2505366.4,2774,50,2,1,32,1,18,0,19,11,2,8,6,7,39,18,3,4,4,0
CRS3035RES200mN2534000E3918200,CRS3035RES1000mN2534000E3918000,CRS3035RES1000mN2534000E3918000,0,0,"69389,69034",51,24,3,10,1,2,4,1012390.9,1361,24,0,0,24,0,0,0,18,3,1,5,2,2,12,13,4,5,4,0
CRS3035RES200mN2534200E3917400,CRS3035RES1000mN2534000E3917000,CRS3035RES1000mN2534000E3917000,0,0,"69194,69389",57,24,2,8,1,4,6,1398324.3,1460,23,1,0,13,0,11,0,13,3,5,5,3,7,11,17,6,0,0,0
CRS3035RES200mN2534200E3917600,CRS3035RES1000mN2534000E3917000,CRS3035RES1000mN2534000E3917000,0,0,"69389,69194",51,24,3,11,1,13,5,1488003.9,1405,11,13,1,12,11,0,0,0,3,0,2,3,10,12,8,3,6,4,0
CRS3035RES200mN2534200E3917800,CRS3035RES1000mN2534000E3917000,CRS3035RES1000mN2534000E3917000,0,0,69389,159,70,1,22,3,60,6,5980535.4,7377,53,17,2,15,53,0,0,0,3,1,8,12,18,16,30,27,33,11,0
CRS3035RES200mN2534200E3918000,CRS3035RES1000mN2534000E3918000,CRS3035RES1000mN2534000E3918000,0,0,69389,177,91,1,38,1,71,7,6213268.9,7684,91,0,0,0,91,0,0,0,13,4,5,10,4,28,34,12,51,16,0
CRS3035RES200mN2534200E3918200,CRS3035RES1000mN2534000E3918000,CRS3035RES1000mN2534000E3918000,0,0,69389,73,35,7,16,0,4,7,1341811.9,2062,33,2,1,33,1,0,0,30,6,1,8,8,2,14,14,8,10,2,0
CRS3035RES200mN2534200E3918400,CRS3035RES1000mN2534000E3918000,CRS3035RES1000mN2534000E3918000,0,0,"69389,69034",191.5,59,18,13,18,8,11,3568334.9,4387,54,5,4,50,1,4,0,50,12,9,28,26,17.5,27,39,15,11,7,0
CRS3035RES200mN2534200E3918600,CRS3035RES1000mN2534000E3918000,CRS3035RES1000mN2534000E3918000,1,0,"69389,69034",11,6.1,0.8,3.3,0,3.6,0.3,405648.1,567,4.2,1.9,4.7,0,1.1,0.3,0,0,0,0.4,0.3,0.3,2.2,2.5,1.9,1.4,1.7,0.3,0
CRS3035RES200mN2534200E3918800,CRS3035RES1000mN2534000E3918000,CRS3035RES1000mN2534000E3918000,0,0,"69034,69389",85,36,6,12,2,16,5,2674099,3389,32,4,20,3,5,8,0,5,6,2.5,6,8.5,6,24,17,9,3,3,0
CRS3035RES200mN2534200E3919000,CRS3035RES1000mN2534000E3919000,CRS3035RES1000mN2534000E3919000,0,0,"69034,69389",56,34,6,17,0,16,5,1315815.8,2090,33,1,34,0,0,0,0,0,3,0,0.5,1.5,5,25,10,7,1,3,0
CRS3035RES200mN2534400E3917600,CRS3035RES1000mN2534000E3917000,CRS3035RES1000mN2534000E3917000,1,0,"69194,69389",2,0.7,0,0.1,0.1,0.6,0,88438.6,118.7,0.1,0.6,0,0.1,0.4,0.2,0,0,0,0,0.1,0.3,0.2,0.2,0.5,0.2,0.4,0.1,0
CRS3035RES200mN2534400E3917800,CRS3035RES1000mN2534000E3917000,CRS3035RES1000mN2534000E3917000,0,0,"69389,69194",317.5,164,13,68,3,62,22,10475757.2,13153,156,8,3,2,111,48,0,14,16.5,2.5,12,21,23.5,93,64,43,30,12,0
CRS3035RES200mN2534400E3918000,CRS3035RES1000mN2534000E3918000,CRS3035RES1000mN2534000E3918000,0,0,69389,157.5,81,7,41,4,54,7,4832942.6,6503,68,13,16,3,57,5,0,0,5.5,5,13.5,11.5,5,36,23,24,26,8,0
CRS3035RES200mN2534400E3918200,CRS3035RES1000mN2534000E3918000,CRS3035RES1000mN2534000E3918000,0,0,69389,115.5,44,2,8,3,36,2,4444830.2,5650,7,37,14,6,4,20,0,0,3,1,2,8.5,10,22,21,15,27,6,0
CRS3035RES200mN2534400E3918400,CRS3035RES1000mN2534000E3918000,CRS3035RES1000mN2534000E3918000,0,0,69389,122,67,10,37,2,19,3,3132812,3811,60,7,18,1,20,28,0,0,14,3,7,3,10,47,17,12,8,1,0
CRS3035RES200mN2534400E3918600,CRS3035RES1000mN2534000E3918000,CRS3035RES1000mN2534000E3918000,0,0,69389,78.5,35,2,10,3,29,2,3130464,4882,13,22,25,3,5,2,0,0,1.5,1,2,4.5,11.5,6,18,17,11,6,0
CRS3035RES200mN2534400E3918800,CRS3035RES1000mN2534000E3918000,CRS3035RES1000mN2534000E3918000,1,0,69389,28.5,15.9,2.2,8.7,0,9.4,0.7,1050997.2,1469,10.8,5.1,12.3,0,2.9,0.7,0,0,0,1.1,0.7,0.7,5.8,6.5,5.1,3.6,4.3,0.7,0
CRS3035RES200mN2534400E3919000,CRS3035RES1000mN2534000E3919000,CRS3035RES1000mN2534000E3919000,1,0,"69389,69034",16,7.1,0,3,0.7,3.7,0.4,619905.8,964.8,4.1,3,5.6,1.1,0,0.4,0,0,0.4,1.1,0.7,0.7,1.9,2.2,3.7,1.9,1.5,1.9,0
CRS3035RES200mN2534400E3919200,CRS3035RES1000mN2534000E3919000,CRS3035RES1000mN2534000E3919000,1,0,"69389,69034",9,4,0,1.7,0.4,2.1,0.2,348697,542.7,2.3,1.7,3.2,0.6,0,0.2,0,0,0.2,0.6,0.4,0.4,1,1.3,2.1,1.1,0.8,1.1,0
CRS3035RES200mN2534400E3919400,CRS3035RES1000mN2534000E3919000,CRS3035RES1000mN2534000E3919000,1,0,"69034,69389",14,6.2,0,2.6,0.7,3.3,0.3,542417.6,844.2,3.6,2.6,4.9,1,0,0.3,0,0,0.3,1,0.6,0.7,1.6,2,3.3,1.6,1.3,1.6,0
CRS3035RES200mN2534600E3917800,CRS3035RES1000mN2534000E3917000,CRS3035RES1000mN2534000E3917000,0,0,"69194,69389,69191",31,13,0,1,0,12,2,1105467.3,1714,2,11,8,0,3,2,0,0,0,2,2,1,1,1,9,3,8,4,0
CRS3035RES200mN2534600E3918000,CRS3035RES1000mN2534000E3918000,CRS3035RES1000mN2534000E3918000,0,0,"69389,69191",60,27,2,14,4,18,1,2159822.9,2465,14,13,2,2,8,15,0,0,4,1,1,6,8,18,9,4,7,2,0
CRS3035RES200mN2534600E3918200,CRS3035RES1000mN2534000E3918000,CRS3035RES1000mN2534000E3918000,0,0,69389,414.5,196,9,82,6,139,26,11094590.6,13929,193,3,0,195,0,1,0,0,17,10,27,38,37.5,81,78,50,50,26,0
CRS3035RES200mN2534600E3918400,CRS3035RES1000mN2534000E3918000,CRS3035RES1000mN2534000E3918000,0,0,69389,249.5,108,4,31,4,88,11,8745833.1,10899,97,11,8,0,68,32,0,0,13,7,13,17.5,18,32,53,35,38,23,0
CRS3035RES200mN2534600E3918600,CRS3035RES1000mN2534000E3918000,CRS3035RES1000mN2534000E3918000,0,0,69389,74,37,4,13,0,19,2,2605508.8,3434,37,0,6,0,1,30,0,0,4,4,3,3,1,12,12,11,20,4,0
CRS3035RES200mN2534600E3918800,CRS3035RES1000mN2534000E3918000,CRS3035RES1000mN2534000E3918000,0,0,69389,71,37,3,17,1,21,4,2230603.1,2667,33,4,36,0,0,1,0,0,2,0.5,4,6.5,6,21,18,6,7,0,0
CRS3035RES200mN2534600E3919000,CRS3035RES1000mN2534000E3919000,CRS3035RES1000mN2534000E3919000,0,0,69389,179.5,92,8,40,1,54,7,5535990.2,7386,68,24,81,6,0,5,0,11,10,5,6,13.5,11,50,43,24,16,1,0
CRS3035RES200mN2534600E3919200,CRS3035RES1000mN2534000E3919000,CRS3035RES1000mN2534000E3919000,0,0,69389,168,74,6,33,6,32,5,5319730,6220,59,15,51,0,0,23,0,1,13,8,12,14,11,47,33,18,9,3,0
CRS3035RES200mN2534600E3919400,CRS3035RES1000mN2534000E3919000,CRS3035RES1000mN2534000E3919000,1,0,"69389,69034",4,1.8,0,0.7,0.2,0.9,0.1,154976.5,241.2,1,0.8,1.4,0.3,0,0.1,0,0,0.1,0.3,0.2,0.2,0.4,0.5,0.9,0.5,0.4,0.5,0
CRS3035RES200mN2534600E3919600,CRS3035RES1000mN2534000E3919000,CRS3035RES1000mN2534000E3919000,0,0,"69034,69389",66,30,3,12,4,22,5,1877316.5,2730,24,6,26,0,1,3,0,0,4,0,0,10,9,15,15,3,6,4,0
CRS3035RES200mN2534800E3918000,CRS3035RES1000mN2534000E3918000,CRS3035RES1000mN2534000E3918000,0,0,"69191,69389",203.5,88,0,30,6,77,7,7334841.6,9886,77,11,9,3,73,3,0,0,10,4.5,13,9,17,35,24,31,44,16,0
CRS3035RES200mN2534800E3918200,CRS3035RES1000mN2534000E3918000,CRS3035RES1000mN2534000E3918000,0,0,69389,121.5,51,3,12,2,6,9,3897644.1,5430,45,6,1,1,45,4,0,0,2,1,4.5,11.5,18.5,12,28,13,23,8,0
CRS3035RES200mN2534800E3918400,CRS3035RES1000mN2534000E3918000,CRS3035RES1000mN2534000E3918000,0,0,69389,310,169,14,81,6,112,18,9034957.7,12468,164,5,4,1,131,33,0,0,13,3,8.5,25,21.5,55,51,44,57,32,0
CRS3035RES200mN2534800E3918600,CRS3035RES1000mN2534000E3918000,CRS3035RES1000mN2534000E3918000,0,0,69389,363.5,197,11,91,5,154,19,11604018.1,16508,194,3,1,1,192,3,0,0,9,5,17,22.5,15,44,61,70,97,23,0
CRS3035RES200mN2534800E3918800,CRS3035RES1000mN2534000E3918000,CRS3035RES1000mN2534000E3918000,0,0,69389,512,243,15,95,8,187,22,14904398.3,21124,242,1,3,0,240,0,0,18,16,14.5,39,36.5,29,83,80,70,115,29,0
CRS3035RES200mN2534800E3919000,CRS3035RES1000mN2534000E3919000,CRS3035RES1000mN2534000E3919000,0,0,69389,369,188,25,91,6,44,21,9831428.6,12383,181,7,6,0,0,181,1,37,30,10.5,16,25.5,31,137,65,33,19,2,0
CRS3035RES200mN2534800E3919200,CRS3035RES1000mN2534000E3919000,CRS3035RES1000mN2534000E3919000,0,0,69389,71.5,30,3,9,2,13,5,2360077.7,2757,15,15,5,7,6,12,0,12,4,1,3,6.5,9,12,13,10,9,4,0
CRS3035RES200mN2534800E3919400,CRS3035RES1000mN2534000E3919000,CRS3035RES1000mN2534000E3919000,0,0,69389,82,30,3,8,6,25,1,2835557.2,3428,8,22,13,2,1,14,0,0,3,4,7,7,8,12,14,17,9,1,0
CRS3035RES200mN2535000E3918000,CRS3035RES1000mN2535000E3918000,CRS3035RES1000mN2535000E3918000,0,0,"69191,69389",57,22,0,6,3,16,3,2078511.3,3269,3,19,10,4,3,5,0,0,2,1.5,1.5,7,6,4,13,10,6,6,0
CRS3035RES200mN2535000E3918200,CRS3035RES1000mN2535000E3918000,CRS3035RES1000mN2535000E3918000,0,0,"69191,69389",35,15,2,2,0,10,1,1349990.2,2599,3,12,5,7,3,0,0,0,1,0,1,1,5,3,10,7,3,4,0
CRS3035RES200mN2535000E3918400,CRS3035RES1000mN2535000E3918000,CRS3035RES1000mN2535000E3918000,0,0,"69389,69191",104,36,5,10,8,16,2,2854616.5,3420,29,7,1,2,3,30,0,8,5,6,9,8,16,24,22,9,5,0,0
CRS3035RES200mN2535000E3918600,CRS3035RES1000mN2535000E3918000,CRS3035RES1000mN2535000E3918000,0,0,69389,71.5,29,2,12,5,19,0,2943453,3226,11,18,10,1,6,12,0,0,5,4,4,2.5,9,17,9,12,9,0,0
CRS3035RES200mN2535000E3918800,CRS3035RES1000mN2535000E3918000,CRS3035RES1000mN2535000E3918000,0,0,69389,306.5,103,19,26,21,5,24,6017480.3,7830,99,4,1,97,2,3,0,98,14,14,29,51.5,33,35,61,30,26,13,0
CRS3035RES200mN2535000E3919000,CRS3035RES1000mN2535000E3919000,CRS3035RES1000mN2535000E3919000,0,0,69389,177.5,72,3,17,4,57,3,5923677.1,6232,31,41,2,3,36,31,0,0,13,4,13,9.5,9,53,29,11,31,5,0
CRS3035RES200mN2535000E3919200,CRS3035RES1000mN2535000E3919000,CRS3035RES1000mN2535000E3919000,1,0,69389,22,7.7,0.8,1.5,1.3,6.1,0.6,842378,1042.6,1.4,6.3,3.1,0.4,1.5,2.7,0,0,0.8,0.6,1.5,2.8,1.9,2.7,5.6,3.4,1.7,1,0
CRS3035RES200mN2535000E3919400,CRS3035RES1000mN2535000E3919000,CRS3035RES1000mN2535000E3919000,0,0,"69389,69063",269.5,109,9,39,16,65,6,6360919.1,8441,108,1,1,0,101,7,0,25,9,9,19,29.5,24,58,50,32,28,11,0
CRS3035RES200mN2535200E3918200,CRS3035RES1000mN2535000E3918000,CRS3035RES1000mN2535000E3918000,0,0,"69191,69389",228.5,106,18,44,4,53,16,7048546.6,8406,96,10,12,0,0,94,0,33,20,12,13.5,18.5,12.5,68,45,17,17,5,0
CRS3035RES200mN2535200E3918400,CRS3035RES1000mN2535000E3918000,CRS3035RES1000mN2535000E3918000,0,0,"69389,69191",372,166,15,54,11,135,21,10006723.5,11744,108,58,1,110,53,2,0,0,18,3.5,25.5,42.5,17.5,90,61,46,44,24,0
CRS3035RES200mN2535200E3918600,CRS3035RES1000mN2535000E3918000,CRS3035RES1000mN2535000E3918000,0,0,"69389,69191",28.5,13,0,3,1,11,2,1204588.1,1948,0,13,1,3,1,7,1,0,2,1,0,2.5,1,5,3,3,9,2,0
CRS3035RES200mN2535200E3918800,CRS3035RES1000mN2535000E3918000,CRS3035RES1000mN2535000E3918000,0,0,"69389,69191",87,33,1,2,0,32,1,3820348.3,4317,0,33,0,0,14,19,0,0,1,3,7,5,7,7,21,17,19,0,0
CRS3035RES200mN2535200E3919000,CRS3035RES1000mN2535000E3919000,CRS3035RES1000mN2535000E3919000,0,0,"69389,69191",118,44,1,7,5,41,2,4296314.7,4965,0,44,4,4,30,6,0,0,2,1,7,13,9,9,25,19,27,6,0
CRS3035RES200mN2535200E3919200,CRS3035RES1000mN2535000E3919000,CRS3035RES1000mN2535000E3919000,0,0,"69191,69389",301,134,18,53,7,71,18,7333248.4,9698,114,20,0,2,56,76,0,23,29,8,17,26.5,25.5,112,41,18,16,8,0
CRS3035RES200mN2535400E3918800,CRS3035RES1000mN2535000E3918000,CRS3035RES1000mN2535000E3918000,1,0,"69191,69389",16.5,6.5,0.1,1.1,0.5,4.7,0.6,738684.3,1216.8,0.6,5.9,2.1,0.6,2,1.8,0,0,0.5,0.3,0.7,1.6,1.1,1.9,2.5,3,3.8,1.1,0
CRS3035RES200mN2535400E3919000,CRS3035RES1000mN2535000E3919000,CRS3035RES1000mN2535000E3919000,0,0,"69191,69389",35,12,1,3,3,11,0,1497845.2,1953,0,12,3,0,2,7,0,0,3,1,4,1,4,5,6,4,4,3,0
CRS3035RES200mN2535400E3919200,CRS3035RES1000mN2535000E3919000,CRS3035RES1000mN2535000E3919000,0,0,"69191,69389",62,24,3,6,3,22,2,2360237.2,2838,0,24,0,0,17,7,0,0,1,2,5.5,4.5,7,6,14,8,5,9,0
CRS3035RES200mN2535400E3919400,CRS3035RES1000mN2535000E3919000,CRS3035RES1000mN2535000E3919000,0,0,"69389,69063,69191",855.5,307,136,92,54,5,63,12981078.4,22882,303,4,3,2,301,1,0,300,53.5,38,89.5,114.5,52,148,149,110,78,23,0
CRS3035RES200mN2535600E3919400,CRS3035RES1000mN2535000E3919000,CRS3035RES1000mN2535000E3919000,0,0,"69191,69063,69389",81.5,31,2,11,5,22,0,2879577,3745,6,25,14,1,1,15,0,0,7,2,4,9,7.5,11,21,8,11,1,0
