__id,CODGEO_2025,annee,indicateur,unite_de_compte,nombre,taux_pour_mille,est_diffuse,insee_pop,insee_pop_millesime,insee_log,insee_log_millesime,complement_info_nombre,complement_info_taux
408106,69381,2016,"Violences physiques intrafamiliales",Victime,23,0.7776839,diff,29575,2016,18164,2016,,
408107,69381,2016,"Violences physiques hors cadre familial",Victime,251,8.4868977,diff,29575,2016,18164,2016,,
408108,69381,2016,"Violences sexuelles",Victime,60,2.0287405,diff,29575,2016,18164,2016,,
408109,69381,2016,"Vols avec armes",Infraction,31,1.0481826,diff,29575,2016,18164,2016,,
408110,69381,2016,"Vols violents sans arme",Infraction,260,8.7912088,diff,29575,2016,18164,2016,,
408111,69381,2016,"Vols sans violence contre des personnes","Victime entendue",2192,74.1166526,diff,29575,2016,18164,2016,,
408112,69381,2016,"Cambriolages de logement",Infraction,247,13.5981181,diff,29575,2016,18164,2016,,
408113,69381,2016,"Vols de véhicule",Véhicule,88,2.9754861,diff,29575,2016,18164,2016,,
408114,69381,2016,"Vols dans les véhicules",Véhicule,167,5.646661,diff,29575,2016,18164,2016,,
408115,69381,2016,"Vols d'accessoires sur véhicules",Véhicule,38,1.284869,diff,29575,2016,18164,2016,,
408116,69381,2016,"Destructions et dégradations volontaires",Infraction,454,15.350803,diff,29575,2016,18164,2016,,
408117,69381,2016,"Usage de stupéfiants","Mis en cause",264,8.9264582,diff,29575,2016,18164,2016,,
408118,69381,2016,"Usage de stupéfiants (AFD)","Mis en cause",0,0,diff,29575,2016,18164,2016,,
408119,69381,2016,"Trafic de stupéfiants","Mis en cause",75,2.5359256,diff,29575,2016,18164,2016,,
408120,69381,2016,"Escroqueries et fraudes aux moyens de paiement",Victime,264,8.9264582,diff,29575,2016,18164,2016,,
408121,69382,2016,"Violences physiques intrafamiliales",Victime,38,1.2485625,diff,30435,2016,19821,2016,,
408122,69382,2016,"Violences physiques hors cadre familial",Victime,379,12.4527682,diff,30435,2016,19821,2016,,
408123,69382,2016,"Violences sexuelles",Victime,66,2.1685559,diff,30435,2016,19821,2016,,
408124,69382,2016,"Vols avec armes",Infraction,24,0.7885658,diff,30435,2016,19821,2016,,
408125,69382,2016,"Vols violents sans arme",Infraction,340,11.1713488,diff,30435,2016,19821,2016,,
408126,69382,2016,"Vols sans violence contre des personnes","Victime entendue",3086,101.3964186,diff,30435,2016,19821,2016,,
408127,69382,2016,"Cambriolages de logement",Infraction,187,9.4345597,diff,30435,2016,19821,2016,,
408128,69382,2016,"Vols de véhicule",Véhicule,97,3.1871201,diff,30435,2016,19821,2016,,
408129,69382,2016,"Vols dans les véhicules",Véhicule,447,14.6870379,diff,30435,2016,19821,2016,,
408130,69382,2016,"Vols d'accessoires sur véhicules",Véhicule,53,1.7414161,diff,30435,2016,19821,2016,,
408131,69382,2016,"Destructions et dégradations volontaires",Infraction,552,18.1370133,diff,30435,2016,19821,2016,,
408132,69382,2016,"Usage de stupéfiants","Mis en cause",308,10.1199277,diff,30435,2016,19821,2016,,
408133,69382,2016,"Usage de stupéfiants (AFD)","Mis en cause",0,0,diff,30435,2016,19821,2016,,
408134,69382,2016,"Trafic de stupéfiants","Mis en cause",71,2.3328405,diff,30435,2016,19821,2016,,
408135,69382,2016,"Escroqueries et fraudes aux moyens de paiement",Victime,278,9.1342205,diff,30435,2016,19821,2016,,
408136,69383,2016,"Violences physiques intrafamiliales",Victime,160,1.5687505,diff,101992,2016,60478,2016,,
408137,69383,2016,"Violences physiques hors cadre familial",Victime,484,4.7454702,diff,101992,2016,60478,2016,,
408138,69383,2016,"Violences sexuelles",Victime,108,1.0589066,diff,101992,2016,60478,2016,,
408139,69383,2016,"Vols avec armes",Infraction,41,0.4019923,diff,101992,2016,60478,2016,,
408140,69383,2016,"Vols violents sans arme",Infraction,574,5.6278924,diff,101992,2016,60478,2016,,
408141,69383,2016,"Vols sans violence contre des personnes","Victime entendue",5243,51.4059926,diff,101992,2016,60478,2016,,
408142,69383,2016,"Cambriolages de logement",Infraction,597,9.8714377,diff,101992,2016,60478,2016,,
408143,69383,2016,"Vols de véhicule",Véhicule,442,4.3336732,diff,101992,2016,60478,2016,,
408144,69383,2016,"Vols dans les véhicules",Véhicule,1133,11.1087144,diff,101992,2016,60478,2016,,
408145,69383,2016,"Vols d'accessoires sur véhicules",Véhicule,223,2.186446,diff,101992,2016,60478,2016,,
408146,69383,2016,"Destructions et dégradations volontaires",Infraction,1215,11.912699,diff,101992,2016,60478,2016,,
408147,69383,2016,"Usage de stupéfiants","Mis en cause",482,4.7258609,diff,101992,2016,60478,2016,,
408148,69383,2016,"Usage de stupéfiants (AFD)","Mis en cause",0,0,diff,101992,2016,60478,2016,,
408149,69383,2016,"Trafic de stupéfiants","Mis en cause",46,0.4510158,diff,101992,2016,60478,2016,,
408150,69383,2016,"Escroqueries et fraudes aux moyens de paiement",Victime,655,6.4220723,diff,101992,2016,60478,2016,,
408151,69384,2016,"Violences physiques intrafamiliales",Victime,62,1.7184035,diff,36080,2016,20248,2016,,
408152,69384,2016,"Violences physiques hors cadre familial",Victime,83,2.3004435,diff,36080,2016,20248,2016,,
408153,69384,2016,"Violences sexuelles",Victime,22,0.6097561,diff,36080,2016,20248,2016,,
408154,69384,2016,"Vols avec armes",Infraction,,,ndiff,36080,2016,20248,2016,8.6666667,0.1915779
408155,69384,2016,"Vols violents sans arme",Infraction,66,1.8292683,diff,36080,2016,20248,2016,,
408156,69384,2016,"Vols sans violence contre des personnes","Victime entendue",643,17.8215078,diff,36080,2016,20248,2016,,
408157,69384,2016,"Cambriolages de logement",Infraction,185,9.1369169,diff,36080,2016,20248,2016,,
408158,69384,2016,"Vols de véhicule",Véhicule,146,4.0465632,diff,36080,2016,20248,2016,,
408159,69384,2016,"Vols dans les véhicules",Véhicule,125,3.4645233,diff,36080,2016,20248,2016,,
408160,69384,2016,"Vols d'accessoires sur véhicules",Véhicule,32,0.886918,diff,36080,2016,20248,2016,,
408161,69384,2016,"Destructions et dégradations volontaires",Infraction,362,10.0332594,diff,36080,2016,20248,2016,,
408162,69384,2016,"Usage de stupéfiants","Mis en cause",27,0.748337,diff,36080,2016,20248,2016,,
408163,69384,2016,"Usage de stupéfiants (AFD)","Mis en cause",0,0,diff,36080,2016,20248,2016,,
408164,69384,2016,"Trafic de stupéfiants","Mis en cause",,,ndiff,36080,2016,20248,2016,16,0.3518417
408165,69384,2016,"Escroqueries et fraudes aux moyens de paiement",Victime,266,7.3725055,diff,36080,2016,20248,2016,,
408166,69385,2016,"Violences physiques intrafamiliales",Victime,59,1.2058289,diff,48929,2016,25256,2016,,
408167,69385,2016,"Violences physiques hors cadre familial",Victime,157,3.208731,diff,48929,2016,25256,2016,,
408168,69385,2016,"Violences sexuelles",Victime,31,0.6335711,diff,48929,2016,25256,2016,,
408169,69385,2016,"Vols avec armes",Infraction,,,ndiff,48929,2016,25256,2016,8.6666667,0.1915779
408170,69385,2016,"Vols violents sans arme",Infraction,94,1.9211511,diff,48929,2016,25256,2016,,
408171,69385,2016,"Vols sans violence contre des personnes","Victime entendue",859,17.5560506,diff,48929,2016,25256,2016,,
408172,69385,2016,"Cambriolages de logement",Infraction,288,11.4032709,diff,48929,2016,25256,2016,,
408173,69385,2016,"Vols de véhicule",Véhicule,111,2.2685933,diff,48929,2016,25256,2016,,
408174,69385,2016,"Vols dans les véhicules",Véhicule,241,4.9255043,diff,48929,2016,25256,2016,,
408175,69385,2016,"Vols d'accessoires sur véhicules",Véhicule,63,1.28758,diff,48929,2016,25256,2016,,
408176,69385,2016,"Destructions et dégradations volontaires",Infraction,519,10.6072064,diff,48929,2016,25256,2016,,
408177,69385,2016,"Usage de stupéfiants","Mis en cause",308,6.2948354,diff,48929,2016,25256,2016,,
408178,69385,2016,"Usage de stupéfiants (AFD)","Mis en cause",0,0,diff,48929,2016,25256,2016,,
408179,69385,2016,"Trafic de stupéfiants","Mis en cause",,,ndiff,48929,2016,25256,2016,16,0.3518417
408180,69385,2016,"Escroqueries et fraudes aux moyens de paiement",Victime,216,4.4145599,diff,48929,2016,25256,2016,,
408181,69386,2016,"Violences physiques intrafamiliales",Victime,43,0.8363155,diff,51416,2016,31045,2016,,
408182,69386,2016,"Violences physiques hors cadre familial",Victime,151,2.936829,diff,51416,2016,31045,2016,,
408183,69386,2016,"Violences sexuelles",Victime,44,0.8557647,diff,51416,2016,31045,2016,,
408184,69386,2016,"Vols avec armes",Infraction,13,0.2528396,diff,51416,2016,31045,2016,,
408185,69386,2016,"Vols violents sans arme",Infraction,244,4.7456045,diff,51416,2016,31045,2016,,
408186,69386,2016,"Vols sans violence contre des personnes","Victime entendue",1333,25.9257819,diff,51416,2016,31045,2016,,
408187,69386,2016,"Cambriolages de logement",Infraction,359,11.5640147,diff,51416,2016,31045,2016,,
408188,69386,2016,"Vols de véhicule",Véhicule,287,5.58192,diff,51416,2016,31045,2016,,
408189,69386,2016,"Vols dans les véhicules",Véhicule,595,11.5722732,diff,51416,2016,31045,2016,,
408190,69386,2016,"Vols d'accessoires sur véhicules",Véhicule,92,1.7893263,diff,51416,2016,31045,2016,,
408191,69386,2016,"Destructions et dégradations volontaires",Infraction,630,12.2529952,diff,51416,2016,31045,2016,,
408192,69386,2016,"Usage de stupéfiants","Mis en cause",96,1.8671231,diff,51416,2016,31045,2016,,
408193,69386,2016,"Usage de stupéfiants (AFD)","Mis en cause",0,0,diff,51416,2016,31045,2016,,
408194,69386,2016,"Trafic de stupéfiants","Mis en cause",,,ndiff,51416,2016,31045,2016,16,0.3518417
408195,69386,2016,"Escroqueries et fraudes aux moyens de paiement",Victime,362,7.0406099,diff,51416,2016,31045,2016,,
408196,69387,2016,"Violences physiques intrafamiliales",Victime,164,1.998903,diff,82045,2016,50049,2016,,
408197,69387,2016,"Violences physiques hors cadre familial",Victime,456,5.5579255,diff,82045,2016,50049,2016,,
408198,69387,2016,"Violences sexuelles",Victime,118,1.4382351,diff,82045,2016,50049,2016,,
408199,69387,2016,"Vols avec armes",Infraction,35,0.4265952,diff,82045,2016,50049,2016,,
408200,69387,2016,"Vols violents sans arme",Infraction,544,6.6305076,diff,82045,2016,50049,2016,,
408201,69387,2016,"Vols sans violence contre des personnes","Victime entendue",3417,41.6478762,diff,82045,2016,50049,2016,,
408202,69387,2016,"Cambriolages de logement",Infraction,685,13.6865877,diff,82045,2016,50049,2016,,
408203,69387,2016,"Vols de véhicule",Véhicule,270,3.290877,diff,82045,2016,50049,2016,,
408204,69387,2016,"Vols dans les véhicules",Véhicule,1391,16.9541105,diff,82045,2016,50049,2016,,
408205,69387,2016,"Vols d'accessoires sur véhicules",Véhicule,194,2.364556,diff,82045,2016,50049,2016,,
408206,69387,2016,"Destructions et dégradations volontaires",Infraction,1175,14.321409,diff,82045,2016,50049,2016,,
408207,69387,2016,"Usage de stupéfiants","Mis en cause",302,3.6809068,diff,82045,2016,50049,2016,,
408208,69387,2016,"Usage de stupéfiants (AFD)","Mis en cause",0,0,diff,82045,2016,50049,2016,,
408209,69387,2016,"Trafic de stupéfiants","Mis en cause",55,0.6703638,diff,82045,2016,50049,2016,,
408210,69387,2016,"Escroqueries et fraudes aux moyens de paiement",Victime,570,6.9474069,diff,82045,2016,50049,2016,,
408211,69388,2016,"Violences physiques intrafamiliales",Victime,219,2.5911947,diff,84517,2016,46596,2016,,
408212,69388,2016,"Violences physiques hors cadre familial",Victime,286,3.3839346,diff,84517,2016,46596,2016,,
408213,69388,2016,"Violences sexuelles",Victime,59,0.6980844,diff,84517,2016,46596,2016,,
408214,69388,2016,"Vols avec armes",Infraction,22,0.2603027,diff,84517,2016,46596,2016,,
408215,69388,2016,"Vols violents sans arme",Infraction,225,2.6621863,diff,84517,2016,46596,2016,,
408216,69388,2016,"Vols sans violence contre des personnes","Victime entendue",1442,17.0616562,diff,84517,2016,46596,2016,,
408217,69388,2016,"Cambriolages de logement",Infraction,430,9.2282646,diff,84517,2016,46596,2016,,
408218,69388,2016,"Vols de véhicule",Véhicule,327,3.8690441,diff,84517,2016,46596,2016,,
408219,69388,2016,"Vols dans les véhicules",Véhicule,787,9.3117361,diff,84517,2016,46596,2016,,
408220,69388,2016,"Vols d'accessoires sur véhicules",Véhicule,144,1.7037992,diff,84517,2016,46596,2016,,
408221,69388,2016,"Destructions et dégradations volontaires",Infraction,1017,12.0330821,diff,84517,2016,46596,2016,,
408222,69388,2016,"Usage de stupéfiants","Mis en cause",298,3.5259179,diff,84517,2016,46596,2016,,
408223,69388,2016,"Usage de stupéfiants (AFD)","Mis en cause",0,0,diff,84517,2016,46596,2016,,
408224,69388,2016,"Trafic de stupéfiants","Mis en cause",32,0.3786221,diff,84517,2016,46596,2016,,
408225,69388,2016,"Escroqueries et fraudes aux moyens de paiement",Victime,450,5.3243726,diff,84517,2016,46596,2016,,
408226,69389,2016,"Violences physiques intrafamiliales",Victime,121,2.3863054,diff,50706,2016,27633,2016,,
408227,69389,2016,"Violences physiques hors cadre familial",Victime,213,4.2006863,diff,50706,2016,27633,2016,,
408228,69389,2016,"Violences sexuelles",Victime,34,0.6705321,diff,50706,2016,27633,2016,,
408229,69389,2016,"Vols avec armes",Infraction,,,ndiff,50706,2016,27633,2016,8.6666667,0.1915779
408230,69389,2016,"Vols violents sans arme",Infraction,137,2.7018499,diff,50706,2016,27633,2016,,
408231,69389,2016,"Vols sans violence contre des personnes","Victime entendue",961,18.9523922,diff,50706,2016,27633,2016,,
408232,69389,2016,"Cambriolages de logement",Infraction,324,11.7250753,diff,50706,2016,27633,2016,,
408233,69389,2016,"Vols de véhicule",Véhicule,161,3.1751666,diff,50706,2016,27633,2016,,
408234,69389,2016,"Vols dans les véhicules",Véhicule,463,9.1310693,diff,50706,2016,27633,2016,,
408235,69389,2016,"Vols d'accessoires sur véhicules",Véhicule,151,2.9779513,diff,50706,2016,27633,2016,,
408236,69389,2016,"Destructions et dégradations volontaires",Infraction,628,12.3851221,diff,50706,2016,27633,2016,,
408237,69389,2016,"Usage de stupéfiants","Mis en cause",316,6.2320041,diff,50706,2016,27633,2016,,
408238,69389,2016,"Usage de stupéfiants (AFD)","Mis en cause",0,0,diff,50706,2016,27633,2016,,
408239,69389,2016,"Trafic de stupéfiants","Mis en cause",58,1.1438489,diff,50706,2016,27633,2016,,
408240,69389,2016,"Escroqueries et fraudes aux moyens de paiement",Victime,285,5.6206366,diff,50706,2016,27633,2016,,
931906,69381,2017,"Violences physiques intrafamiliales",Victime,43,1.4649768,diff,29352,2017,18243,2017,,
931907,69381,2017,"Violences physiques hors cadre familial",Victime,231,7.8699918,diff,29352,2017,18243,2017,,
931908,69381,2017,"Violences sexuelles",Victime,49,1.6693922,diff,29352,2017,18243,2017,,
931909,69381,2017,"Vols avec armes",Infraction,11,0.3747615,diff,29352,2017,18243,2017,,
931910,69381,2017,"Vols violents sans arme",Infraction,209,7.1204688,diff,29352,2017,18243,2017,,
931911,69381,2017,"Vols sans violence contre des personnes","Victime entendue",2082,70.9321341,diff,29352,2017,18243,2017,,
931912,69381,2017,"Cambriolages de logement",Infraction,177,9.7025865,diff,29352,2017,18243,2017,,
931913,69381,2017,"Vols de véhicule",Véhicule,105,3.577269,diff,29352,2017,18243,2017,,
931914,69381,2017,"Vols dans les véhicules",Véhicule,273,9.3008994,diff,29352,2017,18243,2017,,
931915,69381,2017,"Vols d'accessoires sur véhicules",Véhicule,33,1.1242845,diff,29352,2017,18243,2017,,
931916,69381,2017,"Destructions et dégradations volontaires",Infraction,380,12.9463069,diff,29352,2017,18243,2017,,
931917,69381,2017,"Usage de stupéfiants","Mis en cause",180,6.1324612,diff,29352,2017,18243,2017,,
931918,69381,2017,"Usage de stupéfiants (AFD)","Mis en cause",0,0,diff,29352,2017,18243,2017,,
931919,69381,2017,"Trafic de stupéfiants","Mis en cause",62,2.1122922,diff,29352,2017,18243,2017,,
931920,69381,2017,"Escroqueries et fraudes aux moyens de paiement",Victime,337,11.4813301,diff,29352,2017,18243,2017,,
931921,69382,2017,"Violences physiques intrafamiliales",Victime,51,1.6710354,diff,30520,2017,20104,2017,,
931922,69382,2017,"Violences physiques hors cadre familial",Victime,334,10.9436435,diff,30520,2017,20104,2017,,
931923,69382,2017,"Violences sexuelles",Victime,80,2.621232,diff,30520,2017,20104,2017,,
931924,69382,2017,"Vols avec armes",Infraction,23,0.7536042,diff,30520,2017,20104,2017,,
931925,69382,2017,"Vols violents sans arme",Infraction,302,9.8951507,diff,30520,2017,20104,2017,,
931926,69382,2017,"Vols sans violence contre des personnes","Victime entendue",3858,126.4089122,diff,30520,2017,20104,2017,,
931927,69382,2017,"Cambriolages de logement",Infraction,228,11.3409739,diff,30520,2017,20104,2017,,
931928,69382,2017,"Vols de véhicule",Véhicule,104,3.4076016,diff,30520,2017,20104,2017,,
931929,69382,2017,"Vols dans les véhicules",Véhicule,715,23.4272608,diff,30520,2017,20104,2017,,
931930,69382,2017,"Vols d'accessoires sur véhicules",Véhicule,59,1.9331586,diff,30520,2017,20104,2017,,
931931,69382,2017,"Destructions et dégradations volontaires",Infraction,552,18.0865007,diff,30520,2017,20104,2017,,
931932,69382,2017,"Usage de stupéfiants","Mis en cause",271,8.8794233,diff,30520,2017,20104,2017,,
931933,69382,2017,"Usage de stupéfiants (AFD)","Mis en cause",0,0,diff,30520,2017,20104,2017,,
931934,69382,2017,"Trafic de stupéfiants","Mis en cause",34,1.1140236,diff,30520,2017,20104,2017,,
931935,69382,2017,"Escroqueries et fraudes aux moyens de paiement",Victime,345,11.3040629,diff,30520,2017,20104,2017,,
931936,69383,2017,"Violences physiques intrafamiliales",Victime,159,1.5627457,diff,101744,2017,60568,2017,,
931937,69383,2017,"Violences physiques hors cadre familial",Victime,446,4.3835509,diff,101744,2017,60568,2017,,
931938,69383,2017,"Violences sexuelles",Victime,103,1.0123447,diff,101744,2017,60568,2017,,
931939,69383,2017,"Vols avec armes",Infraction,24,0.2358861,diff,101744,2017,60568,2017,,
931940,69383,2017,"Vols violents sans arme",Infraction,470,4.619437,diff,101744,2017,60568,2017,,
931941,69383,2017,"Vols sans violence contre des personnes","Victime entendue",5615,55.1875295,diff,101744,2017,60568,2017,,
931942,69383,2017,"Cambriolages de logement",Infraction,645,10.6491661,diff,101744,2017,60568,2017,,
931943,69383,2017,"Vols de véhicule",Véhicule,393,3.8626356,diff,101744,2017,60568,2017,,
931944,69383,2017,"Vols dans les véhicules",Véhicule,1663,16.3449442,diff,101744,2017,60568,2017,,
931945,69383,2017,"Vols d'accessoires sur véhicules",Véhicule,286,2.8109766,diff,101744,2017,60568,2017,,
931946,69383,2017,"Destructions et dégradations volontaires",Infraction,1215,11.9417361,diff,101744,2017,60568,2017,,
931947,69383,2017,"Usage de stupéfiants","Mis en cause",483,4.7472087,diff,101744,2017,60568,2017,,
931948,69383,2017,"Usage de stupéfiants (AFD)","Mis en cause",0,0,diff,101744,2017,60568,2017,,
931949,69383,2017,"Trafic de stupéfiants","Mis en cause",42,0.4128008,diff,101744,2017,60568,2017,,
931950,69383,2017,"Escroqueries et fraudes aux moyens de paiement",Victime,707,6.9488127,diff,101744,2017,60568,2017,,
931951,69384,2017,"Violences physiques intrafamiliales",Victime,33,0.9179671,diff,35949,2017,20293,2017,,
931952,69384,2017,"Violences physiques hors cadre familial",Victime,82,2.2810092,diff,35949,2017,20293,2017,,
931953,69384,2017,"Violences sexuelles",Victime,17,0.4728922,diff,35949,2017,20293,2017,,
931954,69384,2017,"Vols avec armes",Infraction,,,ndiff,35949,2017,20293,2017,5,0.1102576
931955,69384,2017,"Vols violents sans arme",Infraction,52,1.4464936,diff,35949,2017,20293,2017,,
931956,69384,2017,"Vols sans violence contre des personnes","Victime entendue",756,21.0297922,diff,35949,2017,20293,2017,,
931957,69384,2017,"Cambriolages de logement",Infraction,196,9.6586484,diff,35949,2017,20293,2017,,
931958,69384,2017,"Vols de véhicule",Véhicule,141,3.9222231,diff,35949,2017,20293,2017,,
931959,69384,2017,"Vols dans les véhicules",Véhicule,179,4.9792762,diff,35949,2017,20293,2017,,
931960,69384,2017,"Vols d'accessoires sur véhicules",Véhicule,64,1.7802999,diff,35949,2017,20293,2017,,
931961,69384,2017,"Destructions et dégradations volontaires",Infraction,305,8.4842416,diff,35949,2017,20293,2017,,
931962,69384,2017,"Usage de stupéfiants","Mis en cause",44,1.2239562,diff,35949,2017,20293,2017,,
931963,69384,2017,"Usage de stupéfiants (AFD)","Mis en cause",0,0,diff,35949,2017,20293,2017,,
931964,69384,2017,"Trafic de stupéfiants","Mis en cause",,,ndiff,35949,2017,20293,2017,9.6666667,0.2114704
931965,69384,2017,"Escroqueries et fraudes aux moyens de paiement",Victime,253,7.0377479,diff,35949,2017,20293,2017,,
931966,69385,2017,"Violences physiques intrafamiliales",Victime,52,1.0524398,diff,49409,2017,25548,2017,,
931967,69385,2017,"Violences physiques hors cadre familial",Victime,150,3.0358842,diff,49409,2017,25548,2017,,
931968,69385,2017,"Violences sexuelles",Victime,36,0.7286122,diff,49409,2017,25548,2017,,
931969,69385,2017,"Vols avec armes",Infraction,,,ndiff,49409,2017,25548,2017,5,0.1102576
931970,69385,2017,"Vols violents sans arme",Infraction,92,1.8620089,diff,49409,2017,25548,2017,,
931971,69385,2017,"Vols sans violence contre des personnes","Victime entendue",849,17.1831043,diff,49409,2017,25548,2017,,
931972,69385,2017,"Cambriolages de logement",Infraction,240,9.3940191,diff,49409,2017,25548,2017,,
931973,69385,2017,"Vols de véhicule",Véhicule,155,3.1370803,diff,49409,2017,25548,2017,,
931974,69385,2017,"Vols dans les véhicules",Véhicule,241,4.8776539,diff,49409,2017,25548,2017,,
931975,69385,2017,"Vols d'accessoires sur véhicules",Véhicule,85,1.7203344,diff,49409,2017,25548,2017,,
931976,69385,2017,"Destructions et dégradations volontaires",Infraction,451,9.1278917,diff,49409,2017,25548,2017,,
931977,69385,2017,"Usage de stupéfiants","Mis en cause",321,6.4967921,diff,49409,2017,25548,2017,,
931978,69385,2017,"Usage de stupéfiants (AFD)","Mis en cause",0,0,diff,49409,2017,25548,2017,,
931979,69385,2017,"Trafic de stupéfiants","Mis en cause",,,ndiff,49409,2017,25548,2017,9.6666667,0.2114704
931980,69385,2017,"Escroqueries et fraudes aux moyens de paiement",Victime,264,5.3431561,diff,49409,2017,25548,2017,,
931981,69386,2017,"Violences physiques intrafamiliales",Victime,42,0.811171,diff,51777,2017,31266,2017,,
931982,69386,2017,"Violences physiques hors cadre familial",Victime,151,2.9163528,diff,51777,2017,31266,2017,,
931983,69386,2017,"Violences sexuelles",Victime,38,0.7339166,diff,51777,2017,31266,2017,,
931984,69386,2017,"Vols avec armes",Infraction,10,0.1931359,diff,51777,2017,31266,2017,,
931985,69386,2017,"Vols violents sans arme",Infraction,165,3.1867431,diff,51777,2017,31266,2017,,
931986,69386,2017,"Vols sans violence contre des personnes","Victime entendue",1457,28.1399077,diff,51777,2017,31266,2017,,
931987,69386,2017,"Cambriolages de logement",Infraction,440,14.0728672,diff,51777,2017,31266,2017,,
931988,69386,2017,"Vols de véhicule",Véhicule,215,4.1524229,diff,51777,2017,31266,2017,,
931989,69386,2017,"Vols dans les véhicules",Véhicule,878,16.9573363,diff,51777,2017,31266,2017,,
931990,69386,2017,"Vols d'accessoires sur véhicules",Véhicule,108,2.0858682,diff,51777,2017,31266,2017,,
931991,69386,2017,"Destructions et dégradations volontaires",Infraction,684,13.2104989,diff,51777,2017,31266,2017,,
931992,69386,2017,"Usage de stupéfiants","Mis en cause",74,1.429206,diff,51777,2017,31266,2017,,
931993,69386,2017,"Usage de stupéfiants (AFD)","Mis en cause",0,0,diff,51777,2017,31266,2017,,
931994,69386,2017,"Trafic de stupéfiants","Mis en cause",,,ndiff,51777,2017,31266,2017,9.6666667,0.2114704
931995,69386,2017,"Escroqueries et fraudes aux moyens de paiement",Victime,391,7.5516156,diff,51777,2017,31266,2017,,
931996,69387,2017,"Violences physiques intrafamiliales",Victime,116,1.4221612,diff,81566,2017,50562,2017,,
931997,69387,2017,"Violences physiques hors cadre familial",Victime,423,5.1859844,diff,81566,2017,50562,2017,,
931998,69387,2017,"Violences sexuelles",Victime,94,1.152441,diff,81566,2017,50562,2017,,
931999,69387,2017,"Vols avec armes",Infraction,41,0.5026604,diff,81566,2017,50562,2017,,
932000,69387,2017,"Vols violents sans arme",Infraction,492,6.0319251,diff,81566,2017,50562,2017,,
932001,69387,2017,"Vols sans violence contre des personnes","Victime entendue",4065,49.8369419,diff,81566,2017,50562,2017,,
932002,69387,2017,"Cambriolages de logement",Infraction,612,12.1039577,diff,81566,2017,50562,2017,,
932003,69387,2017,"Vols de véhicule",Véhicule,263,3.2243827,diff,81566,2017,50562,2017,,
932004,69387,2017,"Vols dans les véhicules",Véhicule,2402,29.4485447,diff,81566,2017,50562,2017,,
932005,69387,2017,"Vols d'accessoires sur véhicules",Véhicule,196,2.402962,diff,81566,2017,50562,2017,,
932006,69387,2017,"Destructions et dégradations volontaires",Infraction,1331,16.3180737,diff,81566,2017,50562,2017,,
932007,69387,2017,"Usage de stupéfiants","Mis en cause",263,3.2243827,diff,81566,2017,50562,2017,,
932008,69387,2017,"Usage de stupéfiants (AFD)","Mis en cause",0,0,diff,81566,2017,50562,2017,,
932009,69387,2017,"Trafic de stupéfiants","Mis en cause",74,0.9072408,diff,81566,2017,50562,2017,,
932010,69387,2017,"Escroqueries et fraudes aux moyens de paiement",Victime,637,7.8096266,diff,81566,2017,50562,2017,,
932011,69388,2017,"Violences physiques intrafamiliales",Victime,218,2.5620534,diff,85088,2017,46934,2017,,
932012,69388,2017,"Violences physiques hors cadre familial",Victime,254,2.9851448,diff,85088,2017,46934,2017,,
932013,69388,2017,"Violences sexuelles",Victime,93,1.0929861,diff,85088,2017,46934,2017,,
932014,69388,2017,"Vols avec armes",Infraction,20,0.2350508,diff,85088,2017,46934,2017,,
932015,69388,2017,"Vols violents sans arme",Infraction,221,2.597311,diff,85088,2017,46934,2017,,
932016,69388,2017,"Vols sans violence contre des personnes","Victime entendue",1629,19.1448853,diff,85088,2017,46934,2017,,
932017,69388,2017,"Cambriolages de logement",Infraction,476,10.1419,diff,85088,2017,46934,2017,,
932018,69388,2017,"Vols de véhicule",Véhicule,295,3.4669989,diff,85088,2017,46934,2017,,
932019,69388,2017,"Vols dans les véhicules",Véhicule,1200,14.1030463,diff,85088,2017,46934,2017,,
932020,69388,2017,"Vols d'accessoires sur véhicules",Véhicule,247,2.902877,diff,85088,2017,46934,2017,,
932021,69388,2017,"Destructions et dégradations volontaires",Infraction,1157,13.5976871,diff,85088,2017,46934,2017,,
932022,69388,2017,"Usage de stupéfiants","Mis en cause",358,4.2074088,diff,85088,2017,46934,2017,,
932023,69388,2017,"Usage de stupéfiants (AFD)","Mis en cause",0,0,diff,85088,2017,46934,2017,,
932024,69388,2017,"Trafic de stupéfiants","Mis en cause",40,0.4701015,diff,85088,2017,46934,2017,,
932025,69388,2017,"Escroqueries et fraudes aux moyens de paiement",Victime,524,6.1583302,diff,85088,2017,46934,2017,,
932026,69389,2017,"Violences physiques intrafamiliales",Victime,143,2.8212362,diff,50687,2017,27957,2017,,
932027,69389,2017,"Violences physiques hors cadre familial",Victime,218,4.3009056,diff,50687,2017,27957,2017,,
932028,69389,2017,"Violences sexuelles",Victime,76,1.4993983,diff,50687,2017,27957,2017,,
932029,69389,2017,"Vols avec armes",Infraction,,,ndiff,50687,2017,27957,2017,5,0.1102576
932030,69389,2017,"Vols violents sans arme",Infraction,115,2.2688263,diff,50687,2017,27957,2017,,
932031,69389,2017,"Vols sans violence contre des personnes","Victime entendue",1006,19.8472981,diff,50687,2017,27957,2017,,
932032,69389,2017,"Cambriolages de logement",Infraction,287,10.2659337,diff,50687,2017,27957,2017,,
932033,69389,2017,"Vols de véhicule",Véhicule,130,2.5647602,diff,50687,2017,27957,2017,,
932034,69389,2017,"Vols dans les véhicules",Véhicule,389,7.6745517,diff,50687,2017,27957,2017,,
932035,69389,2017,"Vols d'accessoires sur véhicules",Véhicule,161,3.1763569,diff,50687,2017,27957,2017,,
932036,69389,2017,"Destructions et dégradations volontaires",Infraction,637,12.567325,diff,50687,2017,27957,2017,,
932037,69389,2017,"Usage de stupéfiants","Mis en cause",289,5.7016592,diff,50687,2017,27957,2017,,
932038,69389,2017,"Usage de stupéfiants (AFD)","Mis en cause",0,0,diff,50687,2017,27957,2017,,
932039,69389,2017,"Trafic de stupéfiants","Mis en cause",79,1.558585,diff,50687,2017,27957,2017,,
932040,69389,2017,"Escroqueries et fraudes aux moyens de paiement",Victime,294,5.8003038,diff,50687,2017,27957,2017,,
1455706,69381,2018,"Violences physiques intrafamiliales",Victime,56,1.8968262,diff,29523,2018,18374,2018,,
1455707,69381,2018,"Violences physiques hors cadre familial",Victime,332,11.2454696,diff,29523,2018,18374,2018,,
1455708,69381,2018,"Violences sexuelles",Victime,57,1.9306981,diff,29523,2018,18374,2018,,
1455709,69381,2018,"Vols avec armes",Infraction,16,0.5419503,diff,29523,2018,18374,2018,,
1455710,69381,2018,"Vols violents sans arme",Infraction,253,8.5695898,diff,29523,2018,18374,2018,,
1455711,69381,2018,"Vols sans violence contre des personnes","Victime entendue",2419,81.9361176,diff,29523,2018,18374,2018,,
1455712,69381,2018,"Cambriolages de logement",Infraction,200,10.8850995,diff,29523,2018,18374,2018,,
1455713,69381,2018,"Vols de véhicule",Véhicule,96,3.2517021,diff,29523,2018,18374,2018,,
1455714,69381,2018,"Vols dans les véhicules",Véhicule,314,10.6357755,diff,29523,2018,18374,2018,,
1455715,69381,2018,"Vols d'accessoires sur véhicules",Véhicule,28,0.9484131,diff,29523,2018,18374,2018,,
1455716,69381,2018,"Destructions et dégradations volontaires",Infraction,491,16.6311012,diff,29523,2018,18374,2018,,
1455717,69381,2018,"Usage de stupéfiants","Mis en cause",237,8.0276395,diff,29523,2018,18374,2018,,
1455718,69381,2018,"Usage de stupéfiants (AFD)","Mis en cause",0,0,diff,29523,2018,18374,2018,,
1455719,69381,2018,"Trafic de stupéfiants","Mis en cause",20,0.6774379,diff,29523,2018,18374,2018,,
1455720,69381,2018,"Escroqueries et fraudes aux moyens de paiement",Victime,266,9.0099245,diff,29523,2018,18374,2018,,
1455721,69382,2018,"Violences physiques intrafamiliales",Victime,63,2.0499138,diff,30733,2018,20472,2018,,
1455722,69382,2018,"Violences physiques hors cadre familial",Victime,335,10.9003351,diff,30733,2018,20472,2018,,
1455723,69382,2018,"Violences sexuelles",Victime,88,2.8633716,diff,30733,2018,20472,2018,,
1455724,69382,2018,"Vols avec armes",Infraction,18,0.5856896,diff,30733,2018,20472,2018,,
1455725,69382,2018,"Vols violents sans arme",Infraction,317,10.3146455,diff,30733,2018,20472,2018,,
1455726,69382,2018,"Vols sans violence contre des personnes","Victime entendue",3890,126.5740409,diff,30733,2018,20472,2018,,
1455727,69382,2018,"Cambriolages de logement",Infraction,320,15.6314675,diff,30733,2018,20472,2018,,
1455728,69382,2018,"Vols de véhicule",Véhicule,74,2.4078352,diff,30733,2018,20472,2018,,
1455729,69382,2018,"Vols dans les véhicules",Véhicule,926,30.1304786,diff,30733,2018,20472,2018,,
1455730,69382,2018,"Vols d'accessoires sur véhicules",Véhicule,60,1.9522988,diff,30733,2018,20472,2018,,
1455731,69382,2018,"Destructions et dégradations volontaires",Infraction,570,18.5468389,diff,30733,2018,20472,2018,,
1455732,69382,2018,"Usage de stupéfiants","Mis en cause",225,7.3211206,diff,30733,2018,20472,2018,,
1455733,69382,2018,"Usage de stupéfiants (AFD)","Mis en cause",0,0,diff,30733,2018,20472,2018,,
1455734,69382,2018,"Trafic de stupéfiants","Mis en cause",30,0.9761494,diff,30733,2018,20472,2018,,
1455735,69382,2018,"Escroqueries et fraudes aux moyens de paiement",Victime,359,11.6812547,diff,30733,2018,20472,2018,,
1455736,69383,2018,"Violences physiques intrafamiliales",Victime,169,1.6530057,diff,102238,2018,60825,2018,,
1455737,69383,2018,"Violences physiques hors cadre familial",Victime,470,4.5971165,diff,102238,2018,60825,2018,,
1455738,69383,2018,"Violences sexuelles",Victime,146,1.4280405,diff,102238,2018,60825,2018,,
1455739,69383,2018,"Vols avec armes",Infraction,48,0.4694928,diff,102238,2018,60825,2018,,
1455740,69383,2018,"Vols violents sans arme",Infraction,475,4.646022,diff,102238,2018,60825,2018,,
1455741,69383,2018,"Vols sans violence contre des personnes","Victime entendue",5765,56.3880358,diff,102238,2018,60825,2018,,
1455742,69383,2018,"Cambriolages de logement",Infraction,618,10.1603737,diff,102238,2018,60825,2018,,
1455743,69383,2018,"Vols de véhicule",Véhicule,362,3.5407578,diff,102238,2018,60825,2018,,
1455744,69383,2018,"Vols dans les véhicules",Véhicule,1718,16.8039281,diff,102238,2018,60825,2018,,
1455745,69383,2018,"Vols d'accessoires sur véhicules",Véhicule,177,1.7312545,diff,102238,2018,60825,2018,,
1455746,69383,2018,"Destructions et dégradations volontaires",Infraction,1163,11.3754181,diff,102238,2018,60825,2018,,
1455747,69383,2018,"Usage de stupéfiants","Mis en cause",494,4.8318629,diff,102238,2018,60825,2018,,
1455748,69383,2018,"Usage de stupéfiants (AFD)","Mis en cause",0,0,diff,102238,2018,60825,2018,,
1455749,69383,2018,"Trafic de stupéfiants","Mis en cause",45,0.4401495,diff,102238,2018,60825,2018,,
1455750,69383,2018,"Escroqueries et fraudes aux moyens de paiement",Victime,660,6.4555253,diff,102238,2018,60825,2018,,
1455751,69384,2018,"Violences physiques intrafamiliales",Victime,44,1.2263783,diff,35878,2018,20343,2018,,
1455752,69384,2018,"Violences physiques hors cadre familial",Victime,63,1.7559507,diff,35878,2018,20343,2018,,
1455753,69384,2018,"Violences sexuelles",Victime,35,0.9755282,diff,35878,2018,20343,2018,,
1455754,69384,2018,"Vols avec armes",Infraction,,,ndiff,35878,2018,20343,2018,7.6666667,0.1682086
1455755,69384,2018,"Vols violents sans arme",Infraction,66,1.8395674,diff,35878,2018,20343,2018,,
1455756,69384,2018,"Vols sans violence contre des personnes","Victime entendue",636,17.7267406,diff,35878,2018,20343,2018,,
1455757,69384,2018,"Cambriolages de logement",Infraction,179,8.7992568,diff,35878,2018,20343,2018,,
1455758,69384,2018,"Vols de véhicule",Véhicule,95,2.6478622,diff,35878,2018,20343,2018,,
1455759,69384,2018,"Vols dans les véhicules",Véhicule,175,4.8776409,diff,35878,2018,20343,2018,,
1455760,69384,2018,"Vols d'accessoires sur véhicules",Véhicule,43,1.198506,diff,35878,2018,20343,2018,,
1455761,69384,2018,"Destructions et dégradations volontaires",Infraction,271,7.5533753,diff,35878,2018,20343,2018,,
1455762,69384,2018,"Usage de stupéfiants","Mis en cause",57,1.5887173,diff,35878,2018,20343,2018,,
1455763,69384,2018,"Usage de stupéfiants (AFD)","Mis en cause",0,0,diff,35878,2018,20343,2018,,
1455764,69384,2018,"Trafic de stupéfiants","Mis en cause",,,ndiff,35878,2018,20343,2018,19,0.4129118
1455765,69384,2018,"Escroqueries et fraudes aux moyens de paiement",Victime,227,6.326997,diff,35878,2018,20343,2018,,
1455766,69385,2018,"Violences physiques intrafamiliales",Victime,92,1.8490604,diff,49755,2018,25657,2018,,
1455767,69385,2018,"Violences physiques hors cadre familial",Victime,139,2.7936891,diff,49755,2018,25657,2018,,
1455768,69385,2018,"Violences sexuelles",Victime,22,0.4421666,diff,49755,2018,25657,2018,,
1455769,69385,2018,"Vols avec armes",Infraction,,,ndiff,49755,2018,25657,2018,7.6666667,0.1682086
1455770,69385,2018,"Vols violents sans arme",Infraction,78,1.5676816,diff,49755,2018,25657,2018,,
1455771,69385,2018,"Vols sans violence contre des personnes","Victime entendue",808,16.2395739,diff,49755,2018,25657,2018,,
1455772,69385,2018,"Cambriolages de logement",Infraction,240,9.3541335,diff,49755,2018,25657,2018,,
1455773,69385,2018,"Vols de véhicule",Véhicule,118,2.3716209,diff,49755,2018,25657,2018,,
1455774,69385,2018,"Vols dans les véhicules",Véhicule,323,6.4918099,diff,49755,2018,25657,2018,,
1455775,69385,2018,"Vols d'accessoires sur véhicules",Véhicule,58,1.165712,diff,49755,2018,25657,2018,,
1455776,69385,2018,"Destructions et dégradations volontaires",Infraction,581,11.6772184,diff,49755,2018,25657,2018,,
1455777,69385,2018,"Usage de stupéfiants","Mis en cause",342,6.873681,diff,49755,2018,25657,2018,,
1455778,69385,2018,"Usage de stupéfiants (AFD)","Mis en cause",0,0,diff,49755,2018,25657,2018,,
1455779,69385,2018,"Trafic de stupéfiants","Mis en cause",,,ndiff,49755,2018,25657,2018,19,0.4129118
1455780,69385,2018,"Escroqueries et fraudes aux moyens de paiement",Victime,251,5.0447191,diff,49755,2018,25657,2018,,
1455781,69386,2018,"Violences physiques intrafamiliales",Victime,65,1.2401977,diff,52411,2018,31341,2018,,
1455782,69386,2018,"Violences physiques hors cadre familial",Victime,135,2.5757952,diff,52411,2018,31341,2018,,
1455783,69386,2018,"Violences sexuelles",Victime,48,0.9158383,diff,52411,2018,31341,2018,,
1455784,69386,2018,"Vols avec armes",Infraction,19,0.3625193,diff,52411,2018,31341,2018,,
1455785,69386,2018,"Vols violents sans arme",Infraction,156,2.9764744,diff,52411,2018,31341,2018,,
1455786,69386,2018,"Vols sans violence contre des personnes","Victime entendue",1490,28.4291466,diff,52411,2018,31341,2018,,
1455787,69386,2018,"Cambriolages de logement",Infraction,386,12.3162004,diff,52411,2018,31341,2018,,
1455788,69386,2018,"Vols de véhicule",Véhicule,195,3.720593,diff,52411,2018,31341,2018,,
1455789,69386,2018,"Vols dans les véhicules",Véhicule,948,18.087806,diff,52411,2018,31341,2018,,
1455790,69386,2018,"Vols d'accessoires sur véhicules",Véhicule,58,1.1066379,diff,52411,2018,31341,2018,,
1455791,69386,2018,"Destructions et dégradations volontaires",Infraction,565,10.7801797,diff,52411,2018,31341,2018,,
1455792,69386,2018,"Usage de stupéfiants","Mis en cause",51,0.9730782,diff,52411,2018,31341,2018,,
1455793,69386,2018,"Usage de stupéfiants (AFD)","Mis en cause",0,0,diff,52411,2018,31341,2018,,
1455794,69386,2018,"Trafic de stupéfiants","Mis en cause",,,ndiff,52411,2018,31341,2018,19,0.4129118
1455795,69386,2018,"Escroqueries et fraudes aux moyens de paiement",Victime,319,6.0865086,diff,52411,2018,31341,2018,,
1455796,69387,2018,"Violences physiques intrafamiliales",Victime,183,2.2364803,diff,81825,2018,51859,2018,,
1455797,69387,2018,"Violences physiques hors cadre familial",Victime,526,6.4283532,diff,81825,2018,51859,2018,,
1455798,69387,2018,"Violences sexuelles",Victime,139,1.6987473,diff,81825,2018,51859,2018,,
1455799,69387,2018,"Vols avec armes",Infraction,52,0.6355026,diff,81825,2018,51859,2018,,
1455800,69387,2018,"Vols violents sans arme",Infraction,517,6.3183624,diff,81825,2018,51859,2018,,
1455801,69387,2018,"Vols sans violence contre des personnes","Victime entendue",4440,54.2621448,diff,81825,2018,51859,2018,,
1455802,69387,2018,"Cambriolages de logement",Infraction,657,12.6689205,diff,81825,2018,51859,2018,,
1455803,69387,2018,"Vols de véhicule",Véhicule,268,3.2752826,diff,81825,2018,51859,2018,,
1455804,69387,2018,"Vols dans les véhicules",Véhicule,2758,33.70608,diff,81825,2018,51859,2018,,
1455805,69387,2018,"Vols d'accessoires sur véhicules",Véhicule,127,1.5520929,diff,81825,2018,51859,2018,,
1455806,69387,2018,"Destructions et dégradations volontaires",Infraction,904,11.0479682,diff,81825,2018,51859,2018,,
1455807,69387,2018,"Usage de stupéfiants","Mis en cause",394,4.8151543,diff,81825,2018,51859,2018,,
1455808,69387,2018,"Usage de stupéfiants (AFD)","Mis en cause",0,0,diff,81825,2018,51859,2018,,
1455809,69387,2018,"Trafic de stupéfiants","Mis en cause",78,0.9532539,diff,81825,2018,51859,2018,,
1455810,69387,2018,"Escroqueries et fraudes aux moyens de paiement",Victime,642,7.8460128,diff,81825,2018,51859,2018,,
1455811,69388,2018,"Violences physiques intrafamiliales",Victime,252,2.9587883,diff,85170,2018,47622,2018,,
1455812,69388,2018,"Violences physiques hors cadre familial",Victime,322,3.7806739,diff,85170,2018,47622,2018,,
1455813,69388,2018,"Violences sexuelles",Victime,92,1.0801926,diff,85170,2018,47622,2018,,
1455814,69388,2018,"Vols avec armes",Infraction,19,0.2230832,diff,85170,2018,47622,2018,,
1455815,69388,2018,"Vols violents sans arme",Infraction,217,2.5478455,diff,85170,2018,47622,2018,,
1455816,69388,2018,"Vols sans violence contre des personnes","Victime entendue",1862,21.862158,diff,85170,2018,47622,2018,,
1455817,69388,2018,"Cambriolages de logement",Infraction,508,10.6673215,diff,85170,2018,47622,2018,,
1455818,69388,2018,"Vols de véhicule",Véhicule,248,2.9118234,diff,85170,2018,47622,2018,,
1455819,69388,2018,"Vols dans les véhicules",Véhicule,1068,12.5396266,diff,85170,2018,47622,2018,,
1455820,69388,2018,"Vols d'accessoires sur véhicules",Véhicule,252,2.9587883,diff,85170,2018,47622,2018,,
1455821,69388,2018,"Destructions et dégradations volontaires",Infraction,873,10.2500881,diff,85170,2018,47622,2018,,
1455822,69388,2018,"Usage de stupéfiants","Mis en cause",421,4.9430551,diff,85170,2018,47622,2018,,
1455823,69388,2018,"Usage de stupéfiants (AFD)","Mis en cause",0,0,diff,85170,2018,47622,2018,,
1455824,69388,2018,"Trafic de stupéfiants","Mis en cause",64,0.7514383,diff,85170,2018,47622,2018,,
1455825,69388,2018,"Escroqueries et fraudes aux moyens de paiement",Victime,459,5.3892216,diff,85170,2018,47622,2018,,
1455826,69389,2018,"Violences physiques intrafamiliales",Victime,151,2.9548746,diff,51102,2018,28349,2018,,
1455827,69389,2018,"Violences physiques hors cadre familial",Victime,244,4.7747642,diff,51102,2018,28349,2018,,
1455828,69389,2018,"Violences sexuelles",Victime,77,1.5067903,diff,51102,2018,28349,2018,,
1455829,69389,2018,"Vols avec armes",Infraction,,,ndiff,51102,2018,28349,2018,7.6666667,0.1682086
1455830,69389,2018,"Vols violents sans arme",Infraction,102,1.996008,diff,51102,2018,28349,2018,,
1455831,69389,2018,"Vols sans violence contre des personnes","Victime entendue",991,19.3925874,diff,51102,2018,28349,2018,,
1455832,69389,2018,"Cambriolages de logement",Infraction,209,7.3724743,diff,51102,2018,28349,2018,,
1455833,69389,2018,"Vols de véhicule",Véhicule,130,2.5439317,diff,51102,2018,28349,2018,,
1455834,69389,2018,"Vols dans les véhicules",Véhicule,428,8.3754061,diff,51102,2018,28349,2018,,
1455835,69389,2018,"Vols d'accessoires sur véhicules",Véhicule,129,2.524363,diff,51102,2018,28349,2018,,
1455836,69389,2018,"Destructions et dégradations volontaires",Infraction,497,9.7256467,diff,51102,2018,28349,2018,,
1455837,69389,2018,"Usage de stupéfiants","Mis en cause",130,2.5439317,diff,51102,2018,28349,2018,,
1455838,69389,2018,"Usage de stupéfiants (AFD)","Mis en cause",0,0,diff,51102,2018,28349,2018,,
1455839,69389,2018,"Trafic de stupéfiants","Mis en cause",51,0.998004,diff,51102,2018,28349,2018,,
1455840,69389,2018,"Escroqueries et fraudes aux moyens de paiement",Victime,330,6.4576729,diff,51102,2018,28349,2018,,
1979506,69381,2019,"Violences physiques intrafamiliales",Victime,42,1.4169562,diff,29641,2019,18532,2019,,
1979507,69381,2019,"Violences physiques hors cadre familial",Victime,301,10.1548531,diff,29641,2019,18532,2019,,
1979508,69381,2019,"Violences sexuelles",Victime,59,1.9904862,diff,29641,2019,18532,2019,,
1979509,69381,2019,"Vols avec armes",Infraction,20,0.6747411,diff,29641,2019,18532,2019,,
1979510,69381,2019,"Vols violents sans arme",Infraction,262,8.839108,diff,29641,2019,18532,2019,,
1979511,69381,2019,"Vols sans violence contre des personnes","Victime entendue",2329,78.5735974,diff,29641,2019,18532,2019,,
1979512,69381,2019,"Cambriolages de logement",Infraction,167,9.0114381,diff,29641,2019,18532,2019,,
1979513,69381,2019,"Vols de véhicule",Véhicule,95,3.2050201,diff,29641,2019,18532,2019,,
1979514,69381,2019,"Vols dans les véhicules",Véhicule,206,6.949833,diff,29641,2019,18532,2019,,
1979515,69381,2019,"Vols d'accessoires sur véhicules",Véhicule,39,1.3157451,diff,29641,2019,18532,2019,,
1979516,69381,2019,"Destructions et dégradations volontaires",Infraction,364,12.2802874,diff,29641,2019,18532,2019,,
1979517,69381,2019,"Usage de stupéfiants","Mis en cause",251,8.4680004,diff,29641,2019,18532,2019,,
1979518,69381,2019,"Usage de stupéfiants (AFD)","Mis en cause",0,0,diff,29641,2019,18532,2019,,
1979519,69381,2019,"Trafic de stupéfiants","Mis en cause",33,1.1133228,diff,29641,2019,18532,2019,,
1979520,69381,2019,"Escroqueries et fraudes aux moyens de paiement",Victime,294,9.9186937,diff,29641,2019,18532,2019,,
1979521,69382,2019,"Violences physiques intrafamiliales",Victime,56,1.7889659,diff,31303,2019,20903,2019,,
1979522,69382,2019,"Violences physiques hors cadre familial",Victime,389,12.4269239,diff,31303,2019,20903,2019,,
1979523,69382,2019,"Violences sexuelles",Victime,104,3.3223653,diff,31303,2019,20903,2019,,
1979524,69382,2019,"Vols avec armes",Infraction,22,0.702808,diff,31303,2019,20903,2019,,
1979525,69382,2019,"Vols violents sans arme",Infraction,291,9.2962336,diff,31303,2019,20903,2019,,
1979526,69382,2019,"Vols sans violence contre des personnes","Victime entendue",3650,116.6022426,diff,31303,2019,20903,2019,,
1979527,69382,2019,"Cambriolages de logement",Infraction,270,12.9166516,diff,31303,2019,20903,2019,,
1979528,69382,2019,"Vols de véhicule",Véhicule,99,3.1626362,diff,31303,2019,20903,2019,,
1979529,69382,2019,"Vols dans les véhicules",Véhicule,828,26.4511389,diff,31303,2019,20903,2019,,
1979530,69382,2019,"Vols d'accessoires sur véhicules",Véhicule,89,2.843178,diff,31303,2019,20903,2019,,
1979531,69382,2019,"Destructions et dégradations volontaires",Infraction,628,20.0619749,diff,31303,2019,20903,2019,,
1979532,69382,2019,"Usage de stupéfiants","Mis en cause",286,9.1365045,diff,31303,2019,20903,2019,,
1979533,69382,2019,"Usage de stupéfiants (AFD)","Mis en cause",0,0,diff,31303,2019,20903,2019,,
1979534,69382,2019,"Trafic de stupéfiants","Mis en cause",21,0.6708622,diff,31303,2019,20903,2019,,
1979535,69382,2019,"Escroqueries et fraudes aux moyens de paiement",Victime,359,11.4685493,diff,31303,2019,20903,2019,,
1979536,69383,2019,"Violences physiques intrafamiliales",Victime,205,1.9956194,diff,102725,2019,61271,2019,,
1979537,69383,2019,"Violences physiques hors cadre familial",Victime,510,4.9647116,diff,102725,2019,61271,2019,,
1979538,69383,2019,"Violences sexuelles",Victime,162,1.577026,diff,102725,2019,61271,2019,,
1979539,69383,2019,"Vols avec armes",Infraction,38,0.3699197,diff,102725,2019,61271,2019,,
1979540,69383,2019,"Vols violents sans arme",Infraction,493,4.7992212,diff,102725,2019,61271,2019,,
1979541,69383,2019,"Vols sans violence contre des personnes","Victime entendue",5737,55.8481382,diff,102725,2019,61271,2019,,
1979542,69383,2019,"Cambriolages de logement",Infraction,589,9.6129855,diff,102725,2019,61271,2019,,
1979543,69383,2019,"Vols de véhicule",Véhicule,433,4.2151375,diff,102725,2019,61271,2019,,
1979544,69383,2019,"Vols dans les véhicules",Véhicule,1123,10.9321003,diff,102725,2019,61271,2019,,
1979545,69383,2019,"Vols d'accessoires sur véhicules",Véhicule,196,1.9080068,diff,102725,2019,61271,2019,,
1979546,69383,2019,"Destructions et dégradations volontaires",Infraction,1172,11.409102,diff,102725,2019,61271,2019,,
1979547,69383,2019,"Usage de stupéfiants","Mis en cause",517,5.0328547,diff,102725,2019,61271,2019,,
1979548,69383,2019,"Usage de stupéfiants (AFD)","Mis en cause",0,0,diff,102725,2019,61271,2019,,
1979549,69383,2019,"Trafic de stupéfiants","Mis en cause",50,0.4867364,diff,102725,2019,61271,2019,,
1979550,69383,2019,"Escroqueries et fraudes aux moyens de paiement",Victime,751,7.3107812,diff,102725,2019,61271,2019,,
1979551,69384,2019,"Violences physiques intrafamiliales",Victime,62,1.7191659,diff,36064,2019,20482,2019,,
1979552,69384,2019,"Violences physiques hors cadre familial",Victime,106,2.9392192,diff,36064,2019,20482,2019,,
1979553,69384,2019,"Violences sexuelles",Victime,25,0.6932121,diff,36064,2019,20482,2019,,
1979554,69384,2019,"Vols avec armes",Infraction,,,ndiff,36064,2019,20482,2019,7.6666667,0.1670164
1979555,69384,2019,"Vols violents sans arme",Infraction,52,1.4418811,diff,36064,2019,20482,2019,,
1979556,69384,2019,"Vols sans violence contre des personnes","Victime entendue",659,18.2730701,diff,36064,2019,20482,2019,,
1979557,69384,2019,"Cambriolages de logement",Infraction,181,8.8370687,diff,36064,2019,20482,2019,,
1979558,69384,2019,"Vols de véhicule",Véhicule,135,3.7433452,diff,36064,2019,20482,2019,,
1979559,69384,2019,"Vols dans les véhicules",Véhicule,168,4.6583851,diff,36064,2019,20482,2019,,
1979560,69384,2019,"Vols d'accessoires sur véhicules",Véhicule,49,1.3586957,diff,36064,2019,20482,2019,,
1979561,69384,2019,"Destructions et dégradations volontaires",Infraction,283,7.8471606,diff,36064,2019,20482,2019,,
1979562,69384,2019,"Usage de stupéfiants","Mis en cause",71,1.9687223,diff,36064,2019,20482,2019,,
1979563,69384,2019,"Usage de stupéfiants (AFD)","Mis en cause",0,0,diff,36064,2019,20482,2019,,
1979564,69384,2019,"Trafic de stupéfiants","Mis en cause",5,0.1386424,diff,36064,2019,20482,2019,,
1979565,69384,2019,"Escroqueries et fraudes aux moyens de paiement",Victime,238,6.5993789,diff,36064,2019,20482,2019,,
1979566,69385,2019,"Violences physiques intrafamiliales",Victime,79,1.5906894,diff,49664,2019,25677,2019,,
1979567,69385,2019,"Violences physiques hors cadre familial",Victime,124,2.4967784,diff,49664,2019,25677,2019,,
1979568,69385,2019,"Violences sexuelles",Victime,62,1.2483892,diff,49664,2019,25677,2019,,
1979569,69385,2019,"Vols avec armes",Infraction,,,ndiff,49664,2019,25677,2019,7.6666667,0.1670164
1979570,69385,2019,"Vols violents sans arme",Infraction,65,1.3087951,diff,49664,2019,25677,2019,,
1979571,69385,2019,"Vols sans violence contre des personnes","Victime entendue",946,19.0480026,diff,49664,2019,25677,2019,,
1979572,69385,2019,"Cambriolages de logement",Infraction,342,13.3195006,diff,49664,2019,25677,2019,,
1979573,69385,2019,"Vols de véhicule",Véhicule,108,2.1746134,diff,49664,2019,25677,2019,,
1979574,69385,2019,"Vols dans les véhicules",Véhicule,324,6.5238402,diff,49664,2019,25677,2019,,
1979575,69385,2019,"Vols d'accessoires sur véhicules",Véhicule,64,1.2886598,diff,49664,2019,25677,2019,,
1979576,69385,2019,"Destructions et dégradations volontaires",Infraction,425,8.5575064,diff,49664,2019,25677,2019,,
1979577,69385,2019,"Usage de stupéfiants","Mis en cause",376,7.5708763,diff,49664,2019,25677,2019,,
1979578,69385,2019,"Usage de stupéfiants (AFD)","Mis en cause",0,0,diff,49664,2019,25677,2019,,
1979579,69385,2019,"Trafic de stupéfiants","Mis en cause",6,0.1208119,diff,49664,2019,25677,2019,,
1979580,69385,2019,"Escroqueries et fraudes aux moyens de paiement",Victime,254,5.1143686,diff,49664,2019,25677,2019,,
1979581,69386,2019,"Violences physiques intrafamiliales",Victime,59,1.1161137,diff,52862,2019,31400,2019,,
1979582,69386,2019,"Violences physiques hors cadre familial",Victime,139,2.6294881,diff,52862,2019,31400,2019,,
1979583,69386,2019,"Violences sexuelles",Victime,55,1.0404449,diff,52862,2019,31400,2019,,
1979584,69386,2019,"Vols avec armes",Infraction,12,0.2270062,diff,52862,2019,31400,2019,,
1979585,69386,2019,"Vols violents sans arme",Infraction,142,2.6862396,diff,52862,2019,31400,2019,,
1979586,69386,2019,"Vols sans violence contre des personnes","Victime entendue",1361,25.7462828,diff,52862,2019,31400,2019,,
1979587,69386,2019,"Cambriolages de logement",Infraction,396,12.6116317,diff,52862,2019,31400,2019,,
1979588,69386,2019,"Vols de véhicule",Véhicule,214,4.0482766,diff,52862,2019,31400,2019,,
1979589,69386,2019,"Vols dans les véhicules",Véhicule,915,17.3092202,diff,52862,2019,31400,2019,,
1979590,69386,2019,"Vols d'accessoires sur véhicules",Véhicule,77,1.4566229,diff,52862,2019,31400,2019,,
1979591,69386,2019,"Destructions et dégradations volontaires",Infraction,556,10.5179524,diff,52862,2019,31400,2019,,
1979592,69386,2019,"Usage de stupéfiants","Mis en cause",76,1.4377057,diff,52862,2019,31400,2019,,
1979593,69386,2019,"Usage de stupéfiants (AFD)","Mis en cause",0,0,diff,52862,2019,31400,2019,,
1979594,69386,2019,"Trafic de stupéfiants","Mis en cause",5,0.0945859,diff,52862,2019,31400,2019,,
1979595,69386,2019,"Escroqueries et fraudes aux moyens de paiement",Victime,413,7.8127956,diff,52862,2019,31400,2019,,
1979596,69387,2019,"Violences physiques intrafamiliales",Victime,195,2.3615468,diff,82573,2019,52781,2019,,
1979597,69387,2019,"Violences physiques hors cadre familial",Victime,495,5.9946956,diff,82573,2019,52781,2019,,
1979598,69387,2019,"Violences sexuelles",Victime,133,1.610696,diff,82573,2019,52781,2019,,
1979599,69387,2019,"Vols avec armes",Infraction,30,0.3633149,diff,82573,2019,52781,2019,,
1979600,69387,2019,"Vols violents sans arme",Infraction,422,5.1106294,diff,82573,2019,52781,2019,,
1979601,69387,2019,"Vols sans violence contre des personnes","Victime entendue",4486,54.3276858,diff,82573,2019,52781,2019,,
1979602,69387,2019,"Cambriolages de logement",Infraction,488,9.2457607,diff,82573,2019,52781,2019,,
1979603,69387,2019,"Vols de véhicule",Véhicule,322,3.8995798,diff,82573,2019,52781,2019,,
1979604,69387,2019,"Vols dans les véhicules",Véhicule,1595,19.3162414,diff,82573,2019,52781,2019,,
1979605,69387,2019,"Vols d'accessoires sur véhicules",Véhicule,213,2.5795357,diff,82573,2019,52781,2019,,
1979606,69387,2019,"Destructions et dégradations volontaires",Infraction,1081,13.0914464,diff,82573,2019,52781,2019,,
1979607,69387,2019,"Usage de stupéfiants","Mis en cause",431,5.2196238,diff,82573,2019,52781,2019,,
1979608,69387,2019,"Usage de stupéfiants (AFD)","Mis en cause",0,0,diff,82573,2019,52781,2019,,
1979609,69387,2019,"Trafic de stupéfiants","Mis en cause",107,1.2958231,diff,82573,2019,52781,2019,,
1979610,69387,2019,"Escroqueries et fraudes aux moyens de paiement",Victime,695,8.4167948,diff,82573,2019,52781,2019,,
1979611,69388,2019,"Violences physiques intrafamiliales",Victime,262,3.041066,diff,86154,2019,48342,2019,,
1979612,69388,2019,"Violences physiques hors cadre familial",Victime,335,3.8883859,diff,86154,2019,48342,2019,,
1979613,69388,2019,"Violences sexuelles",Victime,88,1.0214267,diff,86154,2019,48342,2019,,
1979614,69388,2019,"Vols avec armes",Infraction,14,0.1624997,diff,86154,2019,48342,2019,,
1979615,69388,2019,"Vols violents sans arme",Infraction,200,2.3214244,diff,86154,2019,48342,2019,,
1979616,69388,2019,"Vols sans violence contre des personnes","Victime entendue",1851,21.4847831,diff,86154,2019,48342,2019,,
1979617,69388,2019,"Cambriolages de logement",Infraction,361,7.467687,diff,86154,2019,48342,2019,,
1979618,69388,2019,"Vols de véhicule",Véhicule,285,3.3080298,diff,86154,2019,48342,2019,,
1979619,69388,2019,"Vols dans les véhicules",Véhicule,861,9.9937322,diff,86154,2019,48342,2019,,
1979620,69388,2019,"Vols d'accessoires sur véhicules",Véhicule,296,3.4357082,diff,86154,2019,48342,2019,,
1979621,69388,2019,"Destructions et dégradations volontaires",Infraction,994,11.5374794,diff,86154,2019,48342,2019,,
1979622,69388,2019,"Usage de stupéfiants","Mis en cause",560,6.4999884,diff,86154,2019,48342,2019,,
1979623,69388,2019,"Usage de stupéfiants (AFD)","Mis en cause",0,0,diff,86154,2019,48342,2019,,
1979624,69388,2019,"Trafic de stupéfiants","Mis en cause",52,0.6035704,diff,86154,2019,48342,2019,,
1979625,69388,2019,"Escroqueries et fraudes aux moyens de paiement",Victime,560,6.4999884,diff,86154,2019,48342,2019,,
1979626,69389,2019,"Violences physiques intrafamiliales",Victime,159,3.0586923,diff,51983,2019,28914,2019,,
1979627,69389,2019,"Violences physiques hors cadre familial",Victime,238,4.5784199,diff,51983,2019,28914,2019,,
1979628,69389,2019,"Violences sexuelles",Victime,89,1.7120982,diff,51983,2019,28914,2019,,
1979629,69389,2019,"Vols avec armes",Infraction,,,ndiff,51983,2019,28914,2019,7.6666667,0.1670164
1979630,69389,2019,"Vols violents sans arme",Infraction,99,1.9044688,diff,51983,2019,28914,2019,,
1979631,69389,2019,"Vols sans violence contre des personnes","Victime entendue",1161,22.3342247,diff,51983,2019,28914,2019,,
1979632,69389,2019,"Cambriolages de logement",Infraction,291,10.0643332,diff,51983,2019,28914,2019,,
1979633,69389,2019,"Vols de véhicule",Véhicule,142,2.7316623,diff,51983,2019,28914,2019,,
1979634,69389,2019,"Vols dans les véhicules",Véhicule,662,12.7349326,diff,51983,2019,28914,2019,,
1979635,69389,2019,"Vols d'accessoires sur véhicules",Véhicule,99,1.9044688,diff,51983,2019,28914,2019,,
1979636,69389,2019,"Destructions et dégradations volontaires",Infraction,550,10.580382,diff,51983,2019,28914,2019,,
1979637,69389,2019,"Usage de stupéfiants","Mis en cause",307,5.9057769,diff,51983,2019,28914,2019,,
1979638,69389,2019,"Usage de stupéfiants (AFD)","Mis en cause",0,0,diff,51983,2019,28914,2019,,
1979639,69389,2019,"Trafic de stupéfiants","Mis en cause",35,0.673297,diff,51983,2019,28914,2019,,
1979640,69389,2019,"Escroqueries et fraudes aux moyens de paiement",Victime,392,7.5409268,diff,51983,2019,28914,2019,,
2503306,69381,2020,"Violences physiques intrafamiliales",Victime,45,1.5356789,diff,29303,2020,18583,2020,,
2503307,69381,2020,"Violences physiques hors cadre familial",Victime,261,8.9069379,diff,29303,2020,18583,2020,,
2503308,69381,2020,"Violences sexuelles",Victime,66,2.2523291,diff,29303,2020,18583,2020,,
2503309,69381,2020,"Vols avec armes",Infraction,12,0.4095144,diff,29303,2020,18583,2020,,
2503310,69381,2020,"Vols violents sans arme",Infraction,183,6.2450944,diff,29303,2020,18583,2020,,
2503311,69381,2020,"Vols sans violence contre des personnes","Victime entendue",1484,50.6432788,diff,29303,2020,18583,2020,,
2503312,69381,2020,"Cambriolages de logement",Infraction,160,8.6102257,diff,29303,2020,18583,2020,,
2503313,69381,2020,"Vols de véhicule",Véhicule,100,3.4126199,diff,29303,2020,18583,2020,,
2503314,69381,2020,"Vols dans les véhicules",Véhicule,188,6.4157254,diff,29303,2020,18583,2020,,
2503315,69381,2020,"Vols d'accessoires sur véhicules",Véhicule,26,0.8872812,diff,29303,2020,18583,2020,,
2503316,69381,2020,"Destructions et dégradations volontaires",Infraction,385,13.1385865,diff,29303,2020,18583,2020,,
2503317,69381,2020,"Usage de stupéfiants","Mis en cause",189,6.4498516,diff,29303,2020,18583,2020,,
2503318,69381,2020,"Usage de stupéfiants (AFD)","Mis en cause",34,1.1602908,diff,29303,2020,18583,2020,,
2503319,69381,2020,"Trafic de stupéfiants","Mis en cause",32,1.0920384,diff,29303,2020,18583,2020,,
2503320,69381,2020,"Escroqueries et fraudes aux moyens de paiement",Victime,260,8.8728117,diff,29303,2020,18583,2020,,
2503321,69382,2020,"Violences physiques intrafamiliales",Victime,73,2.4078105,diff,30318,2020,21307,2020,,
2503322,69382,2020,"Violences physiques hors cadre familial",Victime,295,9.7301933,diff,30318,2020,21307,2020,,
2503323,69382,2020,"Violences sexuelles",Victime,71,2.3418431,diff,30318,2020,21307,2020,,
2503324,69382,2020,"Vols avec armes",Infraction,22,0.7256415,diff,30318,2020,21307,2020,,
2503325,69382,2020,"Vols violents sans arme",Infraction,248,8.1799591,diff,30318,2020,21307,2020,,
2503326,69382,2020,"Vols sans violence contre des personnes","Victime entendue",2448,80.7441124,diff,30318,2020,21307,2020,,
2503327,69382,2020,"Cambriolages de logement",Infraction,168,7.8846944,diff,30318,2020,21307,2020,,
2503328,69382,2020,"Vols de véhicule",Véhicule,85,2.803615,diff,30318,2020,21307,2020,,
2503329,69382,2020,"Vols dans les véhicules",Véhicule,800,26.3869648,diff,30318,2020,21307,2020,,
2503330,69382,2020,"Vols d'accessoires sur véhicules",Véhicule,40,1.3193482,diff,30318,2020,21307,2020,,
2503331,69382,2020,"Destructions et dégradations volontaires",Infraction,418,13.7871891,diff,30318,2020,21307,2020,,
2503332,69382,2020,"Usage de stupéfiants","Mis en cause",131,4.3208655,diff,30318,2020,21307,2020,,
2503333,69382,2020,"Usage de stupéfiants (AFD)","Mis en cause",46,1.5172505,diff,30318,2020,21307,2020,,
2503334,69382,2020,"Trafic de stupéfiants","Mis en cause",20,0.6596741,diff,30318,2020,21307,2020,,
2503335,69382,2020,"Escroqueries et fraudes aux moyens de paiement",Victime,295,9.7301933,diff,30318,2020,21307,2020,,
2503336,69383,2020,"Violences physiques intrafamiliales",Victime,246,2.4156012,diff,101838,2020,61691,2020,,
2503337,69383,2020,"Violences physiques hors cadre familial",Victime,405,3.9769045,diff,101838,2020,61691,2020,,
2503338,69383,2020,"Violences sexuelles",Victime,145,1.42383,diff,101838,2020,61691,2020,,
2503339,69383,2020,"Vols avec armes",Infraction,43,0.4222392,diff,101838,2020,61691,2020,,
2503340,69383,2020,"Vols violents sans arme",Infraction,504,4.9490367,diff,101838,2020,61691,2020,,
2503341,69383,2020,"Vols sans violence contre des personnes","Victime entendue",5232,51.3757144,diff,101838,2020,61691,2020,,
2503342,69383,2020,"Cambriolages de logement",Infraction,444,7.1971043,diff,101838,2020,61691,2020,,
2503343,69383,2020,"Vols de véhicule",Véhicule,398,3.9081679,diff,101838,2020,61691,2020,,
2503344,69383,2020,"Vols dans les véhicules",Véhicule,1006,9.8784344,diff,101838,2020,61691,2020,,
2503345,69383,2020,"Vols d'accessoires sur véhicules",Véhicule,135,1.3256348,diff,101838,2020,61691,2020,,
2503346,69383,2020,"Destructions et dégradations volontaires",Infraction,937,9.2008877,diff,101838,2020,61691,2020,,
2503347,69383,2020,"Usage de stupéfiants","Mis en cause",443,4.3500462,diff,101838,2020,61691,2020,,
2503348,69383,2020,"Usage de stupéfiants (AFD)","Mis en cause",95,0.9328541,diff,101838,2020,61691,2020,,
2503349,69383,2020,"Trafic de stupéfiants","Mis en cause",49,0.4811563,diff,101838,2020,61691,2020,,
2503350,69383,2020,"Escroqueries et fraudes aux moyens de paiement",Victime,749,7.3548184,diff,101838,2020,61691,2020,,
2503351,69384,2020,"Violences physiques intrafamiliales",Victime,55,1.5413502,diff,35683,2020,20562,2020,,
2503352,69384,2020,"Violences physiques hors cadre familial",Victime,72,2.0177676,diff,35683,2020,20562,2020,,
2503353,69384,2020,"Violences sexuelles",Victime,26,0.7286383,diff,35683,2020,20562,2020,,
2503354,69384,2020,"Vols avec armes",Infraction,5,0.1401227,diff,35683,2020,20562,2020,,
2503355,69384,2020,"Vols violents sans arme",Infraction,41,1.1490065,diff,35683,2020,20562,2020,,
2503356,69384,2020,"Vols sans violence contre des personnes","Victime entendue",627,17.5713925,diff,35683,2020,20562,2020,,
2503357,69384,2020,"Cambriolages de logement",Infraction,174,8.4622615,diff,35683,2020,20562,2020,,
2503358,69384,2020,"Vols de véhicule",Véhicule,196,5.4928117,diff,35683,2020,20562,2020,,
2503359,69384,2020,"Vols dans les véhicules",Véhicule,134,3.7552896,diff,35683,2020,20562,2020,,
2503360,69384,2020,"Vols d'accessoires sur véhicules",Véhicule,26,0.7286383,diff,35683,2020,20562,2020,,
2503361,69384,2020,"Destructions et dégradations volontaires",Infraction,270,7.5666284,diff,35683,2020,20562,2020,,
2503362,69384,2020,"Usage de stupéfiants","Mis en cause",49,1.3732029,diff,35683,2020,20562,2020,,
2503363,69384,2020,"Usage de stupéfiants (AFD)","Mis en cause",10,0.2802455,diff,35683,2020,20562,2020,,
2503364,69384,2020,"Trafic de stupéfiants","Mis en cause",5,0.1401227,diff,35683,2020,20562,2020,,
2503365,69384,2020,"Escroqueries et fraudes aux moyens de paiement",Victime,280,7.8468739,diff,35683,2020,20562,2020,,
2503366,69385,2020,"Violences physiques intrafamiliales",Victime,65,1.3119122,diff,49546,2020,25748,2020,,
2503367,69385,2020,"Violences physiques hors cadre familial",Victime,114,2.3008921,diff,49546,2020,25748,2020,,
2503368,69385,2020,"Violences sexuelles",Victime,50,1.0091632,diff,49546,2020,25748,2020,,
2503369,69385,2020,"Vols avec armes",Infraction,5,0.1009163,diff,49546,2020,25748,2020,,
2503370,69385,2020,"Vols violents sans arme",Infraction,88,1.7761272,diff,49546,2020,25748,2020,,
2503371,69385,2020,"Vols sans violence contre des personnes","Victime entendue",649,13.0989384,diff,49546,2020,25748,2020,,
2503372,69385,2020,"Cambriolages de logement",Infraction,238,9.2433021,diff,49546,2020,25748,2020,,
2503373,69385,2020,"Vols de véhicule",Véhicule,116,2.3412586,diff,49546,2020,25748,2020,,
2503374,69385,2020,"Vols dans les véhicules",Véhicule,270,5.4494813,diff,49546,2020,25748,2020,,
2503375,69385,2020,"Vols d'accessoires sur véhicules",Véhicule,94,1.8972268,diff,49546,2020,25748,2020,,
2503376,69385,2020,"Destructions et dégradations volontaires",Infraction,373,7.5283575,diff,49546,2020,25748,2020,,
2503377,69385,2020,"Usage de stupéfiants","Mis en cause",142,2.8660235,diff,49546,2020,25748,2020,,
2503378,69385,2020,"Usage de stupéfiants (AFD)","Mis en cause",32,0.6458644,diff,49546,2020,25748,2020,,
2503379,69385,2020,"Trafic de stupéfiants","Mis en cause",17,0.3431155,diff,49546,2020,25748,2020,,
2503380,69385,2020,"Escroqueries et fraudes aux moyens de paiement",Victime,311,6.2769951,diff,49546,2020,25748,2020,,
2503381,69386,2020,"Violences physiques intrafamiliales",Victime,76,1.4442903,diff,52621,2020,31529,2020,,
2503382,69386,2020,"Violences physiques hors cadre familial",Victime,104,1.9763973,diff,52621,2020,31529,2020,,
2503383,69386,2020,"Violences sexuelles",Victime,36,0.6841375,diff,52621,2020,31529,2020,,
2503384,69386,2020,"Vols avec armes",Infraction,8,0.1520306,diff,52621,2020,31529,2020,,
2503385,69386,2020,"Vols violents sans arme",Infraction,140,2.6605348,diff,52621,2020,31529,2020,,
2503386,69386,2020,"Vols sans violence contre des personnes","Victime entendue",1231,23.3937021,diff,52621,2020,31529,2020,,
2503387,69386,2020,"Cambriolages de logement",Infraction,227,7.1996497,diff,52621,2020,31529,2020,,
2503388,69386,2020,"Vols de véhicule",Véhicule,221,4.1998442,diff,52621,2020,31529,2020,,
2503389,69386,2020,"Vols dans les véhicules",Véhicule,718,13.6447426,diff,52621,2020,31529,2020,,
2503390,69386,2020,"Vols d'accessoires sur véhicules",Véhicule,68,1.2922597,diff,52621,2020,31529,2020,,
2503391,69386,2020,"Destructions et dégradations volontaires",Infraction,444,8.437696,diff,52621,2020,31529,2020,,
2503392,69386,2020,"Usage de stupéfiants","Mis en cause",68,1.2922597,diff,52621,2020,31529,2020,,
2503393,69386,2020,"Usage de stupéfiants (AFD)","Mis en cause",6,0.1140229,diff,52621,2020,31529,2020,,
2503394,69386,2020,"Trafic de stupéfiants","Mis en cause",13,0.2470497,diff,52621,2020,31529,2020,,
2503395,69386,2020,"Escroqueries et fraudes aux moyens de paiement",Victime,410,7.7915661,diff,52621,2020,31529,2020,,
2503396,69387,2020,"Violences physiques intrafamiliales",Victime,203,2.4077808,diff,84310,2020,53910,2020,,
2503397,69387,2020,"Violences physiques hors cadre familial",Victime,418,4.9578935,diff,84310,2020,53910,2020,,
2503398,69387,2020,"Violences sexuelles",Victime,130,1.5419286,diff,84310,2020,53910,2020,,
2503399,69387,2020,"Vols avec armes",Infraction,46,0.5456055,diff,84310,2020,53910,2020,,
2503400,69387,2020,"Vols violents sans arme",Infraction,412,4.8867276,diff,84310,2020,53910,2020,,
2503401,69387,2020,"Vols sans violence contre des personnes","Victime entendue",2967,35.191555,diff,84310,2020,53910,2020,,
2503402,69387,2020,"Cambriolages de logement",Infraction,472,8.7553345,diff,84310,2020,53910,2020,,
2503403,69387,2020,"Vols de véhicule",Véhicule,292,3.4634088,diff,84310,2020,53910,2020,,
2503404,69387,2020,"Vols dans les véhicules",Véhicule,1673,19.8434349,diff,84310,2020,53910,2020,,
2503405,69387,2020,"Vols d'accessoires sur véhicules",Véhicule,164,1.9452022,diff,84310,2020,53910,2020,,
2503406,69387,2020,"Destructions et dégradations volontaires",Infraction,903,10.7104733,diff,84310,2020,53910,2020,,
2503407,69387,2020,"Usage de stupéfiants","Mis en cause",223,2.6450006,diff,84310,2020,53910,2020,,
2503408,69387,2020,"Usage de stupéfiants (AFD)","Mis en cause",55,0.6523544,diff,84310,2020,53910,2020,,
2503409,69387,2020,"Trafic de stupéfiants","Mis en cause",44,0.5218835,diff,84310,2020,53910,2020,,
2503410,69387,2020,"Escroqueries et fraudes aux moyens de paiement",Victime,670,7.9468628,diff,84310,2020,53910,2020,,
2503411,69388,2020,"Violences physiques intrafamiliales",Victime,284,3.3030937,diff,85980,2020,48759,2020,,
2503412,69388,2020,"Violences physiques hors cadre familial",Victime,327,3.80321,diff,85980,2020,48759,2020,,
2503413,69388,2020,"Violences sexuelles",Victime,96,1.1165387,diff,85980,2020,48759,2020,,
2503414,69388,2020,"Vols avec armes",Infraction,11,0.1279367,diff,85980,2020,48759,2020,,
2503415,69388,2020,"Vols violents sans arme",Infraction,187,2.1749244,diff,85980,2020,48759,2020,,
2503416,69388,2020,"Vols sans violence contre des personnes","Victime entendue",1402,16.3061177,diff,85980,2020,48759,2020,,
2503417,69388,2020,"Cambriolages de logement",Infraction,297,6.0911854,diff,85980,2020,48759,2020,,
2503418,69388,2020,"Vols de véhicule",Véhicule,206,2.395906,diff,85980,2020,48759,2020,,
2503419,69388,2020,"Vols dans les véhicules",Véhicule,696,8.0949058,diff,85980,2020,48759,2020,,
2503420,69388,2020,"Vols d'accessoires sur véhicules",Véhicule,209,2.4307979,diff,85980,2020,48759,2020,,
2503421,69388,2020,"Destructions et dégradations volontaires",Infraction,897,10.4326588,diff,85980,2020,48759,2020,,
2503422,69388,2020,"Usage de stupéfiants","Mis en cause",610,7.0946732,diff,85980,2020,48759,2020,,
2503423,69388,2020,"Usage de stupéfiants (AFD)","Mis en cause",110,1.2793673,diff,85980,2020,48759,2020,,
2503424,69388,2020,"Trafic de stupéfiants","Mis en cause",49,0.5699,diff,85980,2020,48759,2020,,
2503425,69388,2020,"Escroqueries et fraudes aux moyens de paiement",Victime,708,8.2344731,diff,85980,2020,48759,2020,,
2503426,69389,2020,"Violences physiques intrafamiliales",Victime,148,2.8121378,diff,52629,2020,29529,2020,,
2503427,69389,2020,"Violences physiques hors cadre familial",Victime,260,4.9402421,diff,52629,2020,29529,2020,,
2503428,69389,2020,"Violences sexuelles",Victime,77,1.4630717,diff,52629,2020,29529,2020,,
2503429,69389,2020,"Vols avec armes",Infraction,13,0.2470121,diff,52629,2020,29529,2020,,
2503430,69389,2020,"Vols violents sans arme",Infraction,135,2.5651257,diff,52629,2020,29529,2020,,
2503431,69389,2020,"Vols sans violence contre des personnes","Victime entendue",774,14.7067206,diff,52629,2020,29529,2020,,
2503432,69389,2020,"Cambriolages de logement",Infraction,169,5.723136,diff,52629,2020,29529,2020,,
2503433,69389,2020,"Vols de véhicule",Véhicule,129,2.4511201,diff,52629,2020,29529,2020,,
2503434,69389,2020,"Vols dans les véhicules",Véhicule,435,8.265405,diff,52629,2020,29529,2020,,
2503435,69389,2020,"Vols d'accessoires sur véhicules",Véhicule,128,2.4321192,diff,52629,2020,29529,2020,,
2503436,69389,2020,"Destructions et dégradations volontaires",Infraction,430,8.1704003,diff,52629,2020,29529,2020,,
2503437,69389,2020,"Usage de stupéfiants","Mis en cause",156,2.9641452,diff,52629,2020,29529,2020,,
2503438,69389,2020,"Usage de stupéfiants (AFD)","Mis en cause",31,0.5890289,diff,52629,2020,29529,2020,,
2503439,69389,2020,"Trafic de stupéfiants","Mis en cause",76,1.4440708,diff,52629,2020,29529,2020,,
2503440,69389,2020,"Escroqueries et fraudes aux moyens de paiement",Victime,325,6.1753026,diff,52629,2020,29529,2020,,
3027106,69381,2021,"Violences physiques intrafamiliales",Victime,62,2.1367521,diff,29016,2021,18784,2021,,
3027107,69381,2021,"Violences physiques hors cadre familial",Victime,240,8.2712986,diff,29016,2021,18784,2021,,
3027108,69381,2021,"Violences sexuelles",Victime,63,2.1712159,diff,29016,2021,18784,2021,,
3027109,69381,2021,"Vols avec armes",Infraction,16,0.5514199,diff,29016,2021,18784,2021,,
3027110,69381,2021,"Vols violents sans arme",Infraction,234,8.0645161,diff,29016,2021,18784,2021,,
3027111,69381,2021,"Vols sans violence contre des personnes","Victime entendue",1809,62.3449132,diff,29016,2021,18784,2021,,
3027112,69381,2021,"Cambriolages de logement",Infraction,149,7.9322854,diff,29016,2021,18784,2021,,
3027113,69381,2021,"Vols de véhicule",Véhicule,102,3.5153019,diff,29016,2021,18784,2021,,
3027114,69381,2021,"Vols dans les véhicules",Véhicule,312,10.7526882,diff,29016,2021,18784,2021,,
3027115,69381,2021,"Vols d'accessoires sur véhicules",Véhicule,22,0.7582024,diff,29016,2021,18784,2021,,
3027116,69381,2021,"Destructions et dégradations volontaires",Infraction,320,11.0283981,diff,29016,2021,18784,2021,,
3027117,69381,2021,"Usage de stupéfiants","Mis en cause",150,5.1695616,diff,29016,2021,18784,2021,,
3027118,69381,2021,"Usage de stupéfiants (AFD)","Mis en cause",75,2.5847808,diff,29016,2021,18784,2021,,
3027119,69381,2021,"Trafic de stupéfiants","Mis en cause",49,1.6887235,diff,29016,2021,18784,2021,,
3027120,69381,2021,"Escroqueries et fraudes aux moyens de paiement",Victime,272,9.3741384,diff,29016,2021,18784,2021,,
3027121,69382,2021,"Violences physiques intrafamiliales",Victime,95,3.1162867,diff,30485,2021,21780,2021,,
3027122,69382,2021,"Violences physiques hors cadre familial",Victime,336,11.021814,diff,30485,2021,21780,2021,,
3027123,69382,2021,"Violences sexuelles",Victime,108,3.5427259,diff,30485,2021,21780,2021,,
3027124,69382,2021,"Vols avec armes",Infraction,26,0.8528785,diff,30485,2021,21780,2021,,
3027125,69382,2021,"Vols violents sans arme",Infraction,363,11.9074955,diff,30485,2021,21780,2021,,
3027126,69382,2021,"Vols sans violence contre des personnes","Victime entendue",4116,135.0172216,diff,30485,2021,21780,2021,,
3027127,69382,2021,"Cambriolages de logement",Infraction,199,9.1368675,diff,30485,2021,21780,2021,,
3027128,69382,2021,"Vols de véhicule",Véhicule,156,5.1172708,diff,30485,2021,21780,2021,,
3027129,69382,2021,"Vols dans les véhicules",Véhicule,1260,41.3318025,diff,30485,2021,21780,2021,,
3027130,69382,2021,"Vols d'accessoires sur véhicules",Véhicule,45,1.4761358,diff,30485,2021,21780,2021,,
3027131,69382,2021,"Destructions et dégradations volontaires",Infraction,467,15.3190093,diff,30485,2021,21780,2021,,
3027132,69382,2021,"Usage de stupéfiants","Mis en cause",258,8.4631786,diff,30485,2021,21780,2021,,
3027133,69382,2021,"Usage de stupéfiants (AFD)","Mis en cause",172,5.6421191,diff,30485,2021,21780,2021,,
3027134,69382,2021,"Trafic de stupéfiants","Mis en cause",15,0.4920453,diff,30485,2021,21780,2021,,
3027135,69382,2021,"Escroqueries et fraudes aux moyens de paiement",Victime,425,13.9412826,diff,30485,2021,21780,2021,,
3027136,69383,2021,"Violences physiques intrafamiliales",Victime,219,2.1618527,diff,101302,2021,62111,2021,,
3027137,69383,2021,"Violences physiques hors cadre familial",Victime,488,4.817279,diff,101302,2021,62111,2021,,
3027138,69383,2021,"Violences sexuelles",Victime,166,1.6386646,diff,101302,2021,62111,2021,,
3027139,69383,2021,"Vols avec armes",Infraction,38,0.375116,diff,101302,2021,62111,2021,,
3027140,69383,2021,"Vols violents sans arme",Infraction,744,7.3443762,diff,101302,2021,62111,2021,,
3027141,69383,2021,"Vols sans violence contre des personnes","Victime entendue",5766,56.9189157,diff,101302,2021,62111,2021,,
3027142,69383,2021,"Cambriolages de logement",Infraction,449,7.229043,diff,101302,2021,62111,2021,,
3027143,69383,2021,"Vols de véhicule",Véhicule,585,5.7748119,diff,101302,2021,62111,2021,,
3027144,69383,2021,"Vols dans les véhicules",Véhicule,1559,15.3896271,diff,101302,2021,62111,2021,,
3027145,69383,2021,"Vols d'accessoires sur véhicules",Véhicule,116,1.1450909,diff,101302,2021,62111,2021,,
3027146,69383,2021,"Destructions et dégradations volontaires",Infraction,925,9.1311129,diff,101302,2021,62111,2021,,
3027147,69383,2021,"Usage de stupéfiants","Mis en cause",631,6.2288997,diff,101302,2021,62111,2021,,
3027148,69383,2021,"Usage de stupéfiants (AFD)","Mis en cause",367,3.6228307,diff,101302,2021,62111,2021,,
3027149,69383,2021,"Trafic de stupéfiants","Mis en cause",61,0.6021599,diff,101302,2021,62111,2021,,
3027150,69383,2021,"Escroqueries et fraudes aux moyens de paiement",Victime,857,8.4598527,diff,101302,2021,62111,2021,,
3027151,69384,2021,"Violences physiques intrafamiliales",Victime,62,1.7414263,diff,35603,2021,20753,2021,,
3027152,69384,2021,"Violences physiques hors cadre familial",Victime,112,3.1458023,diff,35603,2021,20753,2021,,
3027153,69384,2021,"Violences sexuelles",Victime,33,0.9268882,diff,35603,2021,20753,2021,,
3027154,69384,2021,"Vols avec armes",Infraction,6,0.1685251,diff,35603,2021,20753,2021,,
3027155,69384,2021,"Vols violents sans arme",Infraction,67,1.8818639,diff,35603,2021,20753,2021,,
3027156,69384,2021,"Vols sans violence contre des personnes","Victime entendue",847,23.79013,diff,35603,2021,20753,2021,,
3027157,69384,2021,"Cambriolages de logement",Infraction,154,7.4206134,diff,35603,2021,20753,2021,,
3027158,69384,2021,"Vols de véhicule",Véhicule,136,3.8199028,diff,35603,2021,20753,2021,,
3027159,69384,2021,"Vols dans les véhicules",Véhicule,202,5.6736792,diff,35603,2021,20753,2021,,
3027160,69384,2021,"Vols d'accessoires sur véhicules",Véhicule,23,0.646013,diff,35603,2021,20753,2021,,
3027161,69384,2021,"Destructions et dégradations volontaires",Infraction,233,6.5443923,diff,35603,2021,20753,2021,,
3027162,69384,2021,"Usage de stupéfiants","Mis en cause",74,2.0784765,diff,35603,2021,20753,2021,,
3027163,69384,2021,"Usage de stupéfiants (AFD)","Mis en cause",37,1.0392383,diff,35603,2021,20753,2021,,
3027164,69384,2021,"Trafic de stupéfiants","Mis en cause",16,0.4494003,diff,35603,2021,20753,2021,,
3027165,69384,2021,"Escroqueries et fraudes aux moyens de paiement",Victime,345,9.6901946,diff,35603,2021,20753,2021,,
3027166,69385,2021,"Violences physiques intrafamiliales",Victime,107,2.1966291,diff,48711,2021,26036,2021,,
3027167,69385,2021,"Violences physiques hors cadre familial",Victime,133,2.7303894,diff,48711,2021,26036,2021,,
3027168,69385,2021,"Violences sexuelles",Victime,66,1.3549301,diff,48711,2021,26036,2021,,
3027169,69385,2021,"Vols avec armes",Infraction,8,0.164234,diff,48711,2021,26036,2021,,
3027170,69385,2021,"Vols violents sans arme",Infraction,86,1.765515,diff,48711,2021,26036,2021,,
3027171,69385,2021,"Vols sans violence contre des personnes","Victime entendue",1032,21.1861797,diff,48711,2021,26036,2021,,
3027172,69385,2021,"Cambriolages de logement",Infraction,214,8.2192673,diff,48711,2021,26036,2021,,
3027173,69385,2021,"Vols de véhicule",Véhicule,98,2.0118659,diff,48711,2021,26036,2021,,
3027174,69385,2021,"Vols dans les véhicules",Véhicule,451,9.258689,diff,48711,2021,26036,2021,,
3027175,69385,2021,"Vols d'accessoires sur véhicules",Véhicule,73,1.4986348,diff,48711,2021,26036,2021,,
3027176,69385,2021,"Destructions et dégradations volontaires",Infraction,422,8.6633409,diff,48711,2021,26036,2021,,
3027177,69385,2021,"Usage de stupéfiants","Mis en cause",163,3.3462668,diff,48711,2021,26036,2021,,
3027178,69385,2021,"Usage de stupéfiants (AFD)","Mis en cause",91,1.8681612,diff,48711,2021,26036,2021,,
3027179,69385,2021,"Trafic de stupéfiants","Mis en cause",8,0.164234,diff,48711,2021,26036,2021,,
3027180,69385,2021,"Escroqueries et fraudes aux moyens de paiement",Victime,358,7.3494693,diff,48711,2021,26036,2021,,
3027181,69386,2021,"Violences physiques intrafamiliales",Victime,71,1.3652008,diff,52007,2021,31817,2021,,
3027182,69386,2021,"Violences physiques hors cadre familial",Victime,115,2.2112408,diff,52007,2021,31817,2021,,
3027183,69386,2021,"Violences sexuelles",Victime,64,1.2306036,diff,52007,2021,31817,2021,,
3027184,69386,2021,"Vols avec armes",Infraction,14,0.2691945,diff,52007,2021,31817,2021,,
3027185,69386,2021,"Vols violents sans arme",Infraction,228,4.3840252,diff,52007,2021,31817,2021,,
3027186,69386,2021,"Vols sans violence contre des personnes","Victime entendue",1749,33.6300883,diff,52007,2021,31817,2021,,
3027187,69386,2021,"Cambriolages de logement",Infraction,357,11.2204401,diff,52007,2021,31817,2021,,
3027188,69386,2021,"Vols de véhicule",Véhicule,287,5.5184879,diff,52007,2021,31817,2021,,
3027189,69386,2021,"Vols dans les véhicules",Véhicule,877,16.8631146,diff,52007,2021,31817,2021,,
3027190,69386,2021,"Vols d'accessoires sur véhicules",Véhicule,78,1.4997981,diff,52007,2021,31817,2021,,
3027191,69386,2021,"Destructions et dégradations volontaires",Infraction,413,7.9412387,diff,52007,2021,31817,2021,,
3027192,69386,2021,"Usage de stupéfiants","Mis en cause",65,1.2498318,diff,52007,2021,31817,2021,,
3027193,69386,2021,"Usage de stupéfiants (AFD)","Mis en cause",23,0.4422482,diff,52007,2021,31817,2021,,
3027194,69386,2021,"Trafic de stupéfiants","Mis en cause",5,0.0961409,diff,52007,2021,31817,2021,,
3027195,69386,2021,"Escroqueries et fraudes aux moyens de paiement",Victime,546,10.4985867,diff,52007,2021,31817,2021,,
3027196,69387,2021,"Violences physiques intrafamiliales",Victime,236,2.7474766,diff,85897,2021,55008,2021,,
3027197,69387,2021,"Violences physiques hors cadre familial",Victime,471,5.4833114,diff,85897,2021,55008,2021,,
3027198,69387,2021,"Violences sexuelles",Victime,156,1.8161286,diff,85897,2021,55008,2021,,
3027199,69387,2021,"Vols avec armes",Infraction,36,0.4191066,diff,85897,2021,55008,2021,,
3027200,69387,2021,"Vols violents sans arme",Infraction,574,6.682422,diff,85897,2021,55008,2021,,
3027201,69387,2021,"Vols sans violence contre des personnes","Victime entendue",3805,44.2972397,diff,85897,2021,55008,2021,,
3027202,69387,2021,"Cambriolages de logement",Infraction,351,6.3808602,diff,85897,2021,55008,2021,,
3027203,69387,2021,"Vols de véhicule",Véhicule,400,4.65674,diff,85897,2021,55008,2021,,
3027204,69387,2021,"Vols dans les véhicules",Véhicule,2180,25.3792333,diff,85897,2021,55008,2021,,
3027205,69387,2021,"Vols d'accessoires sur véhicules",Véhicule,217,2.5262815,diff,85897,2021,55008,2021,,
3027206,69387,2021,"Destructions et dégradations volontaires",Infraction,1214,14.133206,diff,85897,2021,55008,2021,,
3027207,69387,2021,"Usage de stupéfiants","Mis en cause",354,4.1212149,diff,85897,2021,55008,2021,,
3027208,69387,2021,"Usage de stupéfiants (AFD)","Mis en cause",156,1.8161286,diff,85897,2021,55008,2021,,
3027209,69387,2021,"Trafic de stupéfiants","Mis en cause",48,0.5588088,diff,85897,2021,55008,2021,,
3027210,69387,2021,"Escroqueries et fraudes aux moyens de paiement",Victime,797,9.2785545,diff,85897,2021,55008,2021,,
3027211,69388,2021,"Violences physiques intrafamiliales",Victime,336,3.8922225,diff,86326,2021,49136,2021,,
3027212,69388,2021,"Violences physiques hors cadre familial",Victime,302,3.4983667,diff,86326,2021,49136,2021,,
3027213,69388,2021,"Violences sexuelles",Victime,109,1.2626555,diff,86326,2021,49136,2021,,
3027214,69388,2021,"Vols avec armes",Infraction,22,0.2548479,diff,86326,2021,49136,2021,,
3027215,69388,2021,"Vols violents sans arme",Infraction,258,2.9886709,diff,86326,2021,49136,2021,,
3027216,69388,2021,"Vols sans violence contre des personnes","Victime entendue",1858,21.5230637,diff,86326,2021,49136,2021,,
3027217,69388,2021,"Cambriolages de logement",Infraction,369,7.5098398,diff,86326,2021,49136,2021,,
3027218,69388,2021,"Vols de véhicule",Véhicule,280,3.2435188,diff,86326,2021,49136,2021,,
3027219,69388,2021,"Vols dans les véhicules",Véhicule,775,8.9775966,diff,86326,2021,49136,2021,,
3027220,69388,2021,"Vols d'accessoires sur véhicules",Véhicule,200,2.3167991,diff,86326,2021,49136,2021,,
3027221,69388,2021,"Destructions et dégradations volontaires",Infraction,905,10.483516,diff,86326,2021,49136,2021,,
3027222,69388,2021,"Usage de stupéfiants","Mis en cause",596,6.9040613,diff,86326,2021,49136,2021,,
3027223,69388,2021,"Usage de stupéfiants (AFD)","Mis en cause",467,5.4097259,diff,86326,2021,49136,2021,,
3027224,69388,2021,"Trafic de stupéfiants","Mis en cause",54,0.6255358,diff,86326,2021,49136,2021,,
3027225,69388,2021,"Escroqueries et fraudes aux moyens de paiement",Victime,843,9.7653083,diff,86326,2021,49136,2021,,
3027226,69389,2021,"Violences physiques intrafamiliales",Victime,171,3.2323309,diff,52903,2021,30366,2021,,
3027227,69389,2021,"Violences physiques hors cadre familial",Victime,300,5.6707559,diff,52903,2021,30366,2021,,
3027228,69389,2021,"Violences sexuelles",Victime,93,1.7579343,diff,52903,2021,30366,2021,,
3027229,69389,2021,"Vols avec armes",Infraction,20,0.3780504,diff,52903,2021,30366,2021,,
3027230,69389,2021,"Vols violents sans arme",Infraction,162,3.0622082,diff,52903,2021,30366,2021,,
3027231,69389,2021,"Vols sans violence contre des personnes","Victime entendue",921,17.4092206,diff,52903,2021,30366,2021,,
3027232,69389,2021,"Cambriolages de logement",Infraction,218,7.1791956,diff,52903,2021,30366,2021,,
3027233,69389,2021,"Vols de véhicule",Véhicule,149,2.8164754,diff,52903,2021,30366,2021,,
3027234,69389,2021,"Vols dans les véhicules",Véhicule,577,10.9067539,diff,52903,2021,30366,2021,,
3027235,69389,2021,"Vols d'accessoires sur véhicules",Véhicule,146,2.7597679,diff,52903,2021,30366,2021,,
3027236,69389,2021,"Destructions et dégradations volontaires",Infraction,451,8.5250364,diff,52903,2021,30366,2021,,
3027237,69389,2021,"Usage de stupéfiants","Mis en cause",170,3.2134283,diff,52903,2021,30366,2021,,
3027238,69389,2021,"Usage de stupéfiants (AFD)","Mis en cause",92,1.7390318,diff,52903,2021,30366,2021,,
3027239,69389,2021,"Trafic de stupéfiants","Mis en cause",38,0.7182957,diff,52903,2021,30366,2021,,
3027240,69389,2021,"Escroqueries et fraudes aux moyens de paiement",Victime,351,6.6347844,diff,52903,2021,30366,2021,,
3550906,69381,2022,"Violences physiques intrafamiliales",Victime,68,2.3415978,diff,29040,2022,18784,2021,,
3550907,69381,2022,"Violences physiques hors cadre familial",Victime,297,10.2272727,diff,29040,2022,18784,2021,,
3550908,69381,2022,"Violences sexuelles",Victime,92,3.1680441,diff,29040,2022,18784,2021,,
3550909,69381,2022,"Vols avec armes",Infraction,25,0.8608815,diff,29040,2022,18784,2021,,
3550910,69381,2022,"Vols violents sans arme",Infraction,337,11.6046832,diff,29040,2022,18784,2021,,
3550911,69381,2022,"Vols sans violence contre des personnes","Victime entendue",2415,83.161157,diff,29040,2022,18784,2021,,
3550912,69381,2022,"Cambriolages de logement",Infraction,190,10.1149948,diff,29040,2022,18784,2021,,
3550913,69381,2022,"Vols de véhicule",Véhicule,89,3.0647383,diff,29040,2022,18784,2021,,
3550914,69381,2022,"Vols dans les véhicules",Véhicule,353,12.1556474,diff,29040,2022,18784,2021,,
3550915,69381,2022,"Vols d'accessoires sur véhicules",Véhicule,42,1.446281,diff,29040,2022,18784,2021,,
3550916,69381,2022,"Destructions et dégradations volontaires",Infraction,353,12.1556474,diff,29040,2022,18784,2021,,
3550917,69381,2022,"Usage de stupéfiants","Mis en cause",266,9.1597796,diff,29040,2022,18784,2021,,
3550918,69381,2022,"Usage de stupéfiants (AFD)","Mis en cause",175,6.0261708,diff,29040,2022,18784,2021,,
3550919,69381,2022,"Trafic de stupéfiants","Mis en cause",17,0.5853994,diff,29040,2022,18784,2021,,
3550920,69381,2022,"Escroqueries et fraudes aux moyens de paiement",Victime,240,8.2644628,diff,29040,2022,18784,2021,,
3550921,69382,2022,"Violences physiques intrafamiliales",Victime,91,3.0455154,diff,29880,2022,21780,2021,,
3550922,69382,2022,"Violences physiques hors cadre familial",Victime,394,13.1860776,diff,29880,2022,21780,2021,,
3550923,69382,2022,"Violences sexuelles",Victime,112,3.7483266,diff,29880,2022,21780,2021,,
3550924,69382,2022,"Vols avec armes",Infraction,37,1.2382865,diff,29880,2022,21780,2021,,
3550925,69382,2022,"Vols violents sans arme",Infraction,344,11.5127175,diff,29880,2022,21780,2021,,
3550926,69382,2022,"Vols sans violence contre des personnes","Victime entendue",3805,127.3427041,diff,29880,2022,21780,2021,,
3550927,69382,2022,"Cambriolages de logement",Infraction,255,11.7080462,diff,29880,2022,21780,2021,,
3550928,69382,2022,"Vols de véhicule",Véhicule,194,6.4926372,diff,29880,2022,21780,2021,,
3550929,69382,2022,"Vols dans les véhicules",Véhicule,1733,57.9986613,diff,29880,2022,21780,2021,,
3550930,69382,2022,"Vols d'accessoires sur véhicules",Véhicule,120,4.0160643,diff,29880,2022,21780,2021,,
3550931,69382,2022,"Destructions et dégradations volontaires",Infraction,500,16.7336011,diff,29880,2022,21780,2021,,
3550932,69382,2022,"Usage de stupéfiants","Mis en cause",488,16.3319946,diff,29880,2022,21780,2021,,
3550933,69382,2022,"Usage de stupéfiants (AFD)","Mis en cause",362,12.1151272,diff,29880,2022,21780,2021,,
3550934,69382,2022,"Trafic de stupéfiants","Mis en cause",20,0.669344,diff,29880,2022,21780,2021,,
3550935,69382,2022,"Escroqueries et fraudes aux moyens de paiement",Victime,299,10.0066934,diff,29880,2022,21780,2021,,
3550936,69383,2022,"Violences physiques intrafamiliales",Victime,256,2.5215961,diff,101523,2022,62111,2021,,
3550937,69383,2022,"Violences physiques hors cadre familial",Victime,584,5.7523911,diff,101523,2022,62111,2021,,
3550938,69383,2022,"Violences sexuelles",Victime,209,2.0586468,diff,101523,2022,62111,2021,,
3550939,69383,2022,"Vols avec armes",Infraction,51,0.5023492,diff,101523,2022,62111,2021,,
3550940,69383,2022,"Vols violents sans arme",Infraction,533,5.2500419,diff,101523,2022,62111,2021,,
3550941,69383,2022,"Vols sans violence contre des personnes","Victime entendue",5216,51.3775204,diff,101523,2022,62111,2021,,
3550942,69383,2022,"Cambriolages de logement",Infraction,721,11.6083296,diff,101523,2022,62111,2021,,
3550943,69383,2022,"Vols de véhicule",Véhicule,505,4.9742423,diff,101523,2022,62111,2021,,
3550944,69383,2022,"Vols dans les véhicules",Véhicule,1796,17.6905726,diff,101523,2022,62111,2021,,
3550945,69383,2022,"Vols d'accessoires sur véhicules",Véhicule,173,1.7040474,diff,101523,2022,62111,2021,,
3550946,69383,2022,"Destructions et dégradations volontaires",Infraction,929,9.1506358,diff,101523,2022,62111,2021,,
3550947,69383,2022,"Usage de stupéfiants","Mis en cause",1114,10.972883,diff,101523,2022,62111,2021,,
3550948,69383,2022,"Usage de stupéfiants (AFD)","Mis en cause",771,7.5943382,diff,101523,2022,62111,2021,,
3550949,69383,2022,"Trafic de stupéfiants","Mis en cause",74,0.7288989,diff,101523,2022,62111,2021,,
3550950,69383,2022,"Escroqueries et fraudes aux moyens de paiement",Victime,789,7.771638,diff,101523,2022,62111,2021,,
3550951,69384,2022,"Violences physiques intrafamiliales",Victime,65,1.8449137,diff,35232,2022,20753,2021,,
3550952,69384,2022,"Violences physiques hors cadre familial",Victime,83,2.3558129,diff,35232,2022,20753,2021,,
3550953,69384,2022,"Violences sexuelles",Victime,38,1.0785649,diff,35232,2022,20753,2021,,
3550954,69384,2022,"Vols avec armes",Infraction,6,0.1702997,diff,35232,2022,20753,2021,,
3550955,69384,2022,"Vols violents sans arme",Infraction,37,1.0501817,diff,35232,2022,20753,2021,,
3550956,69384,2022,"Vols sans violence contre des personnes","Victime entendue",660,18.73297,diff,35232,2022,20753,2021,,
3550957,69384,2022,"Cambriolages de logement",Infraction,174,8.3843295,diff,35232,2022,20753,2021,,
3550958,69384,2022,"Vols de véhicule",Véhicule,178,5.0522252,diff,35232,2022,20753,2021,,
3550959,69384,2022,"Vols dans les véhicules",Véhicule,170,4.8251589,diff,35232,2022,20753,2021,,
3550960,69384,2022,"Vols d'accessoires sur véhicules",Véhicule,49,1.3907811,diff,35232,2022,20753,2021,,
3550961,69384,2022,"Destructions et dégradations volontaires",Infraction,231,6.5565395,diff,35232,2022,20753,2021,,
3550962,69384,2022,"Usage de stupéfiants","Mis en cause",72,2.0435967,diff,35232,2022,20753,2021,,
3550963,69384,2022,"Usage de stupéfiants (AFD)","Mis en cause",58,1.6462307,diff,35232,2022,20753,2021,,
3550964,69384,2022,"Trafic de stupéfiants","Mis en cause",24,0.6811989,diff,35232,2022,20753,2021,,
3550965,69384,2022,"Escroqueries et fraudes aux moyens de paiement",Victime,229,6.4997729,diff,35232,2022,20753,2021,,
3550966,69385,2022,"Violences physiques intrafamiliales",Victime,90,1.8642418,diff,48277,2022,26036,2021,,
3550967,69385,2022,"Violences physiques hors cadre familial",Victime,158,3.27278,diff,48277,2022,26036,2021,,
3550968,69385,2022,"Violences sexuelles",Victime,53,1.0978313,diff,48277,2022,26036,2021,,
3550969,69385,2022,"Vols avec armes",Infraction,7,0.1449966,diff,48277,2022,26036,2021,,
3550970,69385,2022,"Vols violents sans arme",Infraction,106,2.1956625,diff,48277,2022,26036,2021,,
3550971,69385,2022,"Vols sans violence contre des personnes","Victime entendue",1210,25.0636949,diff,48277,2022,26036,2021,,
3550972,69385,2022,"Cambriolages de logement",Infraction,272,10.4469192,diff,48277,2022,26036,2021,,
3550973,69385,2022,"Vols de véhicule",Véhicule,145,3.0035006,diff,48277,2022,26036,2021,,
3550974,69385,2022,"Vols dans les véhicules",Véhicule,594,12.3039957,diff,48277,2022,26036,2021,,
3550975,69385,2022,"Vols d'accessoires sur véhicules",Véhicule,88,1.8228142,diff,48277,2022,26036,2021,,
3550976,69385,2022,"Destructions et dégradations volontaires",Infraction,389,8.0576672,diff,48277,2022,26036,2021,,
3550977,69385,2022,"Usage de stupéfiants","Mis en cause",117,2.4235143,diff,48277,2022,26036,2021,,
3550978,69385,2022,"Usage de stupéfiants (AFD)","Mis en cause",82,1.6985314,diff,48277,2022,26036,2021,,
3550979,69385,2022,"Trafic de stupéfiants","Mis en cause",13,0.2692794,diff,48277,2022,26036,2021,,
3550980,69385,2022,"Escroqueries et fraudes aux moyens de paiement",Victime,362,7.4983947,diff,48277,2022,26036,2021,,
3550981,69386,2022,"Violences physiques intrafamiliales",Victime,101,1.9914034,diff,50718,2022,31817,2021,,
3550982,69386,2022,"Violences physiques hors cadre familial",Victime,144,2.8392287,diff,50718,2022,31817,2021,,
3550983,69386,2022,"Violences sexuelles",Victime,71,1.3998975,diff,50718,2022,31817,2021,,
3550984,69386,2022,"Vols avec armes",Infraction,20,0.3943373,diff,50718,2022,31817,2021,,
3550985,69386,2022,"Vols violents sans arme",Infraction,219,4.3179936,diff,50718,2022,31817,2021,,
3550986,69386,2022,"Vols sans violence contre des personnes","Victime entendue",1651,32.5525454,diff,50718,2022,31817,2021,,
3550987,69386,2022,"Cambriolages de logement",Infraction,429,13.483386,diff,50718,2022,31817,2021,,
3550988,69386,2022,"Vols de véhicule",Véhicule,290,5.7178911,diff,50718,2022,31817,2021,,
3550989,69386,2022,"Vols dans les véhicules",Véhicule,1057,20.8407272,diff,50718,2022,31817,2021,,
3550990,69386,2022,"Vols d'accessoires sur véhicules",Véhicule,128,2.5237588,diff,50718,2022,31817,2021,,
3550991,69386,2022,"Destructions et dégradations volontaires",Infraction,442,8.7148547,diff,50718,2022,31817,2021,,
3550992,69386,2022,"Usage de stupéfiants","Mis en cause",77,1.5181987,diff,50718,2022,31817,2021,,
3550993,69386,2022,"Usage de stupéfiants (AFD)","Mis en cause",48,0.9464096,diff,50718,2022,31817,2021,,
3550994,69386,2022,"Trafic de stupéfiants","Mis en cause",6,0.1183012,diff,50718,2022,31817,2021,,
3550995,69386,2022,"Escroqueries et fraudes aux moyens de paiement",Victime,453,8.9317402,diff,50718,2022,31817,2021,,
3550996,69387,2022,"Violences physiques intrafamiliales",Victime,232,2.6517013,diff,87491,2022,55008,2021,,
3550997,69387,2022,"Violences physiques hors cadre familial",Victime,560,6.4006584,diff,87491,2022,55008,2021,,
3550998,69387,2022,"Violences sexuelles",Victime,225,2.5716931,diff,87491,2022,55008,2021,,
3550999,69387,2022,"Vols avec armes",Infraction,36,0.4114709,diff,87491,2022,55008,2021,,
3551000,69387,2022,"Vols violents sans arme",Infraction,501,5.7263033,diff,87491,2022,55008,2021,,
3551001,69387,2022,"Vols sans violence contre des personnes","Victime entendue",3619,41.3642546,diff,87491,2022,55008,2021,,
3551002,69387,2022,"Cambriolages de logement",Infraction,617,11.2164979,diff,87491,2022,55008,2021,,
3551003,69387,2022,"Vols de véhicule",Véhicule,383,4.3775931,diff,87491,2022,55008,2021,,
3551004,69387,2022,"Vols dans les véhicules",Véhicule,2582,29.5116069,diff,87491,2022,55008,2021,,
3551005,69387,2022,"Vols d'accessoires sur véhicules",Véhicule,350,4.0004115,diff,87491,2022,55008,2021,,
3551006,69387,2022,"Destructions et dégradations volontaires",Infraction,1076,12.2984078,diff,87491,2022,55008,2021,,
3551007,69387,2022,"Usage de stupéfiants","Mis en cause",753,8.6065995,diff,87491,2022,55008,2021,,
3551008,69387,2022,"Usage de stupéfiants (AFD)","Mis en cause",480,5.4862786,diff,87491,2022,55008,2021,,
3551009,69387,2022,"Trafic de stupéfiants","Mis en cause",85,0.9715285,diff,87491,2022,55008,2021,,
3551010,69387,2022,"Escroqueries et fraudes aux moyens de paiement",Victime,671,7.6693603,diff,87491,2022,55008,2021,,
3551011,69388,2022,"Violences physiques intrafamiliales",Victime,302,3.5547813,diff,84956,2022,49136,2021,,
3551012,69388,2022,"Violences physiques hors cadre familial",Victime,343,4.0373841,diff,84956,2022,49136,2021,,
3551013,69388,2022,"Violences sexuelles",Victime,149,1.7538491,diff,84956,2022,49136,2021,,
3551014,69388,2022,"Vols avec armes",Infraction,15,0.176562,diff,84956,2022,49136,2021,,
3551015,69388,2022,"Vols violents sans arme",Infraction,229,2.695513,diff,84956,2022,49136,2021,,
3551016,69388,2022,"Vols sans violence contre des personnes","Victime entendue",1829,21.5287914,diff,84956,2022,49136,2021,,
3551017,69388,2022,"Cambriolages de logement",Infraction,524,10.6643796,diff,84956,2022,49136,2021,,
3551018,69388,2022,"Vols de véhicule",Véhicule,281,3.3075945,diff,84956,2022,49136,2021,,
3551019,69388,2022,"Vols dans les véhicules",Véhicule,966,11.3705918,diff,84956,2022,49136,2021,,
3551020,69388,2022,"Vols d'accessoires sur véhicules",Véhicule,230,2.7072838,diff,84956,2022,49136,2021,,
3551021,69388,2022,"Destructions et dégradations volontaires",Infraction,804,9.4637224,diff,84956,2022,49136,2021,,
3551022,69388,2022,"Usage de stupéfiants","Mis en cause",663,7.8040397,diff,84956,2022,49136,2021,,
3551023,69388,2022,"Usage de stupéfiants (AFD)","Mis en cause",528,6.2149819,diff,84956,2022,49136,2021,,
3551024,69388,2022,"Trafic de stupéfiants","Mis en cause",85,1.0005179,diff,84956,2022,49136,2021,,
3551025,69388,2022,"Escroqueries et fraudes aux moyens de paiement",Victime,699,8.2277885,diff,84956,2022,49136,2021,,
3551026,69389,2022,"Violences physiques intrafamiliales",Victime,165,3.0750881,diff,53657,2022,30366,2021,,
3551027,69389,2022,"Violences physiques hors cadre familial",Victime,220,4.1001174,diff,53657,2022,30366,2021,,
3551028,69389,2022,"Violences sexuelles",Victime,91,1.6959577,diff,53657,2022,30366,2021,,
3551029,69389,2022,"Vols avec armes",Infraction,14,0.2609166,diff,53657,2022,30366,2021,,
3551030,69389,2022,"Vols violents sans arme",Infraction,105,1.9568742,diff,53657,2022,30366,2021,,
3551031,69389,2022,"Vols sans violence contre des personnes","Victime entendue",870,16.2141007,diff,53657,2022,30366,2021,,
3551032,69389,2022,"Cambriolages de logement",Infraction,223,7.3438561,diff,53657,2022,30366,2021,,
3551033,69389,2022,"Vols de véhicule",Véhicule,180,3.3546415,diff,53657,2022,30366,2021,,
3551034,69389,2022,"Vols dans les véhicules",Véhicule,445,8.2934193,diff,53657,2022,30366,2021,,
3551035,69389,2022,"Vols d'accessoires sur véhicules",Véhicule,188,3.5037367,diff,53657,2022,30366,2021,,
3551036,69389,2022,"Destructions et dégradations volontaires",Infraction,476,8.8711631,diff,53657,2022,30366,2021,,
3551037,69389,2022,"Usage de stupéfiants","Mis en cause",235,4.3796709,diff,53657,2022,30366,2021,,
3551038,69389,2022,"Usage de stupéfiants (AFD)","Mis en cause",152,2.8328084,diff,53657,2022,30366,2021,,
3551039,69389,2022,"Trafic de stupéfiants","Mis en cause",50,0.9318449,diff,53657,2022,30366,2021,,
3551040,69389,2022,"Escroqueries et fraudes aux moyens de paiement",Victime,306,5.7028906,diff,53657,2022,30366,2021,,
4074706,69381,2023,"Violences physiques intrafamiliales",Victime,67,2.3071625,diff,29040,2022,18784,2021,,
4074707,69381,2023,"Violences physiques hors cadre familial",Victime,244,8.4022039,diff,29040,2022,18784,2021,,
4074708,69381,2023,"Violences sexuelles",Victime,81,2.7892562,diff,29040,2022,18784,2021,,
4074709,69381,2023,"Vols avec armes",Infraction,12,0.4132231,diff,29040,2022,18784,2021,,
4074710,69381,2023,"Vols violents sans arme",Infraction,234,8.0578512,diff,29040,2022,18784,2021,,
4074711,69381,2023,"Vols sans violence contre des personnes","Victime entendue",1813,62.4311295,diff,29040,2022,18784,2021,,
4074712,69381,2023,"Cambriolages de logement",Infraction,119,6.335181,diff,29040,2022,18784,2021,,
4074713,69381,2023,"Vols de véhicule",Véhicule,111,3.822314,diff,29040,2022,18784,2021,,
4074714,69381,2023,"Vols dans les véhicules",Véhicule,271,9.3319559,diff,29040,2022,18784,2021,,
4074715,69381,2023,"Vols d'accessoires sur véhicules",Véhicule,27,0.9297521,diff,29040,2022,18784,2021,,
4074716,69381,2023,"Destructions et dégradations volontaires",Infraction,445,15.3236915,diff,29040,2022,18784,2021,,
4074717,69381,2023,"Usage de stupéfiants","Mis en cause",275,9.469697,diff,29040,2022,18784,2021,,
4074718,69381,2023,"Usage de stupéfiants (AFD)","Mis en cause",188,6.4738292,diff,29040,2022,18784,2021,,
4074719,69381,2023,"Trafic de stupéfiants","Mis en cause",30,1.0330579,diff,29040,2022,18784,2021,,
4074720,69381,2023,"Escroqueries et fraudes aux moyens de paiement",Victime,236,8.1267218,diff,29040,2022,18784,2021,,
4074721,69382,2023,"Violences physiques intrafamiliales",Victime,78,2.6104418,diff,29880,2022,21780,2021,,
4074722,69382,2023,"Violences physiques hors cadre familial",Victime,381,12.751004,diff,29880,2022,21780,2021,,
4074723,69382,2023,"Violences sexuelles",Victime,116,3.8821954,diff,29880,2022,21780,2021,,
4074724,69382,2023,"Vols avec armes",Infraction,18,0.6024096,diff,29880,2022,21780,2021,,
4074725,69382,2023,"Vols violents sans arme",Infraction,215,7.1954485,diff,29880,2022,21780,2021,,
4074726,69382,2023,"Vols sans violence contre des personnes","Victime entendue",3530,118.1392236,diff,29880,2022,21780,2021,,
4074727,69382,2023,"Cambriolages de logement",Infraction,158,7.2543973,diff,29880,2022,21780,2021,,
4074728,69382,2023,"Vols de véhicule",Véhicule,158,5.2878179,diff,29880,2022,21780,2021,,
4074729,69382,2023,"Vols dans les véhicules",Véhicule,1454,48.6613119,diff,29880,2022,21780,2021,,
4074730,69382,2023,"Vols d'accessoires sur véhicules",Véhicule,50,1.6733601,diff,29880,2022,21780,2021,,
4074731,69382,2023,"Destructions et dégradations volontaires",Infraction,608,20.3480589,diff,29880,2022,21780,2021,,
4074732,69382,2023,"Usage de stupéfiants","Mis en cause",509,17.0348059,diff,29880,2022,21780,2021,,
4074733,69382,2023,"Usage de stupéfiants (AFD)","Mis en cause",405,13.5542169,diff,29880,2022,21780,2021,,
4074734,69382,2023,"Trafic de stupéfiants","Mis en cause",33,1.1044177,diff,29880,2022,21780,2021,,
4074735,69382,2023,"Escroqueries et fraudes aux moyens de paiement",Victime,305,10.2074967,diff,29880,2022,21780,2021,,
4074736,69383,2023,"Violences physiques intrafamiliales",Victime,295,2.9057455,diff,101523,2022,62111,2021,,
4074737,69383,2023,"Violences physiques hors cadre familial",Victime,546,5.3780917,diff,101523,2022,62111,2021,,
4074738,69383,2023,"Violences sexuelles",Victime,208,2.0487968,diff,101523,2022,62111,2021,,
4074739,69383,2023,"Vols avec armes",Infraction,25,0.2462496,diff,101523,2022,62111,2021,,
4074740,69383,2023,"Vols violents sans arme",Infraction,379,3.7331442,diff,101523,2022,62111,2021,,
4074741,69383,2023,"Vols sans violence contre des personnes","Victime entendue",4575,45.0636802,diff,101523,2022,62111,2021,,
4074742,69383,2023,"Cambriolages de logement",Infraction,502,8.0823599,diff,101523,2022,62111,2021,,
4074743,69383,2023,"Vols de véhicule",Véhicule,444,4.3733932,diff,101523,2022,62111,2021,,
4074744,69383,2023,"Vols dans les véhicules",Véhicule,1677,16.5184244,diff,101523,2022,62111,2021,,
4074745,69383,2023,"Vols d'accessoires sur véhicules",Véhicule,193,1.9010471,diff,101523,2022,62111,2021,,
4074746,69383,2023,"Destructions et dégradations volontaires",Infraction,945,9.3082356,diff,101523,2022,62111,2021,,
4074747,69383,2023,"Usage de stupéfiants","Mis en cause",913,8.9930361,diff,101523,2022,62111,2021,,
4074748,69383,2023,"Usage de stupéfiants (AFD)","Mis en cause",749,7.3776386,diff,101523,2022,62111,2021,,
4074749,69383,2023,"Trafic de stupéfiants","Mis en cause",127,1.2509481,diff,101523,2022,62111,2021,,
4074750,69383,2023,"Escroqueries et fraudes aux moyens de paiement",Victime,822,8.0966875,diff,101523,2022,62111,2021,,
4074751,69384,2023,"Violences physiques intrafamiliales",Victime,54,1.5326975,diff,35232,2022,20753,2021,,
4074752,69384,2023,"Violences physiques hors cadre familial",Victime,87,2.469346,diff,35232,2022,20753,2021,,
4074753,69384,2023,"Violences sexuelles",Victime,44,1.2488647,diff,35232,2022,20753,2021,,
4074754,69384,2023,"Vols avec armes",Infraction,5,0.1419164,diff,35232,2022,20753,2021,,
4074755,69384,2023,"Vols violents sans arme",Infraction,27,0.7663488,diff,35232,2022,20753,2021,,
4074756,69384,2023,"Vols sans violence contre des personnes","Victime entendue",550,15.6108084,diff,35232,2022,20753,2021,,
4074757,69384,2023,"Cambriolages de logement",Infraction,104,5.0113234,diff,35232,2022,20753,2021,,
4074758,69384,2023,"Vols de véhicule",Véhicule,150,4.2574932,diff,35232,2022,20753,2021,,
4074759,69384,2023,"Vols dans les véhicules",Véhicule,139,3.945277,diff,35232,2022,20753,2021,,
4074760,69384,2023,"Vols d'accessoires sur véhicules",Véhicule,50,1.4191644,diff,35232,2022,20753,2021,,
4074761,69384,2023,"Destructions et dégradations volontaires",Infraction,262,7.4364214,diff,35232,2022,20753,2021,,
4074762,69384,2023,"Usage de stupéfiants","Mis en cause",83,2.3558129,diff,35232,2022,20753,2021,,
4074763,69384,2023,"Usage de stupéfiants (AFD)","Mis en cause",59,1.674614,diff,35232,2022,20753,2021,,
4074764,69384,2023,"Trafic de stupéfiants","Mis en cause",11,0.3122162,diff,35232,2022,20753,2021,,
4074765,69384,2023,"Escroqueries et fraudes aux moyens de paiement",Victime,247,7.0106721,diff,35232,2022,20753,2021,,
4074766,69385,2023,"Violences physiques intrafamiliales",Victime,96,1.9885246,diff,48277,2022,26036,2021,,
4074767,69385,2023,"Violences physiques hors cadre familial",Victime,158,3.27278,diff,48277,2022,26036,2021,,
4074768,69385,2023,"Violences sexuelles",Victime,59,1.2221141,diff,48277,2022,26036,2021,,
4074769,69385,2023,"Vols avec armes",Infraction,6,0.1242828,diff,48277,2022,26036,2021,,
4074770,69385,2023,"Vols violents sans arme",Infraction,78,1.6156762,diff,48277,2022,26036,2021,,
4074771,69385,2023,"Vols sans violence contre des personnes","Victime entendue",1176,24.3594258,diff,48277,2022,26036,2021,,
4074772,69385,2023,"Cambriolages de logement",Infraction,210,8.0656361,diff,48277,2022,26036,2021,,
4074773,69385,2023,"Vols de véhicule",Véhicule,146,3.0242144,diff,48277,2022,26036,2021,,
4074774,69385,2023,"Vols dans les véhicules",Véhicule,363,7.5191085,diff,48277,2022,26036,2021,,
4074775,69385,2023,"Vols d'accessoires sur véhicules",Véhicule,104,2.1542349,diff,48277,2022,26036,2021,,
4074776,69385,2023,"Destructions et dégradations volontaires",Infraction,336,6.9598359,diff,48277,2022,26036,2021,,
4074777,69385,2023,"Usage de stupéfiants","Mis en cause",108,2.2370901,diff,48277,2022,26036,2021,,
4074778,69385,2023,"Usage de stupéfiants (AFD)","Mis en cause",92,1.9056694,diff,48277,2022,26036,2021,,
4074779,69385,2023,"Trafic de stupéfiants","Mis en cause",9,0.1864242,diff,48277,2022,26036,2021,,
4074780,69385,2023,"Escroqueries et fraudes aux moyens de paiement",Victime,368,7.6226775,diff,48277,2022,26036,2021,,
4074781,69386,2023,"Violences physiques intrafamiliales",Victime,92,1.8139517,diff,50718,2022,31817,2021,,
4074782,69386,2023,"Violences physiques hors cadre familial",Victime,160,3.1546985,diff,50718,2022,31817,2021,,
4074783,69386,2023,"Violences sexuelles",Victime,88,1.7350842,diff,50718,2022,31817,2021,,
4074784,69386,2023,"Vols avec armes",Infraction,11,0.2168855,diff,50718,2022,31817,2021,,
4074785,69386,2023,"Vols violents sans arme",Infraction,174,3.4307347,diff,50718,2022,31817,2021,,
4074786,69386,2023,"Vols sans violence contre des personnes","Victime entendue",1395,27.5050278,diff,50718,2022,31817,2021,,
4074787,69386,2023,"Cambriolages de logement",Infraction,405,12.7290707,diff,50718,2022,31817,2021,,
4074788,69386,2023,"Vols de véhicule",Véhicule,272,5.3629875,diff,50718,2022,31817,2021,,
4074789,69386,2023,"Vols dans les véhicules",Véhicule,1265,24.9418352,diff,50718,2022,31817,2021,,
4074790,69386,2023,"Vols d'accessoires sur véhicules",Véhicule,104,2.050554,diff,50718,2022,31817,2021,,
4074791,69386,2023,"Destructions et dégradations volontaires",Infraction,520,10.2527702,diff,50718,2022,31817,2021,,
4074792,69386,2023,"Usage de stupéfiants","Mis en cause",89,1.7548011,diff,50718,2022,31817,2021,,
4074793,69386,2023,"Usage de stupéfiants (AFD)","Mis en cause",55,1.0844276,diff,50718,2022,31817,2021,,
4074794,69386,2023,"Trafic de stupéfiants","Mis en cause",26,0.5126385,diff,50718,2022,31817,2021,,
4074795,69386,2023,"Escroqueries et fraudes aux moyens de paiement",Victime,396,7.8078789,diff,50718,2022,31817,2021,,
4074796,69387,2023,"Violences physiques intrafamiliales",Victime,224,2.5602633,diff,87491,2022,55008,2021,,
4074797,69387,2023,"Violences physiques hors cadre familial",Victime,458,5.2348242,diff,87491,2022,55008,2021,,
4074798,69387,2023,"Violences sexuelles",Victime,182,2.080214,diff,87491,2022,55008,2021,,
4074799,69387,2023,"Vols avec armes",Infraction,37,0.4229006,diff,87491,2022,55008,2021,,
4074800,69387,2023,"Vols violents sans arme",Infraction,406,4.6404773,diff,87491,2022,55008,2021,,
4074801,69387,2023,"Vols sans violence contre des personnes","Victime entendue",3447,39.3983381,diff,87491,2022,55008,2021,,
4074802,69387,2023,"Cambriolages de logement",Infraction,388,7.0534865,diff,87491,2022,55008,2021,,
4074803,69387,2023,"Vols de véhicule",Véhicule,333,3.8061058,diff,87491,2022,55008,2021,,
4074804,69387,2023,"Vols dans les véhicules",Véhicule,2640,30.1745322,diff,87491,2022,55008,2021,,
4074805,69387,2023,"Vols d'accessoires sur véhicules",Véhicule,390,4.4576014,diff,87491,2022,55008,2021,,
4074806,69387,2023,"Destructions et dégradations volontaires",Infraction,930,10.6296648,diff,87491,2022,55008,2021,,
4074807,69387,2023,"Usage de stupéfiants","Mis en cause",806,9.2123761,diff,87491,2022,55008,2021,,
4074808,69387,2023,"Usage de stupéfiants (AFD)","Mis en cause",517,5.9091792,diff,87491,2022,55008,2021,,
4074809,69387,2023,"Trafic de stupéfiants","Mis en cause",189,2.1602222,diff,87491,2022,55008,2021,,
4074810,69387,2023,"Escroqueries et fraudes aux moyens de paiement",Victime,680,7.772228,diff,87491,2022,55008,2021,,
4074811,69388,2023,"Violences physiques intrafamiliales",Victime,342,4.0256133,diff,84956,2022,49136,2021,,
4074812,69388,2023,"Violences physiques hors cadre familial",Victime,316,3.7195725,diff,84956,2022,49136,2021,,
4074813,69388,2023,"Violences sexuelles",Victime,278,3.2722821,diff,84956,2022,49136,2021,,
4074814,69388,2023,"Vols avec armes",Infraction,23,0.2707284,diff,84956,2022,49136,2021,,
4074815,69388,2023,"Vols violents sans arme",Infraction,187,2.2011394,diff,84956,2022,49136,2021,,
4074816,69388,2023,"Vols sans violence contre des personnes","Victime entendue",1753,20.6342107,diff,84956,2022,49136,2021,,
4074817,69388,2023,"Cambriolages de logement",Infraction,364,7.4080805,diff,84956,2022,49136,2021,,
4074818,69388,2023,"Vols de véhicule",Véhicule,227,2.6719714,diff,84956,2022,49136,2021,,
4074819,69388,2023,"Vols dans les véhicules",Véhicule,997,11.7354866,diff,84956,2022,49136,2021,,
4074820,69388,2023,"Vols d'accessoires sur véhicules",Véhicule,227,2.6719714,diff,84956,2022,49136,2021,,
4074821,69388,2023,"Destructions et dégradations volontaires",Infraction,769,9.0517444,diff,84956,2022,49136,2021,,
4074822,69388,2023,"Usage de stupéfiants","Mis en cause",573,6.7446678,diff,84956,2022,49136,2021,,
4074823,69388,2023,"Usage de stupéfiants (AFD)","Mis en cause",472,5.5558171,diff,84956,2022,49136,2021,,
4074824,69388,2023,"Trafic de stupéfiants","Mis en cause",85,1.0005179,diff,84956,2022,49136,2021,,
4074825,69388,2023,"Escroqueries et fraudes aux moyens de paiement",Victime,720,8.4749753,diff,84956,2022,49136,2021,,
4074826,69389,2023,"Violences physiques intrafamiliales",Victime,224,4.174665,diff,53657,2022,30366,2021,,
4074827,69389,2023,"Violences physiques hors cadre familial",Victime,213,3.9696591,diff,53657,2022,30366,2021,,
4074828,69389,2023,"Violences sexuelles",Victime,80,1.4909518,diff,53657,2022,30366,2021,,
4074829,69389,2023,"Vols avec armes",Infraction,13,0.2422797,diff,53657,2022,30366,2021,,
4074830,69389,2023,"Vols violents sans arme",Infraction,76,1.4164042,diff,53657,2022,30366,2021,,
4074831,69389,2023,"Vols sans violence contre des personnes","Victime entendue",994,18.5250759,diff,53657,2022,30366,2021,,
4074832,69389,2023,"Cambriolages de logement",Infraction,224,7.3767882,diff,53657,2022,30366,2021,,
4074833,69389,2023,"Vols de véhicule",Véhicule,197,3.6714688,diff,53657,2022,30366,2021,,
4074834,69389,2023,"Vols dans les véhicules",Véhicule,475,8.8525262,diff,53657,2022,30366,2021,,
4074835,69389,2023,"Vols d'accessoires sur véhicules",Véhicule,233,4.3423971,diff,53657,2022,30366,2021,,
4074836,69389,2023,"Destructions et dégradations volontaires",Infraction,519,9.6725497,diff,53657,2022,30366,2021,,
4074837,69389,2023,"Usage de stupéfiants","Mis en cause",204,3.8019271,diff,53657,2022,30366,2021,,
4074838,69389,2023,"Usage de stupéfiants (AFD)","Mis en cause",148,2.7582608,diff,53657,2022,30366,2021,,
4074839,69389,2023,"Trafic de stupéfiants","Mis en cause",38,0.7082021,diff,53657,2022,30366,2021,,
4074840,69389,2023,"Escroqueries et fraudes aux moyens de paiement",Victime,357,6.6533723,diff,53657,2022,30366,2021,,
4598506,69381,2024,"Violences physiques intrafamiliales",Victime,66,2.2727273,diff,29040,2022,18784,2021,,
4598507,69381,2024,"Violences physiques hors cadre familial",Victime,222,7.6446281,diff,29040,2022,18784,2021,,
4598508,69381,2024,"Violences sexuelles",Victime,78,2.6859504,diff,29040,2022,18784,2021,,
4598509,69381,2024,"Vols avec armes",Infraction,11,0.3787879,diff,29040,2022,18784,2021,,
4598510,69381,2024,"Vols violents sans arme",Infraction,239,8.2300275,diff,29040,2022,18784,2021,,
4598511,69381,2024,"Vols sans violence contre des personnes","Victime entendue",1685,58.023416,diff,29040,2022,18784,2021,,
4598512,69381,2024,"Cambriolages de logement",Infraction,121,6.4416546,diff,29040,2022,18784,2021,,
4598513,69381,2024,"Vols de véhicule",Véhicule,96,3.3057851,diff,29040,2022,18784,2021,,
4598514,69381,2024,"Vols dans les véhicules",Véhicule,287,9.8829201,diff,29040,2022,18784,2021,,
4598515,69381,2024,"Vols d'accessoires sur véhicules",Véhicule,32,1.1019284,diff,29040,2022,18784,2021,,
4598516,69381,2024,"Destructions et dégradations volontaires",Infraction,366,12.6033058,diff,29040,2022,18784,2021,,
4598517,69381,2024,"Usage de stupéfiants","Mis en cause",264,9.0909091,diff,29040,2022,18784,2021,,
4598518,69381,2024,"Usage de stupéfiants (AFD)","Mis en cause",190,6.5426997,diff,29040,2022,18784,2021,,
4598519,69381,2024,"Trafic de stupéfiants","Mis en cause",31,1.0674931,diff,29040,2022,18784,2021,,
4598520,69381,2024,"Escroqueries et fraudes aux moyens de paiement",Victime,266,9.1597796,diff,29040,2022,18784,2021,,
4598521,69382,2024,"Violences physiques intrafamiliales",Victime,79,2.643909,diff,29880,2022,21780,2021,,
4598522,69382,2024,"Violences physiques hors cadre familial",Victime,349,11.6800535,diff,29880,2022,21780,2021,,
4598523,69382,2024,"Violences sexuelles",Victime,111,3.7148594,diff,29880,2022,21780,2021,,
4598524,69382,2024,"Vols avec armes",Infraction,19,0.6358768,diff,29880,2022,21780,2021,,
4598525,69382,2024,"Vols violents sans arme",Infraction,219,7.3293173,diff,29880,2022,21780,2021,,
4598526,69382,2024,"Vols sans violence contre des personnes","Victime entendue",3278,109.7054886,diff,29880,2022,21780,2021,,
4598527,69382,2024,"Cambriolages de logement",Infraction,160,7.3462251,diff,29880,2022,21780,2021,,
4598528,69382,2024,"Vols de véhicule",Véhicule,136,4.5515395,diff,29880,2022,21780,2021,,
4598529,69382,2024,"Vols dans les véhicules",Véhicule,1532,51.2717537,diff,29880,2022,21780,2021,,
4598530,69382,2024,"Vols d'accessoires sur véhicules",Véhicule,58,1.9410977,diff,29880,2022,21780,2021,,
4598531,69382,2024,"Destructions et dégradations volontaires",Infraction,499,16.7001339,diff,29880,2022,21780,2021,,
4598532,69382,2024,"Usage de stupéfiants","Mis en cause",503,16.8340027,diff,29880,2022,21780,2021,,
4598533,69382,2024,"Usage de stupéfiants (AFD)","Mis en cause",412,13.7884873,diff,29880,2022,21780,2021,,
4598534,69382,2024,"Trafic de stupéfiants","Mis en cause",33,1.1044177,diff,29880,2022,21780,2021,,
4598535,69382,2024,"Escroqueries et fraudes aux moyens de paiement",Victime,344,11.5127175,diff,29880,2022,21780,2021,,
4598536,69383,2024,"Violences physiques intrafamiliales",Victime,295,2.9057455,diff,101523,2022,62111,2021,,
4598537,69383,2024,"Violences physiques hors cadre familial",Victime,498,4.9052924,diff,101523,2022,62111,2021,,
4598538,69383,2024,"Violences sexuelles",Victime,200,1.9699969,diff,101523,2022,62111,2021,,
4598539,69383,2024,"Vols avec armes",Infraction,26,0.2560996,diff,101523,2022,62111,2021,,
4598540,69383,2024,"Vols violents sans arme",Infraction,384,3.7823941,diff,101523,2022,62111,2021,,
4598541,69383,2024,"Vols sans violence contre des personnes","Victime entendue",4251,41.8722851,diff,101523,2022,62111,2021,,
4598542,69383,2024,"Cambriolages de logement",Infraction,507,8.1628615,diff,101523,2022,62111,2021,,
4598543,69383,2024,"Vols de véhicule",Véhicule,384,3.7823941,diff,101523,2022,62111,2021,,
4598544,69383,2024,"Vols dans les véhicules",Véhicule,1767,17.404923,diff,101523,2022,62111,2021,,
4598545,69383,2024,"Vols d'accessoires sur véhicules",Véhicule,224,2.2063966,diff,101523,2022,62111,2021,,
4598546,69383,2024,"Destructions et dégradations volontaires",Infraction,778,7.6632881,diff,101523,2022,62111,2021,,
4598547,69383,2024,"Usage de stupéfiants","Mis en cause",901,8.8748362,diff,101523,2022,62111,2021,,
4598548,69383,2024,"Usage de stupéfiants (AFD)","Mis en cause",759,7.4761384,diff,101523,2022,62111,2021,,
4598549,69383,2024,"Trafic de stupéfiants","Mis en cause",128,1.260798,diff,101523,2022,62111,2021,,
4598550,69383,2024,"Escroqueries et fraudes aux moyens de paiement",Victime,926,9.1210859,diff,101523,2022,62111,2021,,
4598551,69384,2024,"Violences physiques intrafamiliales",Victime,54,1.5326975,diff,35232,2022,20753,2021,,
4598552,69384,2024,"Violences physiques hors cadre familial",Victime,79,2.2422797,diff,35232,2022,20753,2021,,
4598553,69384,2024,"Violences sexuelles",Victime,43,1.2204814,diff,35232,2022,20753,2021,,
4598554,69384,2024,"Vols avec armes",Infraction,5,0.1419164,diff,35232,2022,20753,2021,,
4598555,69384,2024,"Vols violents sans arme",Infraction,27,0.7663488,diff,35232,2022,20753,2021,,
4598556,69384,2024,"Vols sans violence contre des personnes","Victime entendue",511,14.5038601,diff,35232,2022,20753,2021,,
4598557,69384,2024,"Cambriolages de logement",Infraction,105,5.0595092,diff,35232,2022,20753,2021,,
4598558,69384,2024,"Vols de véhicule",Véhicule,130,3.6898274,diff,35232,2022,20753,2021,,
4598559,69384,2024,"Vols dans les véhicules",Véhicule,147,4.1723433,diff,35232,2022,20753,2021,,
4598560,69384,2024,"Vols d'accessoires sur véhicules",Véhicule,58,1.6462307,diff,35232,2022,20753,2021,,
4598561,69384,2024,"Destructions et dégradations volontaires",Infraction,216,6.1307902,diff,35232,2022,20753,2021,,
4598562,69384,2024,"Usage de stupéfiants","Mis en cause",81,2.2990463,diff,35232,2022,20753,2021,,
4598563,69384,2024,"Usage de stupéfiants (AFD)","Mis en cause",60,1.7029973,diff,35232,2022,20753,2021,,
4598564,69384,2024,"Trafic de stupéfiants","Mis en cause",12,0.3405995,diff,35232,2022,20753,2021,,
4598565,69384,2024,"Escroqueries et fraudes aux moyens de paiement",Victime,278,7.890554,diff,35232,2022,20753,2021,,
4598566,69385,2024,"Violences physiques intrafamiliales",Victime,96,1.9885246,diff,48277,2022,26036,2021,,
4598567,69385,2024,"Violences physiques hors cadre familial",Victime,144,2.9827868,diff,48277,2022,26036,2021,,
4598568,69385,2024,"Violences sexuelles",Victime,58,1.2014003,diff,48277,2022,26036,2021,,
4598569,69385,2024,"Vols avec armes",Infraction,6,0.1242828,diff,48277,2022,26036,2021,,
4598570,69385,2024,"Vols violents sans arme",Infraction,81,1.6778176,diff,48277,2022,26036,2021,,
4598571,69385,2024,"Vols sans violence contre des personnes","Victime entendue",1093,22.6401806,diff,48277,2022,26036,2021,,
4598572,69385,2024,"Cambriolages de logement",Infraction,214,8.2192673,diff,48277,2022,26036,2021,,
4598573,69385,2024,"Vols de véhicule",Véhicule,127,2.6306523,diff,48277,2022,26036,2021,,
4598574,69385,2024,"Vols dans les véhicules",Véhicule,383,7.9333844,diff,48277,2022,26036,2021,,
4598575,69385,2024,"Vols d'accessoires sur véhicules",Véhicule,121,2.5063695,diff,48277,2022,26036,2021,,
4598576,69385,2024,"Destructions et dégradations volontaires",Infraction,276,5.7170081,diff,48277,2022,26036,2021,,
4598577,69385,2024,"Usage de stupéfiants","Mis en cause",108,2.2370901,diff,48277,2022,26036,2021,,
4598578,69385,2024,"Usage de stupéfiants (AFD)","Mis en cause",93,1.9263832,diff,48277,2022,26036,2021,,
4598579,69385,2024,"Trafic de stupéfiants","Mis en cause",9,0.1864242,diff,48277,2022,26036,2021,,
4598580,69385,2024,"Escroqueries et fraudes aux moyens de paiement",Victime,415,8.5962259,diff,48277,2022,26036,2021,,
4598581,69386,2024,"Violences physiques intrafamiliales",Victime,92,1.8139517,diff,50718,2022,31817,2021,,
4598582,69386,2024,"Violences physiques hors cadre familial",Victime,146,2.8786624,diff,50718,2022,31817,2021,,
4598583,69386,2024,"Violences sexuelles",Victime,85,1.6759336,diff,50718,2022,31817,2021,,
4598584,69386,2024,"Vols avec armes",Infraction,11,0.2168855,diff,50718,2022,31817,2021,,
4598585,69386,2024,"Vols violents sans arme",Infraction,178,3.5096021,diff,50718,2022,31817,2021,,
4598586,69386,2024,"Vols sans violence contre des personnes","Victime entendue",1294,25.5136244,diff,50718,2022,31817,2021,,
4598587,69386,2024,"Cambriolages de logement",Infraction,410,12.8862197,diff,50718,2022,31817,2021,,
4598588,69386,2024,"Vols de véhicule",Véhicule,235,4.6334635,diff,50718,2022,31817,2021,,
4598589,69386,2024,"Vols dans les véhicules",Véhicule,1332,26.2628653,diff,50718,2022,31817,2021,,
4598590,69386,2024,"Vols d'accessoires sur véhicules",Véhicule,121,2.3857408,diff,50718,2022,31817,2021,,
4598591,69386,2024,"Destructions et dégradations volontaires",Infraction,428,8.4388186,diff,50718,2022,31817,2021,,
4598592,69386,2024,"Usage de stupéfiants","Mis en cause",86,1.6956505,diff,50718,2022,31817,2021,,
4598593,69386,2024,"Usage de stupéfiants (AFD)","Mis en cause",56,1.1041445,diff,50718,2022,31817,2021,,
4598594,69386,2024,"Trafic de stupéfiants","Mis en cause",26,0.5126385,diff,50718,2022,31817,2021,,
4598595,69386,2024,"Escroqueries et fraudes aux moyens de paiement",Victime,447,8.813439,diff,50718,2022,31817,2021,,
4598596,69387,2024,"Violences physiques intrafamiliales",Victime,226,2.5831228,diff,87491,2022,55008,2021,,
4598597,69387,2024,"Violences physiques hors cadre familial",Victime,417,4.7662045,diff,87491,2022,55008,2021,,
4598598,69387,2024,"Violences sexuelles",Victime,175,2.0002057,diff,87491,2022,55008,2021,,
4598599,69387,2024,"Vols avec armes",Infraction,39,0.4457601,diff,87491,2022,55008,2021,,
4598600,69387,2024,"Vols violents sans arme",Infraction,413,4.7204855,diff,87491,2022,55008,2021,,
4598601,69387,2024,"Vols sans violence contre des personnes","Victime entendue",3203,36.6094798,diff,87491,2022,55008,2021,,
4598602,69387,2024,"Cambriolages de logement",Infraction,392,7.1262029,diff,87491,2022,55008,2021,,
4598603,69387,2024,"Vols de véhicule",Véhicule,290,3.3146266,diff,87491,2022,55008,2021,,
4598604,69387,2024,"Vols dans les véhicules",Véhicule,2776,31.7289778,diff,87491,2022,55008,2021,,
4598605,69387,2024,"Vols d'accessoires sur véhicules",Véhicule,453,5.1776754,diff,87491,2022,55008,2021,,
4598606,69387,2024,"Destructions et dégradations volontaires",Infraction,766,8.7551862,diff,87491,2022,55008,2021,,
4598607,69387,2024,"Usage de stupéfiants","Mis en cause",779,8.903773,diff,87491,2022,55008,2021,,
4598608,69387,2024,"Usage de stupéfiants (AFD)","Mis en cause",525,6.0006172,diff,87491,2022,55008,2021,,
4598609,69387,2024,"Trafic de stupéfiants","Mis en cause",192,2.1945114,diff,87491,2022,55008,2021,,
4598610,69387,2024,"Escroqueries et fraudes aux moyens de paiement",Victime,766,8.7551862,diff,87491,2022,55008,2021,,
4598611,69388,2024,"Violences physiques intrafamiliales",Victime,344,4.0491549,diff,84956,2022,49136,2021,,
4598612,69388,2024,"Violences physiques hors cadre familial",Victime,286,3.3664485,diff,84956,2022,49136,2021,,
4598613,69388,2024,"Violences sexuelles",Victime,266,3.1310325,diff,84956,2022,49136,2021,,
4598614,69388,2024,"Vols avec armes",Infraction,22,0.2589576,diff,84956,2022,49136,2021,,
4598615,69388,2024,"Vols violents sans arme",Infraction,189,2.224681,diff,84956,2022,49136,2021,,
4598616,69388,2024,"Vols sans violence contre des personnes","Victime entendue",1628,19.1628608,diff,84956,2022,49136,2021,,
4598617,69388,2024,"Cambriolages de logement",Infraction,367,7.4691361,diff,84956,2022,49136,2021,,
4598618,69388,2024,"Vols de véhicule",Véhicule,198,2.3306182,diff,84956,2022,49136,2021,,
4598619,69388,2024,"Vols dans les véhicules",Véhicule,1050,12.359339,diff,84956,2022,49136,2021,,
4598620,69388,2024,"Vols d'accessoires sur véhicules",Véhicule,265,3.1192617,diff,84956,2022,49136,2021,,
4598621,69388,2024,"Destructions et dégradations volontaires",Infraction,634,7.4626866,diff,84956,2022,49136,2021,,
4598622,69388,2024,"Usage de stupéfiants","Mis en cause",566,6.6622722,diff,84956,2022,49136,2021,,
4598623,69388,2024,"Usage de stupéfiants (AFD)","Mis en cause",478,5.6264419,diff,84956,2022,49136,2021,,
4598624,69388,2024,"Trafic de stupéfiants","Mis en cause",87,1.0240595,diff,84956,2022,49136,2021,,
4598625,69388,2024,"Escroqueries et fraudes aux moyens de paiement",Victime,810,9.5343472,diff,84956,2022,49136,2021,,
4598626,69389,2024,"Violences physiques intrafamiliales",Victime,224,4.174665,diff,53657,2022,30366,2021,,
4598627,69389,2024,"Violences physiques hors cadre familial",Victime,195,3.634195,diff,53657,2022,30366,2021,,
4598628,69389,2024,"Violences sexuelles",Victime,79,1.4723149,diff,53657,2022,30366,2021,,
4598629,69389,2024,"Vols avec armes",Infraction,12,0.2236428,diff,53657,2022,30366,2021,,
4598630,69389,2024,"Vols violents sans arme",Infraction,77,1.4350411,diff,53657,2022,30366,2021,,
4598631,69389,2024,"Vols sans violence contre des personnes","Victime entendue",923,17.2018562,diff,53657,2022,30366,2021,,
4598632,69389,2024,"Cambriolages de logement",Infraction,226,7.4426524,diff,53657,2022,30366,2021,,
4598633,69389,2024,"Vols de véhicule",Véhicule,171,3.1869094,diff,53657,2022,30366,2021,,
4598634,69389,2024,"Vols dans les véhicules",Véhicule,500,9.3184487,diff,53657,2022,30366,2021,,
4598635,69389,2024,"Vols d'accessoires sur véhicules",Véhicule,271,5.0505992,diff,53657,2022,30366,2021,,
4598636,69389,2024,"Destructions et dégradations volontaires",Infraction,427,7.9579552,diff,53657,2022,30366,2021,,
4598637,69389,2024,"Usage de stupéfiants","Mis en cause",197,3.6714688,diff,53657,2022,30366,2021,,
4598638,69389,2024,"Usage de stupéfiants (AFD)","Mis en cause",148,2.7582608,diff,53657,2022,30366,2021,,
4598639,69389,2024,"Trafic de stupéfiants","Mis en cause",38,0.7082021,diff,53657,2022,30366,2021,,
4598640,69389,2024,"Escroqueries et fraudes aux moyens de paiement",Victime,401,7.4733958,diff,53657,2022,30366,2021,,
